1	30	0	7	FC200002	2600.000000	0
4	122	0	7	FC200029	1135.000000	0
7	381	0	7	FC200098	2400.000000	0
9	410	0	7	FC200106	600.000000	0
10	408	0	7	FC200105	1250.000000	0
11	401	0	7	FC200103	480.000000	0
14	422	0	7	FC200109	12000.000000	0
15	90	0	7	FC200021	6000.000000	0
16	423	0	7	FC200110	4275.000000	0
18	426	0	7	FC200112	3500.000000	0
19	441	0	7	FC200115	2000.000000	0
20	455	0	7	FC200119	3900.000000	0
21	193	0	7	FC200045	3780.000000	0
22	347	0	7	FC200091	3900.000000	0
23	457	0	7	FC200121	4200.000000	0
24	278	0	7	FC200067	6000.000000	0
25	321	0	7	FC200079	960.000000	0
26	478	0	7	FC200126	480.000000	0
28	394	0	7	FC200101	6120.000000	0
29	395	0	7	FC200102	23472.000000	0
30	271	0	7	FC200066	400.000000	0
31	121	0	7	FC200028	1545.000000	0
32	402	0	7	FC200104	4800.000000	0
33	587	0	7	FC200150	480.000000	0
34	591	0	7	FC200152	12000.000000	0
36	589	0	7	FC200143	1760.000000	0
38	345	0	7	FC200089	19075.000000	0
41	6	0	7	FC200000	4000.000000	0
42	149	0	7	FC200027	767.000000	0
42	221	0	7	FC200051	100.000000	0
42	348	0	7	FC200092	606.000000	0
42	612	0	7	FC200157	1342.000000	0
44	621	0	7	FC200159	2400.000000	0
46	649	0	7	FC200167	480.000000	0
47	691	0	7	FC200182	1800.000000	0
48	723	0	7	FC200191	2400.000000	0
49	724	0	7	FC200192	18000.000000	0
50	702	0	7	FC200184	1830.000000	0
51	747	0	7	FC200193	792.000000	0
53	758	0	7	FC200197	330.000000	0
54	768	0	7	FC200199	4800.000000	0
55	227	0	7	FC200053	2400.000000	0
56	943	0	7	FC200256	2500.000000	0
57	985	0	7	FC200233	2290.000000	0
58	954	0	7	FC200259	1350.000000	0
59	975	0	7	FC200265	300.000000	0
61	111	0	7	FC200023	1625.010000	0
62	34	0	7	FC200006	520.000000	0
63	38	0	7	FC200010	1500.000000	0
64	35	0	7	FC200007	3960.000000	0
65	160	0	7	FC200038	900.000000	0
67	249	0	7	FC200060	580.000000	0
68	78	0	7	FC200019	2520.000000	0
70	127	0	7	FC200030	4780.000000	0
71	966	0	7	FC200261	2000.000000	0
72	39	0	7	FC200011	3360.000000	0
73	178	0	7	FC200044	3600.000000	0
75	107	0	7	FC200022	108.000000	0
76	176	0	7	FC200043	1800.000000	0
77	220	0	7	FC200050	4800.000000	0
78	233	0	7	FC200055	28800.000000	0
79	235	0	7	FC200056	16800.000000	0
80	239	0	7	FC200057	5000.000000	0
81	308	0	7	FC200077	12000.000000	0
83	358	0	7	FC200094	43.200000	0
82	358	0	7	FC200094	5356.800000	0
84	781	0	7	FC200202	7920.000000	0
85	503	0	7	FC200084	91971.000000	0
86	688	0	7	FC200179	178374.000000	0
87	688	0	7	FC200179	7626.000000	0
88	114	0	7	FC200024	13000.000000	0
89	970	0	7	FC200262	17000.000000	0
90	356	0	7	FC200093	36000.000000	0
91	1004	0	7	FC200271	200.000000	0
92	665	0	7	FC200172	10440.000000	0
93	810	0	7	FC200214	825.000000	0
94	599	0	7	FC200154	4790.000000	0
95	732	0	7	FR200004	-800.000000	0
95	815	0	7	FC200215	1680.000000	0
96	777	0	7	FC200200	6000.000000	0
97	601	0	7	FC200155	2340.000000	0
99	690	0	7	FC200181	3000.000000	0
100	856	0	7	FC200231	6800.000000	0
102	629	0	7	FC200165	10800.000000	0
103	541	0	7	FC200136	7000.000000	0
104	837	0	7	FC200223	3165.000000	0
105	537	0	7	FC200134	8970.000000	0
106	283	0	7	FC200069	825.000000	0
108	448	0	7	FC200117	1200.000000	0
109	447	0	7	FC200116	2410.000000	0
110	265	0	7	FC200063	1980.000000	0
111	1094	0	7	FC200294	650.000000	0
113	574	0	7	FC200148	31995.000000	0
114	626	0	7	FC200163	7280.000000	0
74	1030	0	7	FC200280	4275.000000	0
115	1113	0	7	FC200298	1250.000000	0
118	1123	0	7	FC200300	24360.000000	0
119	49	0	7	FC200013	5850.000000	0
120	24	0	7	FC200001	17520.000000	0
121	117	0	7	FC200025	1800.000000	0
121	150	0	7	FC200037	13400.000000	0
121	295	0	7	FC200074	40000.000000	0
122	1130	0	7	FC200302	2400.000000	0
123	853	0	7	FC200230	4650.000000	0
124	999	0	7	FC200269	5000.000000	0
125	963	0	7	FC200170	1250.000000	0
127	857	0	7	FC200232	5720.000000	0
130	454	0	7	FC200118	129861.010000	0
131	454	0	7	FC200118	11292.350000	0
134	1159	0	7	FC200312	1100.000000	0
135	887	0	7	FC200240	6960.720000	0
136	887	0	7	FC200240	215.280000	0
137	1173	0	7	FC200313	1228.500000	0
138	1026	0	7	FC200278	4000.000000	0
139	1047	0	7	FC200282	16025.000000	0
140	624	0	7	FC200161	14772.000000	0
141	327	0	7	FC200082	3296.000000	0
142	493	0	7	FC200128	6600.000000	0
143	326	0	7	FC200081	112500.000000	0
144	494	0	7	FC200129	78720.000000	0
145	1207	0	7	FC200321	1665.000000	0
146	798	0	7	FC200208	12000.000000	0
147	1210	0	7	FC200322	5000.000000	0
148	1204	0	7	FC200320	218.000000	0
149	826	0	7	FC200219	44030.000000	0
150	1067	0	7	FC200288	1200.000000	0
151	1215	0	7	FC200323	720.000000	0
152	1216	0	7	FC200324	500.000000	0
153	1196	0	7	FC200319	2000.000000	0
154	395	0	7	FC200102	23472.000000	0
155	1231	0	7	FC200329	2730.000000	0
156	950	0	7	FC200257	49200.000000	0
157	1247	0	7	FC200336	1200.000000	0
158	164	0	7	FC200040	2400.000000	0
159	456	0	7	FC200120	2700.000000	0
160	717	0	7	FC200188	1800.000000	0
98	1150	0	7	FC200310	2640.000000	0
161	1151	0	7	FC200311	3100.000000	0
162	1119	0	7	FC200299	950.000000	0
165	1283	0	7	FC200346	2800.000000	0
166	1292	0	7	FC200348	2400.000000	0
167	1295	0	7	FC200349	150.000000	0
168	508	0	7	FC200130	385.000000	0
168	808	0	7	FC200213	1685.000000	0
169	1311	0	7	FC200353	900.000000	0
170	1325	0	7	FC200356	750.000000	0
171	857	0	7	FC200232	18000.000000	0
172	857	0	7	FC200232	18125.000000	0
112	1329	0	7	FC200358	515.000000	0
173	1190	0	7	FC200317	1800.000000	0
174	568	0	7	FC200144	3000.000000	0
175	1362	0	7	FC200368	700.000000	0
176	1356	0	7	FC200365	1110.000000	0
177	1360	0	7	FC200366	1330.000000	0
178	1352	0	7	FC200363	1350.000000	0
179	939	0	7	FC200253	2250.000000	0
180	1376	0	7	FC200373	2000.000000	0
181	1372	0	7	FC200372	1800.000000	0
182	1391	0	7	FC200379	3750.000000	0
183	1389	0	7	FC200378	5400.000000	0
184	1385	0	7	FC200376	210.000000	0
185	1386	0	7	FC200377	210.000000	0
186	346	0	7	FC200090	13460.000000	0
186	571	0	7	FC200145	16130.000000	0
186	824	0	7	FC200217	14880.000000	0
186	1219	0	7	FC200326	5625.000000	0
187	1407	0	7	FC200383	900.000000	0
188	1413	0	7	FC200387	450.000000	0
189	572	0	7	FC200146	11720.000000	0
190	1443	0	7	FC200393	1250.000000	0
191	329	0	7	FC200083	82848.000000	0
192	929	0	7	FC200251	259500.000000	0
193	882	0	7	FC200238	645.000000	0
194	932	0	7	FC200252	4104.000000	0
195	763	0	7	FC200198	26000.000000	0
197	1463	0	7	FC200396	420.000000	0
199	119	0	7	FC200026	7020.000000	0
201	875	0	7	FC200235	4176.000000	0
202	172	0	7	FC200042	2058.000000	0
203	1494	0	7	FC200404	1200.000000	0
204	1514	0	7	FC200410	150.000000	0
205	1523	0	7	FC200413	2400.000000	0
206	1519	0	7	FC200412	6630.000000	0
207	1538	0	7	FC200418	745.000000	0
208	1534	0	7	FC200416	7250.000000	0
209	1342	0	7	FC200361	1120.000000	0
210	1361	0	7	FC200367	1800.000000	0
211	1394	0	7	FC200381	2560.000000	0
212	1282	0	7	FC200345	6790.000000	0
213	1412	0	7	FC200386	10000.000000	0
214	1412	0	7	FC200386	11810.000000	0
215	1000	0	7	FC200270	3600.000000	0
216	1579	0	7	FC200433	1585.000000	0
217	1580	0	7	FC200434	750.000000	0
218	658	0	7	FC200171	43014.000000	0
219	1008	0	7	FC200250	133072.800000	0
220	927	0	7	FC200249	790788.000000	0
221	1605	0	7	FC200442	1250.000000	0
222	895	0	7	FC200243	33600.000000	0
223	468	0	7	FC200124	10349.600000	0
223	553	0	7	FC200140	1520.000000	0
223	559	0	7	FC200142	2450.000000	0
223	619	0	7	FC200158	2000.000000	0
223	652	0	7	FC200168	4548.200000	0
60	974	0	7	FC200264	1320.000000	0
224	1367	0	7	FC200370	760.000000	0
224	1555	0	7	FC200429	765.000000	0
225	1628	0	7	FC200451	5160.000000	0
226	753	0	7	FC200195	1778.000000	0
226	973	0	7	FC200263	650.000000	0
226	1184	0	7	FC200315	300.000000	0
227	1627	0	7	FC200450	1100.000000	0
228	1510	0	7	FC200409	3600.000000	0
229	1509	0	7	FC200408	10340.000000	0
230	1304	0	7	FC200351	1250.000000	0
231	1680	0	7	FC200466	13440.000000	0
232	1682	0	7	FC200467	4200.000000	0
234	625	0	7	FC200162	15360.000000	0
235	1025	0	7	FC200277	6600.000000	0
236	1022	0	7	FC200276	19260.000000	0
200	83	0	7	FC200016	3440.000000	0
200	85	0	7	FC200017	24380.000000	0
239	627	0	7	FC200164	49.940000	0
238	627	0	7	FC200164	4111.660000	0
240	888	0	7	FC200241	1350.000000	0
241	913	0	7	FC200245	54180.000000	0
242	876	0	7	FC200236	21240.000000	0
243	259	0	7	FC200062	4183.700000	0
244	259	0	7	FC200062	53.010000	0
245	195	0	7	FC200046	420.000000	0
246	1762	0	7	FC200485	750.000000	0
247	1778	0	7	FC200490	408.000000	0
248	1790	0	7	FC200493	3750.000000	0
249	1546	0	7	FC200420	720.000000	0
250	1431	0	7	FC200389	5457.600000	0
233	1658	0	7	FC200457	570.000000	0
251	1797	0	7	FC200497	960.000000	0
252	343	0	7	FC200087	28798.400000	0
253	742	0	7	FC200147	22204.620000	0
256	1805	0	7	FC200499	15000.000000	0
255	1805	0	7	FC200499	15000.000000	0
254	1805	0	7	FC200499	5000.000000	0
257	1826	0	7	FC200504	750.000000	0
258	1831	0	7	FC200506	450.000000	0
259	145	0	7	FC200036	2160.000000	0
259	250	0	7	FC200061	2200.000000	0
260	1695	0	7	FC200469	3000.000000	0
101	1504	0	7	FC200407	2050.000000	0
261	1745	0	7	FC200479	9200.000000	0
262	1688	0	7	FC200468	900.000000	0
263	1578	0	7	FC200432	6820.000000	0
264	1597	0	7	FC200439	7620.000000	0
265	1530	0	7	FC200415	2200.000000	0
266	1547	0	7	FC200421	1800.000000	0
267	128	0	7	FC200031	9400.000000	0
268	1610	0	7	FC200445	2800.000000	0
269	1852	0	7	FC200512	1500.000000	0
270	1864	0	7	FC200514	2400.000000	0
271	1876	0	7	FC200518	1500.000000	0
237	312	0	7	FC200078	10000.000000	0
237	477	0	7	FC200111	4250.000000	0
272	1896	0	7	FC200532	150.000000	0
273	1930	0	7	FC200546	6005.000000	0
274	1949	0	7	FC200552	2400.000000	0
275	1939	0	7	FC200548	1200.000000	0
276	344	0	7	FC200088	19980.000000	0
277	1355	0	7	FC200364	720.000000	0
277	1492	0	7	FC200402	2880.000000	0
278	1503	0	7	FC200406	2000.000000	0
278	1998	0	7	FC200564	1520.000000	0
279	1996	0	7	FC200563	2600.000000	0
280	1013	0	7	FC200096	34680.000000	0
281	1435	0	7	FC200391	700.000000	0
282	995	0	7	FC200268	1250.000000	0
198	269	0	7	FC200065	6000.000000	0
198	224	0	7	FC200052	3792.000000	0
198	379	0	7	FC200097	1920.000000	0
198	609	0	7	FC200156	2876.000000	0
198	1227	0	7	FC200331	2500.000000	0
198	1234	0	7	FC200332	12000.000000	0
198	1323	0	7	FC200355	2775.000000	0
283	851	0	7	FC200229	1250.000000	0
284	885	0	7	FC200239	743.150000	0
285	885	0	7	FC200239	12.850000	0
286	469	0	7	FC200125	6931.800000	0
287	469	0	7	FC200125	25.200000	0
288	1943	0	7	FC200551	7200.000000	0
289	2020	0	7	FC200574	2000.000000	0
290	2047	0	7	FC200579	320.000000	0
291	2078	0	7	FC200588	960.000000	0
292	2075	0	7	FC200587	720.000000	0
293	2089	0	7	FC200591	2500.000000	0
294	2072	0	7	FC200585	2448.000000	0
295	2073	0	7	FC200586	850.000000	0
296	1052	0	7	FC200284	9790.000000	0
297	1307	0	7	FC200352	2195.000000	0
297	1891	0	7	FC200527	1095.000000	0
298	2141	0	7	FC200604	1250.000000	0
299	2138	0	7	FC200601	2000.000000	0
300	2150	0	7	FC200612	3800.000000	0
301	2153	0	7	FC200615	2100.000000	0
302	2154	0	7	FC200616	900.000000	0
303	2133	0	7	FC200596	976.000000	0
304	2136	0	7	FC200599	2700.000000	0
305	2137	0	7	FC200600	1500.000000	0
306	2142	0	7	FC200605	150.000000	0
307	2163	0	7	FC200618	1280.000000	0
308	1892	0	7	FC200528	380.000000	0
308	1911	0	7	FC200537	192.000000	0
308	2187	0	7	FC200628	800.000000	0
309	2018	0	7	FC200573	1500.000000	0
310	1874	0	7	FC200517	1105.000000	0
310	1875	0	7	FR200013	-280.000000	0
311	1803	0	7	FC200498	2805.000000	0
312	1987	0	7	FC200562	5680.000000	0
313	2009	0	7	FC200571	2400.000000	0
315	2011	0	7	FC200572	6250.000000	0
316	2022	0	7	FC200569	13250.000000	0
317	2034	0	7	FC200576	2500.000000	0
318	897	0	7	FC200244	12760.000000	0
319	1221	0	7	FC200328	9750.000000	0
320	2179	0	7	FC200625	1622.500000	0
321	2207	0	7	FC200633	2500.000000	0
322	2227	0	7	FC200640	2400.000000	0
323	1218	0	7	FC200325	10155.000000	0
324	1552	0	7	FC200426	12560.000000	0
325	2069	0	7	FC200584	2616.000000	0
326	2144	0	7	FC200607	1440.000000	0
326	2236	0	7	FC200643	2160.000000	0
327	2240	0	7	FC200645	150.000000	0
328	163	0	7	FC200039	6400.000000	0
328	281	0	7	FC200068	125.000000	0
328	340	0	7	FC200085	6000.000000	0
328	418	0	7	FC200108	1250.000000	0
328	638	0	7	FC200166	17200.000000	0
328	1326	0	7	FC200357	1500.000000	0
329	2272	0	7	FC200654	2100.000000	0
331	1174	0	7	FC200314	1250.000000	0
332	2283	0	7	FC200657	8000.000000	0
332	2285	0	7	FC200658	8000.000000	0
333	2293	0	7	FC200659	4400.000000	0
334	652	0	7	FC200168	0.600000	0
335	2185	0	7	FC200627	125.000000	0
336	2340	0	7	FC200673	12000.000000	0
338	499	0	7	FC200012	152860.000000	0
339	877	0	7	FC200237	7200.000000	0
340	937	0	7	FC200254	393369.600000	0
341	1585	0	7	FC200436	9630.000000	0
342	2365	0	7	FC200684	2500.000000	0
343	807	0	7	FC200212	500.000000	0
344	2357	0	7	FC200681	12580.000000	0
345	2372	0	7	FC200685	2250.000000	0
346	2379	0	7	FC200688	660.000000	0
347	1409	0	7	FC200384	4190.000000	0
348	1369	0	7	FC200371	54860.000000	0
349	2166	0	7	FC200619	3040.000000	0
350	2008	0	7	FC200570	12000.000000	0
351	2167	0	7	FC200620	3840.000000	0
352	2066	0	7	FC200583	3600.000000	0
353	2151	0	7	FC200613	3340.000000	0
354	2399	0	7	FC200692	8000.000000	0
355	2135	0	7	FC200598	2040.000000	0
356	2143	0	7	FC200606	3000.000000	0
357	2065	0	7	FC200582	1440.000000	0
358	2053	0	7	FC200581	4400.000000	0
359	1780	0	7	FC200491	3000.000000	0
360	2085	0	7	FC200589	6900.000000	0
360	2086	0	7	FC200590	13600.000000	0
361	2445	0	7	FC200706	2700.000000	0
362	1053	0	7	FC200285	3430.000000	0
362	1881	0	7	FC200522	4930.000000	0
362	2171	0	7	FC200624	4104.000000	0
363	2469	0	7	FC200714	2400.000000	0
364	2422	0	7	FC200699	7350.000000	0
365	2422	0	7	FC200699	7350.000000	0
366	1244	0	7	FC200335	10029.800000	0
367	2548	0	7	FC200737	420.000000	0
368	2537	0	7	FC200733	530.000000	0
369	2499	0	7	FC200720	1200.000000	0
370	2551	0	7	FC200739	3840.000000	0
370	2552	0	7	FC200740	1900.000000	0
371	2555	0	7	FC200741	4940.000000	0
372	2347	0	7	FC200676	1680.000000	0
330	171	0	7	FC200041	11250.000000	0
330	285	0	7	FC200070	19000.000000	0
330	511	0	7	FC200131	4500.000000	0
330	513	0	7	FC200132	14960.000000	0
330	517	0	7	FC200133	36000.000000	0
330	705	0	7	FC200185	1400.000000	0
330	707	0	7	FC200186	6000.000000	0
330	834	0	7	FC200222	44700.000000	0
330	891	0	7	FC200242	14700.000000	0
330	921	0	7	FC200247	8600.000000	0
330	925	0	7	FC200248	33200.000000	0
330	1045	0	7	FC200281	14256.000000	0
330	1075	0	7	FC200289	44100.000000	0
330	1088	0	7	FC200293	20175.000000	0
330	1105	0	7	FC200296	14960.000000	0
373	2598	0	7	FC200754	750.000000	0
374	2623	0	7	FC200763	1365.000000	0
375	2455	0	7	FC200709	1480.000000	0
314	2350	0	7	FC200678	2400.000000	0
376	2433	0	7	FC200700	6720.000000	0
377	2245	0	7	FC200647	2300.000000	0
378	2282	0	7	FC200656	8340.000000	0
379	2313	0	7	FC200667	6080.000000	0
380	2364	0	7	FC200683	2500.000000	0
381	2414	0	7	FC200696	2520.000000	0
381	2488	0	7	FC200710	7700.000000	0
382	2431	0	7	FC200702	1200.000000	0
383	2631	0	7	FC200765	1250.000000	0
384	1820	0	7	FC200503	114000.000000	0
385	2642	0	7	FC200768	12000.000000	0
386	2644	0	7	FC200769	2400.000000	0
387	1670	0	7	FC200465	3500.000000	0
388	2533	0	7	FC200731	12500.000000	0
389	1055	0	7	FC200287	2250.000000	0
389	1097	0	7	FC200295	1048.800000	0
389	1128	0	7	FC200301	2580.000000	0
389	1147	0	7	FC200309	750.000000	0
389	1489	0	7	FC200403	35700.000000	0
389	1524	0	7	FC200414	7796.000000	0
390	392	0	7	FC200100	11800.000000	0
390	556	0	7	FC200141	29800.000000	0
391	2652	0	7	FC200772	720.000000	0
392	546	0	7	FC200137	1255.000000	0
393	2667	0	7	FC200777	1250.000000	0
394	2672	0	7	FC200780	2400.000000	0
395	670	0	7	FC200173	2300.000000	0
395	672	0	7	FC200174	24350.000000	0
395	676	0	7	FC200176	2000.000000	0
395	678	0	7	FC200177	200.000000	0
395	680	0	7	FC200178	2300.000000	0
395	789	0	7	FC200205	34150.000000	0
396	1135	0	7	FC200304	7500.000000	0
396	1137	0	7	FC200305	900.000000	0
396	1139	0	7	FC200306	1560.000000	0
396	1141	0	7	FC200307	13720.000000	0
397	2690	0	7	FC200791	3360.000000	0
398	2527	0	7	FC200728	104160.000000	0
399	63	0	7	FC200018	975.000000	0
399	143	0	7	FC200034	10000.000000	0
400	791	0	7	FC200206	2490.000000	0
400	1266	0	7	FC200340	2900.000000	0
401	2714	0	7	FC200800	2200.000000	0
402	2701	0	7	FC200792	11040.000000	0
403	1223	0	7	FC200330	2950.000000	0
403	1495	0	7	FC200405	1950.000000	0
404	1796	0	7	FC200496	4800.000000	0
405	2214	0	7	FC200635	2280.000000	0
406	2341	0	7	FC200674	3720.000000	0
407	2570	0	7	FC200748	3980.000000	0
408	2596	0	7	FC200753	2260.000000	0
409	2489	0	7	FC200717	1140.000000	0
410	2544	0	7	FC200735	2350.000000	0
411	2620	0	7	FC200762	6000.000000	0
412	2239	0	7	FC200644	2925.000000	0
413	623	0	7	FC200160	1320.000000	0
414	1608	0	7	FC200444	2967.000000	0
414	2418	0	7	FC200697	1970.000000	0
414	2604	0	7	FC200755	400.000000	0
415	2736	0	7	FC200809	30000.000000	0
416	2796	0	7	FC200828	2700.000000	0
417	454	0	7	FC200118	15.300000	0
418	876	0	7	FC200236	60.000000	0
419	1835	0	7	FC200508	71712.000000	0
420	2736	0	7	FC200809	20000.000000	0
421	2736	0	7	FC200809	20000.000000	0
422	2355	0	7	FC200680	27000.000000	0
423	952	0	7	FC200258	8820.000000	0
424	1834	0	7	FC200507	36000.000000	0
425	2807	0	7	FC200832	360.000000	0
426	1272	0	7	FC200343	50000.000000	0
427	2729	0	7	FC200805	3360.000000	0
428	2827	0	7	FC200834	2440.000000	0
429	1261	0	7	FC200339	4600.000000	0
429	1264	0	7	FC200341	2870.000000	0
429	1747	0	7	FC200480	15050.000000	0
429	1749	0	7	FC200481	9200.000000	0
430	2733	0	7	FC200807	380.000000	0
431	2683	0	7	FC200784	560.000000	0
432	2556	0	7	FC200742	360.000000	0
433	2636	0	7	FC200767	3480.000000	0
434	2431	0	7	FC200702	600.000000	0
435	2889	0	7	FC200853	67200.000000	0
436	825	0	7	FC200218	62842.000000	0
437	1054	0	7	FC200286	9552.600000	0
438	1220	0	7	FC200327	29466.000000	0
439	2900	0	7	FC200858	450.000000	0
440	2912	0	7	FC200862	1920.000000	0
441	1549	0	7	FC200423	19840.000000	0
441	1878	0	7	FC200519	18230.000000	0
441	2169	0	7	FC200622	11440.000000	0
443	2932	0	7	FC200864	1590.000000	0
444	2949	0	7	FC200869	5670.000000	0
445	2343	0	7	FC200675	5400.000000	0
446	1735	0	7	FC200475	2728.800000	0
447	2960	0	7	FC200871	10625.000000	0
448	2251	0	7	FC200648	72000.000000	0
449	1982	0	7	FC200561	33300.000000	0
450	2995	0	7	FC200883	2400.000000	0
451	2997	0	7	FC200884	2400.000000	0
452	2998	0	7	FC200885	5000.000000	0
453	3019	0	7	FC200893	3000.000000	0
454	3036	0	7	FC200897	1200.000000	0
455	3049	0	7	FC200904	1800.000000	0
456	3046	0	7	FC200903	2400.000000	0
457	2873	0	7	FC200851	25000.000000	0
458	2890	0	7	FC200854	13440.000000	0
459	2786	0	7	FC200825	720.000000	0
460	1600	0	7	FC200441	15014.520000	0
461	1600	0	7	FC200441	1095.480000	0
462	2046	0	7	FC200545	6180.000000	0
463	2045	0	7	FC200539	4944.000000	0
464	2689	0	7	FC200790	81360.000000	0
465	2493	0	7	FC200655	167070.000000	0
466	1879	0	7	FC200520	21300.000000	0
467	2170	0	7	FC200623	14515.000000	0
468	2687	0	7	FC200788	28097.000000	0
469	1706	0	7	FC200471	2928.080000	0
470	3002	0	7	FC200886	3800.000000	0
471	2851	0	7	FC200843	22500.000000	0
472	3059	0	7	FC200906	2500.000000	0
473	3086	0	7	FC200918	1200.000000	0
474	1079	0	7	FC200033	3456.000000	0
474	1086	0	7	FC200292	864.000000	0
474	1297	0	7	FC200350	8640.000000	0
474	1338	0	7	FC200360	18000.000000	0
474	1474	0	7	FC200401	18900.000000	0
475	2492	0	7	FC200719	1392000.000000	0
476	3072	0	7	FC200749	1392000.000000	0
477	1835	0	7	FC200508	288.000000	0
478	2831	0	7	FC200838	200.000000	0
479	626	0	7	FC200163	0.400000	0
480	778	0	7	FC200201	12000.000000	0
481	3091	0	7	FC200919	5600.000000	0
482	3117	0	7	FC200926	1248.000000	0
483	3075	0	7	FC200910	720.000000	0
484	1393	0	7	FC200380	1250.000000	0
484	1593	0	7	FC200438	1250.000000	0
484	1619	0	7	FC200448	1250.000000	0
484	1846	0	7	FC200510	480.000000	0
484	1924	0	7	FC200542	2500.000000	0
484	1428	0	7	FR200011	-400.000000	0
484	1429	0	7	FR200012	-850.000000	0
484	2067	0	7	FR200017	-480.000000	0
485	2131	0	7	FC200594	5840.000000	0
485	2217	0	7	FC200638	700.000000	0
486	1237	0	7	FC200333	2500.000000	0
486	1432	0	7	FC200390	2500.000000	0
486	1636	0	7	FC200454	2500.000000	0
486	1772	0	7	FC200488	5000.000000	0
487	2001	0	7	FC200566	2250.000000	0
488	3122	0	7	FC200928	31200.000000	0
489	1592	0	7	FC200437	958.000000	0
489	1847	0	7	FC200511	5700.000000	0
490	3061	0	7	FC200907	120195.000000	0
491	2180	0	7	FC200626	19600.000000	0
492	3004	0	7	FC200888	87120.000000	0
493	3191	0	7	FC200947	2600.000000	0
494	3179	0	7	FC200944	12500.000000	0
495	144	0	7	FC200035	6340.000000	0
496	3176	0	7	FC200943	2700.000000	0
497	3131	0	7	FC200931	3360.000000	0
498	3216	0	7	FC200955	1450.000000	0
499	821	0	7	FC200216	1200.000000	0
500	2987	0	7	FC200877	5960.000000	0
501	2898	0	7	FC200857	270.000000	0
502	3166	0	7	FC200939	126915.000000	0
502	3258	0	7	FC200965	104.000000	0
503	3275	0	7	FC200971	7990.000000	0
504	2670	0	7	FC200779	4500.000000	0
505	3082	0	7	FC200915	16525.000000	0
506	2968	0	7	FC200873	3800.000000	0
507	1663	0	7	FC200461	9400.000000	0
508	2891	0	7	FC200855	2520.000000	0
509	2967	0	7	FC200872	500.000000	0
510	2635	0	7	FC200766	6960.000000	0
511	2710	0	7	FC200797	8700.000000	0
512	2684	0	7	FC200785	2400.000000	0
513	2712	0	7	FC200798	1350.000000	0
514	2315	0	7	FC200669	2800.000000	0
515	2540	0	7	FC200734	1440.000000	0
516	1842	0	7	FC200509	168000.000000	0
517	2837	0	7	FC200839	1800.000000	0
518	2958	0	7	FC200870	1819.200000	0
519	3316	0	7	FC200980	7200.000000	0
520	3317	0	7	FC200981	2500.000000	0
521	3327	0	7	FC200985	2500.000000	0
522	3357	0	7	FC200997	2000.000000	0
523	1551	0	7	FC200425	25662.080000	0
523	1880	0	7	FC200521	13823.080000	0
524	3351	0	7	FC200992	15540.000000	0
525	3358	0	7	FC200998	4340.000000	0
526	2910	0	7	FC200861	680.000000	0
527	2869	0	7	FC200849	51600.000000	0
528	698	0	7	FC200183	4800.000000	0
529	1133	0	7	FC200303	13400.000000	0
529	1257	0	7	FC200338	6000.000000	0
529	1276	0	7	FC200344	1600.000000	0
530	1553	0	7	FC200427	3400.000000	0
530	1784	0	7	FC200492	980.000000	0
530	1887	0	7	FC200523	440.000000	0
530	1888	0	7	FC200524	2040.000000	0
530	1889	0	7	FC200525	4380.000000	0
530	1922	0	7	FR200014	-1700.000000	0
530	1923	0	7	FR200015	-2040.000000	0
531	1942	0	7	FC200550	2200.000000	0
531	2152	0	7	FC200614	4600.000000	0
532	2302	0	7	FC200661	11000.000000	0
532	2491	0	7	FC200718	2400.000000	0
532	2616	0	7	FC200760	3600.000000	0
533	3345	0	7	FC200990	3360.000000	0
534	2818	0	7	FC200721	67200.000000	0
534	2820	0	7	FC200751	7000.010000	0
535	2145	0	7	FC200608	1040.000000	0
535	2402	0	7	FC200693	400.000000	0
536	1554	0	7	FC200428	28900.000000	0
537	2993	0	7	FC200882	2598.000000	0
538	3373	0	7	FC201003	3500.000000	0
539	3426	0	7	FC201020	2400.000000	0
540	2860	0	7	FC200846	425.000000	0
540	3420	0	7	FC201019	750.000000	0
541	3427	0	7	FC201021	900.000000	0
542	362	0	7	FC200095	4800.000000	0
542	1051	0	7	FC200283	3375.000000	0
542	1189	0	7	FC200316	3135.000000	0
543	3450	0	7	FC201032	3360.000000	0
544	290	0	7	FC200071	1237620.000000	0
545	3169	0	7	FC200941	20160.000000	0
546	3084	0	7	FC200917	630.000000	0
547	3081	0	7	FC200914	1400.000000	0
548	3014	0	7	FC200891	260.000000	0
107	266	0	7	FC200064	1040.000000	0
549	2734	0	7	FC200808	6720.000000	0
550	3162	0	7	FC200938	3800.000000	0
551	3161	0	7	FC200937	6250.000000	0
552	2936	0	7	FC200865	2825.000000	0
553	3270	0	7	FC200970	2400.000000	0
554	3110	0	7	FC200923	2280.000000	0
555	3170	0	7	FC200942	30240.000000	0
556	3111	0	7	FC200924	3800.000000	0
557	2970	0	7	FC200874	2925.000000	0
558	3083	0	7	FC200916	1200.000000	0
559	3013	0	7	FC200890	8340.000000	0
560	3473	0	7	FC201036	1630.000000	0
561	3475	0	7	FC201037	20937.000000	0
562	31	0	7	FC200003	450.000000	0
562	228	0	7	FC200054	4800.000000	0
562	292	0	7	FC200073	890.000000	0
562	438	0	7	FC200114	5550.000000	0
562	720	0	7	FC200189	4800.000000	0
563	1011	0	7	FC200275	4050.000000	0
563	1016	0	7	FR200006	-250.000000	0
563	1145	0	7	FC200308	890.000000	0
563	1381	0	7	FC200375	3975.000000	0
563	1606	0	7	FC200443	6050.000000	0
563	1893	0	7	FC200529	6810.000000	0
564	2838	0	7	FC200840	105600.000000	0
564	3463	0	7	FC201033	94400.000000	0
565	3463	0	7	FC201033	328000.000000	0
566	2565	0	7	FC200746	2500.000000	0
567	1468	0	7	FC200398	1890.000000	0
567	1470	0	7	FC200399	324.000000	0
567	1472	0	7	FC200400	3256.000000	0
567	1616	0	7	FC200446	7182.000000	0
567	1941	0	7	FC200549	5000.000000	0
567	2028	0	7	FC200575	3120.000000	0
567	2052	0	7	FC200580	3792.000000	0
567	2130	0	7	FC200593	2736.000000	0
567	2139	0	7	FC200602	1440.000000	0
567	2327	0	7	FC200671	2750.000000	0
567	2381	0	7	FC200689	2400.000000	0
567	2443	0	7	FC200705	7450.000000	0
568	749	0	7	FC200194	652.000000	0
569	1753	0	7	FC200482	1250.000000	0
569	1817	0	7	FC200502	9914.400000	0
570	3149	0	7	FC200935	950.000000	0
571	3291	0	7	FC200975	1030.000000	0
572	2666	0	7	FC200776	1550.000000	0
572	3367	0	7	FC201001	1240.000000	0
573	2041	0	7	FC200578	456.000000	0
574	694	0	7	FC200180	3750.000000	0
574	1548	0	7	FC200422	1960.000000	0
574	1744	0	7	FC200478	1960.000000	0
575	3525	0	7	FC201050	1440.000000	0
454	2003	0	7	FC200567	1250.000000	0
454	2140	0	7	FC200603	2400.000000	0
576	2688	0	7	FC200789	74156.000000	0
577	3398	0	7	FC201015	4500.000000	0
578	3399	0	7	FC201016	27200.000000	0
579	3319	0	7	FC200982	1500.000000	0
580	3430	0	7	FC201023	1600.000000	0
581	3447	0	7	FC201030	3600.000000	0
582	3352	0	7	FC200993	3400.000000	0
583	3353	0	7	FC200994	2460.000000	0
584	3320	0	7	FC200983	3280.000000	0
585	3268	0	7	FC200968	2500.000000	0
586	37	0	7	FC200009	1440.000000	0
586	247	0	7	FC200058	3680.000000	0
586	248	0	7	FC200059	4100.000000	0
586	291	0	7	FC200072	2880.000000	0
587	918	0	7	FC200246	14000.000000	0
588	3489	0	7	FC201040	2520.000000	0
589	1937	0	7	FC200547	7800.000000	0
590	802	0	7	FC200210	2280.000000	0
591	800	0	7	FC200209	2280.000000	0
592	2753	0	7	FC200816	6720.000000	0
593	3185	0	7	FC200946	6156.000000	0
593	3359	0	7	FC200999	5630.000000	0
593	3360	0	7	FC201000	1900.000000	0
594	2200	0	7	FC200631	4500.000000	0
595	539	0	7	FC200135	650.000000	0
596	415	0	7	FC200107	10956.000000	0
597	3554	0	7	FC201060	1250.000000	0
598	804	0	7	FC200211	2925.250000	0
598	1961	0	7	FC200555	1456.000000	0
598	2336	0	7	FC200668	1412.000000	0
598	2715	0	7	FC200801	3602.000000	0
598	3392	0	7	FC201011	1968.000000	0
598	3522	0	7	FC201049	1150.000000	0
599	2528	0	7	FC200729	1040.000000	0
600	3582	0	7	FC201067	2400.000000	0
601	3284	0	7	FC200973	7200.000000	0
602	3584	0	7	FC201068	3638.400000	0
604	3389	0	7	FC201009	500.000000	0
605	1894	0	7	FC200530	3600.000000	0
605	1895	0	7	FC200531	1514.400000	0
605	1921	0	7	FC200541	8000.000000	0
605	2215	0	7	FC200636	600.000000	0
605	2241	0	7	FC200646	10000.000000	0
605	2312	0	7	FC200666	11000.000000	0
605	2513	0	7	FC200723	360.000000	0
605	2558	0	7	FC200743	5000.000000	0
605	2716	0	7	FC200802	6048.800000	0
605	3037	0	7	FC200898	760.000000	0
606	1437	0	7	FC200392	12600.000000	0
606	1567	0	7	FC200431	12300.000000	0
606	1598	0	7	FC200440	2000.000000	0
606	2235	0	7	FC200642	4080.000000	0
606	2395	0	7	FC200691	7750.000000	0
607	3613	0	7	FC201076	7500.000000	0
607	2560	0	7	FR200019	-1250.000000	0
607	2523	0	7	FC200727	1250.000000	0
608	3606	0	7	FC201075	12000.000000	0
609	3622	0	7	FC201018	3816.000000	0
610	3646	0	7	FC201084	5100.000000	0
129	210	0	7	FC200049	9600.000000	0
611	3644	0	7	FC200786	232840.200000	0
612	342	0	7	FC200086	3480.000000	0
612	551	0	7	FC200139	1800.000000	0
613	783	0	7	FC200203	6210.000000	0
614	1110	0	7	FC200297	4500.000000	0
615	1239	0	7	FC200334	1800.000000	0
615	1456	0	7	FC200394	3024.000000	0
616	1629	0	7	FC200452	4050.000000	0
616	1666	0	7	FC200464	1800.000000	0
616	1795	0	7	FC200495	1800.000000	0
617	2035	0	7	FC200577	1800.000000	0
618	1457	0	7	FC200395	936.000000	0
618	2411	0	7	FC200695	420.000000	0
619	3666	0	7	FC201090	2500.000000	0
620	2190	0	7	FC200630	400.000000	0
620	2654	0	7	FC200773	1800.000000	0
620	2804	0	7	FC200831	8400.000000	0
620	3526	0	7	FC201051	800.000000	0
621	867	0	7	FC200234	4160.000000	0
621	989	0	7	FR200005	-150.000000	0
621	1005	0	7	FC200272	2400.000000	0
621	1028	0	7	FC200279	1875.000000	0
621	1343	0	7	FC200362	2195.000000	0
621	2000	0	7	FC200565	11140.000000	0
621	2068	0	7	FR200018	-1950.000000	0
622	1743	0	7	FC200477	6750.000000	0
622	1925	0	7	FC200543	4000.000000	0
622	1952	0	7	FC200553	7500.000000	0
623	2709	0	7	FC200796	2205.000000	0
624	2134	0	7	FC200597	2500.000000	0
625	2268	0	7	FC200651	1200.000000	0
625	2270	0	7	FC200652	31300.000000	0
625	2440	0	7	FC200704	2500.000000	0
625	2583	0	7	FC200750	7500.000000	0
625	2606	0	7	FC200756	11100.000000	0
626	2564	0	7	FC200745	486000.000000	0
627	3646	0	7	FC201084	2250.000000	0
628	980	0	7	FC200267	840.000000	0
628	1019	0	7	FR200007	-840.000000	0
628	1559	0	7	FC200430	4500.000000	0
628	1660	0	7	FC200459	21600.000000	0
628	1736	0	7	FC200476	2625.000000	0
628	1858	0	7	FC200505	3000.000000	0
628	1860	0	7	FC200513	4500.000000	0
628	1970	0	7	FC200557	14960.000000	0
628	1972	0	7	FC200558	28000.000000	0
628	1976	0	7	FC200560	7080.000000	0
629	3594	0	7	FC201070	3360.000000	0
630	3595	0	7	FC201071	3024.000000	0
631	576	0	7	FC200149	920.000000	0
632	716	0	7	FC200187	1200.000000	0
633	2859	0	7	FC200845	25000.000000	0
634	1902	0	7	FC200273	110164.800000	0
635	1905	0	7	FC200534	104112.000000	0
636	2859	0	7	FC200845	25000.000000	0
637	2271	0	7	FC200653	4700.000000	0
637	2375	0	7	FC200686	4590.000000	0
637	2648	0	7	FC200771	5350.000000	0
638	3080	0	7	FC200913	7020.000000	0
639	2859	0	7	FC200845	25000.000000	0
640	1259	0	7	FC200337	104232.000000	0
640	1774	0	7	FC200489	5280.000000	0
641	1793	0	7	FC200494	9840.000000	0
642	1914	0	7	FC200538	31332.000000	0
643	3701	0	7	FC201096	3000.000000	0
644	3435	0	7	FC201026	2500.000000	0
645	3431	0	7	FC201024	3500.000000	0
646	3519	0	7	FC201047	2970.000000	0
647	3542	0	7	FC201059	1500.000000	0
128	3429	0	7	FC201022	2500.000000	0
648	3560	0	7	FC201062	2340.000000	0
649	3597	0	7	FC201073	1200.000000	0
650	3614	0	7	FC201077	30000.000000	0
651	3665	0	7	FC201089	6000.000000	0
652	3432	0	7	FC201025	6720.000000	0
653	3652	0	7	FC201087	2500.000000	0
654	2377	0	7	FC200687	5520.000000	0
655	3033	0	7	FC200896	3800.000000	0
656	3487	0	7	FC201039	900.000000	0
657	3558	0	7	FC201061	380.000000	0
658	3558	0	7	FC201061	300.000000	0
659	3157	0	7	FC200936	2400.000000	0
660	829	0	7	FC200221	49500.000000	0
661	3205	0	7	FC200951	2620.000000	0
661	3579	0	7	FC201066	475.000000	0
662	2429	0	7	FC200701	3000.000000	0
662	2707	0	7	FC200794	3000.000000	0
662	2925	0	7	FC200863	1440.000000	0
662	3003	0	7	FC200887	19190.000000	0
662	3230	0	7	FC200958	10970.000000	0
664	3727	0	7	FC201110	14400.000000	0
663	3727	0	7	FC201110	14400.000000	0
665	3730	0	7	FC201113	1300.000000	0
666	3731	0	7	FC201114	3920.000000	0
667	3732	0	7	FC201115	3500.000000	0
668	3512	0	7	FC201045	2370.000000	0
669	3290	0	7	FC200974	960.000000	0
670	3744	0	7	FC210000	750.000000	0
671	3751	0	7	FC210003	3360.000000	0
672	322	0	7	FC200080	400.000000	0
672	1365	0	7	FC200369	170.000000	0
672	3129	0	7	FC200930	100.000000	0
673	3776	0	7	FC210005	2800.000000	0
674	1285	0	7	FC200347	560.000000	0
674	1322	0	7	FC200354	552.000000	0
675	3779	0	7	FC210006	400.000000	0
676	3782	0	7	FC210008	2500.000000	0
677	3385	0	7	FC201005	8120.000000	0
678	3335	0	7	FC200989	642.000000	0
679	3369	0	7	FC201002	1440.000000	0
680	2776	0	7	FC200823	2000.000000	0
680	2991	0	7	FC200880	16800.000000	0
681	3226	0	7	FC200957	54460.000000	0
682	3792	0	7	FC210011	1250.000000	0
683	3807	0	7	FC210015	2400.000000	0
684	3825	0	7	FC210023	15750.000000	0
685	3831	0	7	FC210025	2400.000000	0
686	3332	0	7	FC200986	87566.400000	0
687	1906	0	7	FC200535	225648.000000	0
688	3348	0	7	FC200991	13950.000000	0
689	3788	0	7	FC210009	750.000000	0
690	1550	0	7	FC200424	7500.000000	0
690	1806	0	7	FC200500	9850.000000	0
691	2799	0	7	FC200829	11420.000000	0
691	3395	0	7	FC201013	3024.000000	0
692	3840	0	7	FC210028	7920.000000	0
693	3388	0	7	FC201008	10230.000000	0
694	3917	0	7	FC210063	1200.000000	0
695	3919	0	7	FC210064	120.000000	0
696	1976	0	7	FC200560	21864.000000	0
696	2081	0	7	FC200559	47040.000000	0
696	2147	0	7	FC200610	7500.000000	0
696	2550	0	7	FC200738	12600.000000	0
697	3929	0	7	FC210067	1368.000000	0
698	3936	0	7	FC210070	3024.000000	0
699	3242	0	7	FC200961	5800.000000	0
700	3947	0	7	FC210073	8190.000000	0
701	2472	0	7	FC200711	7500.000000	0
702	2149	0	7	FC200611	4800.000000	0
702	2448	0	7	FC200707	3675.000000	0
702	2626	0	7	FC200764	4050.000000	0
702	2719	0	7	FC200803	2910.000000	0
702	2908	0	7	FC200859	7800.000000	0
702	3094	0	7	FC200921	4050.000000	0
703	3957	0	7	FC210077	2400.000000	0
704	3837	0	7	FC201117	6252.000000	0
705	3975	0	7	FC210084	2100.000000	0
706	3988	0	7	FC210088	11900.000000	0
707	3997	0	7	FC210091	2400.000000	0
708	3999	0	7	FC210092	2700.000000	0
709	4004	0	7	FC210093	1000.000000	0
710	3851	0	7	FC210032	12960.000000	0
711	3882	0	7	FC210049	8640.000000	0
713	3749	0	7	FC210002	1720.000000	0
714	3806	0	7	FC210014	2420.000000	0
715	3747	0	7	FC210001	14180.000000	0
716	3830	0	7	FC210024	1980.000000	0
717	3954	0	7	FC210076	1400.000000	0
718	3852	0	7	FC210033	3000.000000	0
719	3629	0	7	FC201082	4400.000000	0
721	3628	0	7	FC201081	2200.000000	0
722	4055	0	7	FC210107	480.000000	0
723	4016	0	7	FC210094	21600.000000	0
724	1926	0	7	FC200544	3000.000000	0
724	1953	0	7	FC200554	1250.000000	0
725	2420	0	7	FC200698	850.000000	0
725	2574	0	7	FC200747	6950.000000	0
726	2515	0	7	FC200724	8000.000000	0
726	2594	0	7	FC200752	4800.000000	0
726	2731	0	7	FC200806	720.000000	0
726	2769	0	7	FC200821	960.000000	0
726	2812	0	7	FC200833	2400.000000	0
726	2864	0	7	FC200848	1200.000000	0
727	4088	0	7	FC210115	2400.000000	0
728	4074	0	7	FC210110	1400.000000	0
729	3964	0	7	FC210079	2740.000000	0
730	4083	0	7	FC210113	12600.000000	0
731	4090	0	7	FC210116	490.000000	0
732	4115	0	7	FC210120	700.000000	0
733	3717	0	7	FC201102	18000.000000	0
734	4134	0	7	FC210122	480.000000	0
735	32	0	7	FC200004	480.000000	0
736	584	0	7	FC200151	742.000000	0
737	1121	0	7	FC200169	820.000000	0
738	4174	0	7	FC210134	2400.000000	0
739	4176	0	7	FC210135	1800.000000	0
740	3971	0	7	FC210082	3000.000000	0
741	3906	0	7	FC210059	4040.000000	0
742	3986	0	7	FC210087	25000.000000	0
743	3881	0	7	FC210048	900.000000	0
744	4037	0	7	FC210102	10600.000000	0
745	4087	0	7	FC210114	3540.000000	0
746	3930	0	7	FC210068	2750.000000	0
747	4201	0	7	FC210138	2500.000000	0
748	3898	0	7	FC210052	2400.000000	0
749	4209	0	7	FC210140	8560.000000	0
750	4226	0	7	FC210143	1320.000000	0
751	2483	0	7	FC200716	1250.000000	0
752	2453	0	7	FC200708	33600.000000	0
752	2511	0	7	FC200722	3480.000000	0
753	2334	0	7	FC200672	6720.000000	0
753	2563	0	7	FC200744	6720.000000	0
753	2615	0	7	FC200759	13440.000000	0
754	2229	0	7	FC200641	7750.000000	0
754	2348	0	7	FC200677	6500.000000	0
754	2546	0	7	FC200736	1150.000000	0
755	2738	0	7	FC200810	13440.000000	0
755	2780	0	7	FC200824	3480.000000	0
756	2763	0	7	FC200819	13440.000000	0
756	2909	0	7	FC200860	6720.000000	0
756	2972	0	7	FC200875	13440.000000	0
757	3706	0	7	FC201099	11775.000000	0
758	2774	0	7	FC200822	6480.000000	0
758	2846	0	7	FC200841	9840.000000	0
758	2847	0	7	FC200842	27000.000000	0
758	2856	0	7	FC200844	12000.000000	0
758	2862	0	7	FC200847	1200.000000	0
758	2947	0	7	FC200867	9000.000000	0
758	3074	0	7	FC200909	2160.000000	0
758	3073	0	7	FC200908	25920.000000	0
758	3041	0	7	FC200900	14960.000000	0
758	3241	0	7	FC200960	6750.000000	0
758	3380	0	7	FC201004	4800.000000	0
759	3993	0	7	FC210090	9800.000000	0
760	3993	0	7	FC210090	10000.000000	0
761	4268	0	7	FC210152	2400.000000	0
762	4261	0	7	FC210151	600.000000	0
763	2189	0	7	FC200629	5119.000000	0
763	2438	0	7	FC200703	3700.000000	0
763	2706	0	7	FC200793	2410.000000	0
763	2875	0	7	FC200850	3360.000000	0
764	1617	0	7	FC200447	860.000000	0
764	3446	0	7	FC201029	1625.000000	0
765	4283	0	7	FC210156	7200.000000	0
766	828	0	7	FC200220	1800.000000	0
766	2132	0	7	FC200595	900.000000	0
766	2146	0	7	FC200609	2420.000000	0
767	4300	0	7	FC210160	3500.000000	0
768	3015	0	7	FC200892	480.000000	0
768	3028	0	7	FC200894	2400.000000	0
768	3223	0	7	FC200956	6400.000000	0
768	3608	0	7	FC201074	28000.000000	0
768	3771	0	7	FC210004	14600.000000	0
769	3846	0	7	FC210031	10190.000000	0
769	3910	0	7	FC210060	420.000000	0
769	3934	0	7	FR210000	-3750.000000	0
769	3935	0	7	FC210069	3750.000000	0
770	976	0	7	FC200266	285314.400000	0
770	1721	0	7	FC200473	104649.120000	0
771	3333	0	7	FC200987	449040.000000	0
772	3596	0	7	FC201072	286500.000000	0
773	1907	0	7	FC200536	105240.000000	0
774	4313	0	7	FC210162	21600.000000	0
775	4373	0	7	FC210173	16080.000000	0
776	1657	0	7	FC200456	2300.000000	0
776	2253	0	7	FC200649	3460.000000	0
776	2254	0	7	FC200650	4600.000000	0
776	2390	0	7	FC200690	480.000000	0
777	4398	0	7	FC210169	575.000000	0
778	4392	0	7	FC210178	220.000000	0
779	3804	0	7	FC210012	660.000000	0
780	3805	0	7	FC210013	800.000000	0
781	4140	0	7	FC210124	1360.000000	0
782	4141	0	7	FC210125	3200.000000	0
783	3832	0	7	FC210026	1950.000000	0
785	4414	0	7	FC210181	3000.000000	0
786	4430	0	7	FC210183	3900.000000	0
787	4423	0	7	FC210182	3800.000000	0
788	4448	0	7	FC210186	2500.000000	0
789	2989	0	7	FC200879	18224.160000	0
789	3387	0	7	FC201007	19099.080000	0
790	2168	0	7	FC200621	21107.000000	0
790	3661	0	7	FC200818	20482.000000	0
791	4357	0	7	FC210168	3570.000000	0
792	4515	0	7	FC210201	1320.000000	0
793	4521	0	7	FC210202	2992.000000	0
794	4528	0	7	FC210203	1400.000000	0
795	4466	0	7	FC210189	2500.000000	0
796	4554	0	7	FC210210	12000.000000	0
797	4555	0	7	FC210211	2600.000000	0
798	4569	0	7	FC210217	6000.000000	0
799	2645	0	7	FC200770	675.000000	0
799	2755	0	7	FC200817	1020.000000	0
800	461	0	7	FC200122	3940.000000	0
801	3290	0	7	FC200974	26.000000	0
801	3899	0	7	FC210053	1000.000000	0
802	56	0	7	FC200015	500.000000	0
803	2937	0	7	FC200866	9400.000000	0
804	3109	0	7	FC200922	4600.000000	0
804	3252	0	7	FC200963	4800.000000	0
804	3298	0	7	FC200976	9200.000000	0
804	3322	0	7	FC200984	19080.000000	0
806	4530	0	7	FC210205	1950.000000	0
807	4254	0	7	FC210150	210.000000	0
808	4225	0	7	FC210142	1000.000000	0
809	4513	0	7	FC210200	2680.000000	0
810	4376	0	7	FC210174	2590.000000	0
811	4298	0	7	FC210159	5100.000000	0
812	4482	0	7	FC210194	2300.000000	0
813	2859	0	7	FC200845	25000.000000	0
814	2859	0	7	FC200845	30000.000000	0
815	4692	0	7	FC210252	7200.000000	0
816	3439	0	7	FC201028	1200.000000	0
816	3495	0	7	FC201042	7400.000000	0
816	3535	0	7	FC201055	450.000000	0
817	2669	0	7	FC200778	1150.000000	0
817	2619	0	7	FC200761	5000.000000	0
817	3112	0	7	FC200925	1359.990000	0
817	3076	0	7	FC200911	3859.990000	0
818	3678	0	7	FC201094	4250.000000	0
819	4094	0	7	FC210118	3600.000000	0
820	2201	0	7	FC200632	9000.000000	0
821	2209	0	7	FC200634	3680.000000	0
822	3283	0	7	FC200972	350.000000	0
823	2309	0	7	FC200663	350.000000	0
824	2722	0	7	FC200804	720.000000	0
825	3875	0	7	FC210046	1500.000000	0
826	4714	0	7	FC210259	3200.000000	0
827	3587	0	7	FC201069	6800.000000	0
828	3587	0	7	FC201069	6800.000000	0
829	4721	0	7	FC210262	980.000000	0
830	4693	0	7	FC210253	1200.000000	0
831	4730	0	7	FC210264	2500.000000	0
832	4765	0	7	FC210267	1200.000000	0
833	4758	0	7	FC210266	720.000000	0
738	4623	0	7	FC210228	880.000000	0
835	3643	0	7	FC200781	20992.000000	0
836	4795	0	7	FC210270	4730.000000	0
837	4811	0	7	FC210272	1150.000000	0
838	4816	0	7	FC210273	1500.000000	0
839	3142	0	7	FC200932	1250.000000	0
839	3518	0	7	FC201046	1000.000000	0
841	2830	0	7	FC200837	64320.000000	0
842	3533	0	7	FC201054	1780.000000	0
843	3269	0	7	FC200969	1500.000000	0
844	3300	0	7	FC200978	4840.000000	0
845	2310	0	7	FC200664	2500.000000	0
846	3448	0	7	FC201031	540.000000	0
847	2708	0	7	FC200795	2500.000000	0
848	1410	0	7	FC200385	2880.000000	0
848	1665	0	7	FC200463	1288.000000	0
849	2748	0	7	FC200814	7500.000000	0
849	3532	0	7	FC201053	2500.000000	0
850	4591	0	7	FC210219	8940.000000	0
851	4558	0	7	FC210213	3285.000000	0
852	4608	0	7	FC210223	700.000000	0
853	3357	0	7	FC200997	500.000000	0
854	4854	0	7	FC210279	1200.000000	0
855	2353	0	7	FC200679	4400.000000	0
856	1812	0	7	FC200501	2400.000000	0
857	4907	0	7	FC210290	2100.000000	0
858	4897	0	7	FC210287	22860.000000	0
859	4419	0	7	FC210176	610.000000	0
860	4920	0	7	FC210293	1300.000000	0
861	4922	0	7	FC210294	1150.000000	0
862	4629	0	7	FC210234	1870.000000	0
863	4391	0	7	FC210177	1095.000000	0
864	4171	0	7	FC210132	29100.000000	0
865	3705	0	7	FC201098	10791.000000	0
866	4691	0	7	FC210251	12600.000000	0
867	3981	0	7	FC210085	420.000000	0
868	4942	0	7	FC210299	2400.000000	0
869	4957	0	7	FC210302	440.000000	0
870	4997	0	7	FC210310	75.000000	0
871	4556	0	7	FC210212	25600.000000	0
872	4039	0	7	FC210103	4320.000000	0
873	4051	0	7	FC210106	2880.000000	0
874	5009	0	7	FC210312	4320.000000	0
875	4888	0	7	FC210285	1200.000000	0
875	5055	0	7	FC210323	2400.000000	0
876	5035	0	7	FC210317	3600.000000	0
877	5054	0	7	FC210322	1500.000000	0
879	4637	0	7	FC210242	570.000000	0
879	4901	0	7	FC210288	950.000000	0
879	5104	0	7	FC210333	4628.000000	0
880	2789	0	7	FC200826	2000.000000	0
880	2801	0	7	FC200830	12000.000000	0
881	54	0	7	FC200014	1600.000000	0
881	1191	0	7	FC200318	4650.000000	0
881	1415	0	7	FC200388	1100.000000	0
881	1662	0	7	FC200460	320.000000	0
881	3663	0	7	FC201088	2079.990000	0
882	2739	0	7	FC200811	10080.000000	0
882	2885	0	7	FC200852	50400.000000	0
883	2905	0	7	FC200856	48000.000000	0
884	3676	0	7	FC201093	1905.000000	0
885	4846	0	7	FC210278	3180.000000	0
886	3617	0	7	FC201078	6000.000000	0
886	3619	0	7	FC201079	300.000000	0
886	3632	0	7	FC201083	38880.000000	0
887	4904	0	7	FC210289	4650.000000	0
888	4717	0	7	FC210260	1200.000000	0
889	4770	0	7	FC210269	4000.000000	0
890	4991	0	7	FC210309	1200.000000	0
891	2859	0	7	FC200845	25000.000000	0
892	3703	0	7	FC201097	170356.000000	0
893	2948	0	7	FC200868	1680.000000	0
894	5098	0	7	FC210331	2520.000000	0
895	2521	0	7	FC200726	16810.000000	0
896	5279	0	7	FC210378	140.000000	0
896	5280	0	7	FC210379	1474.000000	0
898	1633	0	7	FC200453	2360.000000	0
898	1656	0	7	FC200455	4826.000000	0
898	1871	0	7	FC200515	180.000000	0
898	1872	0	7	FC200516	10600.000000	0
899	5135	0	7	FC210338	1746.500000	0
900	3365	0	7	FC200996	6750.000000	0
901	2216	0	7	FC200637	2250.000000	0
901	2660	0	7	FC200774	4230.000000	0
901	2985	0	7	FC200876	1800.000000	0
902	3502	0	7	FC201044	3960.000000	0
903	2681	0	7	FC200783	360.000000	0
904	1962	0	7	FC200556	4800.000000	0
905	1335	0	7	FC200359	12560.000000	0
905	1537	0	7	FC200417	1200.000000	0
906	1659	0	7	FC200458	1400.000000	0
907	5292	0	7	FC210383	388.000000	0
908	5310	0	7	FC210388	1100.000000	0
909	5298	0	7	FC210384	5000.000000	0
910	5299	0	7	FC210385	5000.000000	0
911	5289	0	7	FC210382	2112.000000	0
912	5152	0	7	FC210344	21600.000000	0
913	4959	0	7	FC210303	3000.000000	0
913	5163	0	7	FC210351	2400.000000	0
914	5353	0	7	FC210392	760.000000	0
915	5399	0	7	FC210397	2600.000000	0
916	5399	0	7	FC210397	2650.000000	0
917	5407	0	7	FC210399	1200.000000	0
918	2988	0	7	FC200878	21570.000000	0
919	3386	0	7	FC201006	10930.000000	0
920	3729	0	7	FC201112	19360.000000	0
921	4169	0	7	FC210130	19610.000000	0
922	4622	0	7	FC210227	11200.000000	0
923	5386	0	7	FC210396	1480.000000	0
897	5447	0	7	FR210010	-2700.000000	0
897	5448	0	7	FC210407	29798.600000	0
924	5180	0	7	FC210357	1250.000000	0
925	5260	0	7	FC210375	480.000000	0
926	5041	0	7	FC210319	3000.000000	0
927	5203	0	7	FC210361	4800.000000	0
928	5042	0	7	FC210320	3600.000000	0
929	5212	0	7	FC210362	2100.000000	0
930	5045	0	7	FC210321	420.000000	0
931	5179	0	7	FC210356	3340.000000	0
932	5235	0	7	FC210369	3460.000000	0
933	5234	0	7	FC210368	10075.000000	0
934	5236	0	7	FC210370	5000.000000	0
935	5272	0	7	FC210377	3660.000000	0
936	5254	0	7	FC210373	3600.000000	0
937	5343	0	7	FC210390	2400.000000	0
938	5258	0	7	FC210374	3650.000000	0
939	5445	0	7	FC210406	2400.000000	0
940	5437	0	7	FC210405	1200.000000	0
941	4647	0	7	FC210246	28826.700000	0
942	4647	0	7	FC210246	28826.700000	0
943	4647	0	7	FC210246	27166.710000	0
943	4626	0	7	FC210231	1659.990000	0
944	4626	0	7	FC210231	12168.010000	0
944	4632	0	7	FC210237	2088.990000	0
945	4172	0	7	FC210133	32712.000000	0
946	3249	0	7	FC200962	3300.000000	0
946	3897	0	7	FC210051	1760.000000	0
947	3043	0	7	FC200901	2160.000000	0
948	4704	0	7	FC210258	2900.000000	0
949	4909	0	7	FC210291	1670.000000	0
949	4996	0	7	FR210007	-120.000000	0
950	5573	0	7	FC210425	1200.000000	0
951	3437	0	7	FC201027	1250.000000	0
952	3856	0	7	FC210034	6950.000000	0
952	3857	0	7	FC210035	4600.000000	0
952	3858	0	7	FC210036	59350.000000	0
952	4139	0	7	FC210123	5000.000000	0
953	5622	0	7	FC210437	750.000000	0
954	5622	0	7	FC210437	1500.000000	0
955	4064	0	7	FC210108	19080.000000	0
955	4066	0	7	FC210109	1140.000000	0
956	5625	0	7	FC210438	1500.000000	0
957	2609	0	7	FC200757	1960.000000	0
957	2829	0	7	FC200836	1960.000000	0
957	3253	0	7	FC200964	1960.000000	0
957	3969	0	7	FC210080	1580.000000	0
958	5507	0	7	FC210415	14540.000000	0
959	5534	0	7	FC210419	14490.000000	0
960	5409	0	7	FC210400	960.000000	0
961	5323	0	7	FC210389	2150.000000	0
962	5472	0	7	FC210410	7500.000000	0
963	5643	0	7	FC210416	3000.000000	0
964	5552	0	7	FC210422	3378.000000	0
965	5698	0	7	FC210451	1000.000000	0
966	5709	0	7	FC210454	168.000000	0
967	5720	0	7	FC210458	4800.000000	0
968	5770	0	7	FC210471	2400.000000	0
969	5808	0	7	FC210478	1800.000000	0
970	4695	0	7	FC210255	51600.000000	0
971	5583	0	7	FC210428	1120.000000	0
972	5693	0	7	FC210450	3000.000000	0
973	5160	0	7	FC210348	4180.000000	0
974	5672	0	7	FC210445	17760.000000	0
975	3032	0	7	FC200895	20160.000000	0
975	3393	0	7	FC201012	10080.000000	0
976	3476	0	7	FC201038	3360.000000	0
976	3537	0	7	FC201056	3360.000000	0
976	3625	0	7	FC201080	15240.000000	0
977	4371	0	7	FC210171	3500.000000	0
977	4403	0	7	FC210179	602.000000	0
978	5660	0	7	FC210441	2808.000000	0
979	5640	0	7	FC210440	2100.000000	0
980	5581	0	7	FC210427	3840.000000	0
981	5692	0	7	FC210449	10000.000000	0
982	5667	0	7	FC210442	1030.000000	0
983	5883	0	7	FC210499	2250.000000	0
984	4720	0	7	FC210261	14328.000000	0
985	4023	0	7	FC210098	170678.000000	0
986	4024	0	7	FC210099	260650.000000	0
987	3736	0	7	FC201065	2060.000000	0
988	3565	0	7	FC201063	125100.000000	0
989	3815	0	7	FC210019	26880.000000	0
990	3467	0	7	FC201035	93600.000000	0
991	3817	0	7	FC210020	3240.000000	0
992	4808	0	7	FC210271	19260.000000	0
993	3819	0	7	FC210021	117336.000000	0
994	5815	0	7	FC210481	1530.000000	0
995	5856	0	7	FC210492	16200.000000	0
996	5910	0	7	FC210502	2740.050000	0
997	5921	0	7	FC210505	900.000000	0
998	5954	0	7	FC210516	6540.000000	0
999	5159	0	7	FC210347	20480.000000	0
1000	5553	0	7	FC210423	1800.000000	0
1001	5879	0	7	FC210497	380.000000	0
1002	6004	0	7	FC210525	3600.000000	0
1003	5900	0	7	FC210501	3990.000000	0
1003	5928	0	7	FC210508	3750.000000	0
1003	5953	0	7	FC210515	5000.000000	0
1004	5738	0	7	FC210463	4305.000000	0
1005	5737	0	7	FC210462	15900.000000	0
1006	5878	0	7	FC210496	10000.000000	0
1007	5431	0	7	FC210404	1250.000000	0
1008	5761	0	7	FC210469	800.000000	0
1009	3862	0	7	FC210037	7500.000000	0
1009	3950	0	7	FC210074	600.000000	0
1009	4017	0	7	FC210095	109042.000000	0
1009	4047	0	7	FC210105	450.000000	0
1009	4481	0	7	FC210193	1650.000000	0
1009	4495	0	7	FC210197	6000.000000	0
1009	4787	0	7	FC210192	21684.000000	0
1010	6007	0	7	FC210526	2100.000000	0
1012	4036	0	7	FC210101	1819.200000	0
1012	4628	0	7	FC210233	454.800000	0
1012	4877	0	7	FC210282	1819.200000	0
1012	5197	0	7	FC210359	909.600000	0
1013	6034	0	7	FC210533	2400.000000	0
1014	6035	0	7	FC210534	2550.000000	0
1015	5927	0	7	FC210507	1720.000000	0
1016	1622	0	7	FC200449	5900.000000	0
1017	6046	0	7	FC210536	2340.000000	0
1018	2859	0	7	FC200845	25000.000000	0
1019	4408	0	7	FC210180	19500.000000	0
1020	6095	0	7	FC210546	900.000000	0
1021	6086	0	7	FC210544	1250.000000	0
1022	3204	0	7	FC200950	9206.000000	0
1022	3206	0	7	FC200952	80680.010000	0
1023	5812	0	7	FC210480	2120.000000	0
1024	6140	0	7	FC210555	30.000000	0
1025	6147	0	7	FC210556	2800.000000	0
1026	6157	0	7	FC210558	380.000000	0
1027	6158	0	7	FC210559	2050.000000	0
1028	3928	0	7	FC210066	1500.000000	0
1029	6205	0	7	FC210572	90.000000	0
1030	6212	0	7	FC210573	1200.000000	0
1031	5601	0	7	FC210420	8640.000000	0
1032	6027	0	7	FC210531	4440.000000	0
1033	5949	0	7	FC210513	9400.000000	0
1034	5979	0	7	FC210520	700.000000	0
1035	6017	0	7	FC210529	1320.000000	0
1036	6039	0	7	FC210535	8640.000000	0
1037	6172	0	7	FC210568	7180.000000	0
1038	6172	0	7	FC210568	7000.000000	0
1039	6066	0	7	FC210539	3000.000000	0
1040	6013	0	7	FC210528	3130.000000	0
1041	6074	0	7	FC210540	540.000000	0
1042	6181	0	7	FC210569	1700.000000	0
1043	6234	0	7	FC210577	1800.000000	0
1044	6289	0	7	FC210589	3455.000000	0
1045	6284	0	7	FC210588	1800.000000	0
1046	6283	0	7	FC210587	1200.000000	0
1047	4345	0	7	FC210163	8000.000000	0
1047	4366	0	7	FC210170	2250.000000	0
1047	4432	0	7	FC210185	6000.000000	0
1047	4634	0	7	FC210239	750.000000	0
1047	4667	0	7	FC210249	420.000000	0
1047	5133	0	7	FC210337	5500.000000	0
1047	5148	0	7	FC210343	480.000000	0
1048	6307	0	7	FC210593	1170.000000	0
1049	6345	0	7	FC210603	700.000000	0
1050	6342	0	7	FC210602	3400.000000	0
1051	6349	0	7	FC210605	18060.000000	0
1052	6349	0	7	FC210605	18060.000000	0
1053	6318	0	7	FC210597	21600.000000	0
1054	6366	0	7	FC210610	2600.000000	0
1055	6122	0	7	FC210550	600.000000	0
1056	5284	0	7	FC210380	6000.000000	0
1057	5751	0	7	FC210466	3500.000000	0
1058	6406	0	7	FC210619	1320.000000	0
1059	6429	0	7	FC210622	3250.000000	0
1060	6428	0	7	FC210621	7200.000000	0
1061	3405	0	7	FC201017	4050.000000	0
1062	3651	0	7	FC201086	15600.000000	0
1062	3911	0	7	FC210061	4050.000000	0
1063	3951	0	7	FC210075	4100.000000	0
1063	3984	0	7	FC210086	1100.000000	0
1063	3990	0	7	FC210089	4400.000000	0
1063	5492	0	7	FC210413	1240.000000	0
1064	4025	0	7	FC210100	1043250.000000	0
1065	4215	0	7	FC210141	3066.000000	0
1065	5025	0	7	FC210315	1368.000000	0
1065	5593	0	7	FC210431	3968.000000	0
1065	6222	0	7	FC210575	3403.000000	0
1066	6106	0	7	FC210548	9800.000000	0
1067	6159	0	7	FC210560	4400.000000	0
1068	6236	0	7	FC210579	3000.000000	0
1069	6271	0	7	FC210585	3600.000000	0
1070	6341	0	7	FC210601	24000.000000	0
1071	6362	0	7	FC210609	3000.000000	0
1072	6145	0	7	FC210554	4957.000000	0
1073	6080	0	7	FC210542	3000.000000	0
1074	6237	0	7	FC210580	360.000000	0
1075	6247	0	7	FC210581	1440.000000	0
1076	6193	0	7	FC210570	960.000000	0
1077	4281	0	7	FC210155	3500.000000	0
1077	4347	0	7	FC210164	5000.000000	0
1077	4529	0	7	FC210204	1250.000000	0
1078	6542	0	7	FC210647	54.000000	0
1079	6530	0	7	FC210645	1440.000000	0
1080	3811	0	7	FC210017	172536.000000	0
1081	6355	0	7	FC210607	1800.000000	0
1081	6549	0	7	FC210648	2800.000000	0
1082	4620	0	7	FC210225	6928.000000	0
1083	6579	0	7	FC210655	12000.000000	0
1084	5804	0	7	FC210476	2120.000000	0
1085	6593	0	7	FC210657	720.000000	0
1086	6648	0	7	FC210665	2400.000000	0
1087	6009	0	7	FC210527	1200.000000	0
1088	6653	0	7	FC210667	520.000000	0
1089	6402	0	7	FC210617	5100.000000	0
1090	6400	0	7	FC210616	300.000000	0
1091	6503	0	7	FC210638	1350.000000	0
1092	6493	0	7	FC210636	3440.000000	0
1093	6494	0	7	FC210637	1360.000000	0
1094	6441	0	7	FC210626	6250.000000	0
1095	6397	0	7	FC210615	8500.000000	0
1096	6670	0	7	FC210669	5520.000000	0
1097	4511	0	7	FC210199	1680.000000	0
1098	4612	0	7	FC210224	1840.000000	0
1098	5015	0	7	FC210314	5800.000000	0
1099	6677	0	7	FC210672	1920.000000	0
1100	722	0	7	FC200190	2500.000000	0
1100	1084	0	7	FC200290	3700.000000	0
1100	1085	0	7	FC200291	2690.000000	0
1100	1268	0	7	FC200342	2800.000000	0
1100	1467	0	7	FC200397	4070.000000	0
1101	2680	0	7	FC200782	4030.000000	0
1101	2740	0	7	FC200812	90.000000	0
1102	6749	0	7	FC210688	1500.000000	0
1103	6235	0	7	FC210578	25000.000000	0
1104	6405	0	7	FC210618	12096.000000	0
1107	6389	0	7	FC210613	900.000000	0
1107	6805	0	7	FC210701	1040.000000	0
1108	6808	0	7	FC210703	4000.000000	0
1109	1756	0	7	FC200483	5000.000000	0
1109	1757	0	7	FC200484	1440.000000	0
1109	2129	0	7	FC200592	6380.000000	0
1109	2303	0	7	FC200662	3940.000000	0
1109	2311	0	7	FC200665	800.000000	0
1110	6583	0	7	FC210656	3600.000000	0
1110	6826	0	7	FC210707	800.000000	0
1111	4020	0	7	FC210096	6624.000000	0
1112	4022	0	7	FC210097	11040.000000	0
1113	3395	0	7	FC201013	180.000000	0
1113	4091	0	7	FC210117	8000.000000	0
1113	4312	0	7	FC210161	10625.000000	0
1113	4937	0	7	FC210298	1125.000000	0
1113	5012	0	7	FC210313	5925.000000	0
1114	5773	0	7	FC210472	35520.000000	0
1115	5270	0	7	FC210376	2400.000000	0
1115	5381	0	7	FC210395	1600.000000	0
1115	5429	0	7	FC210402	1200.000000	0
1115	5519	0	7	FC210417	2040.050000	0
1115	5723	0	7	FC210459	1200.000000	0
1115	5736	0	7	FC210461	1100.000000	0
1115	5756	0	7	FC210467	5500.000000	0
1115	5765	0	7	FC210470	1200.000000	0
1116	5779	0	7	FC210473	2250.000000	0
1116	5820	0	7	FC210482	4080.100000	0
1116	6102	0	7	FC210547	480.000000	0
1116	6217	0	7	FC210574	1500.000000	0
1116	6340	0	7	FC210600	5700.000000	0
1116	6358	0	7	FC210608	2800.000000	0
1116	6613	0	7	FC210662	1200.000000	0
1117	6435	0	7	FC210623	180.000000	0
1118	6047	0	7	FC210537	14318.400000	0
1119	5202	0	7	FC210360	1200.000000	0
1120	6308	0	7	FC210594	5040.000000	0
1121	6906	0	7	FC210722	1200.000000	0
1122	5992	0	7	FC210523	6600.000000	0
1123	6929	0	7	FC210728	600.000000	0
1124	6948	0	7	FC210731	1560.000000	0
1125	4607	0	7	FC210222	7765.000000	0
1125	4627	0	7	FC210232	3880.000000	0
1125	5550	0	7	FR210011	-6720.000000	0
1126	3092	0	7	FC200920	980.000000	0
1126	3231	0	7	FC200959	6720.000000	0
1126	3302	0	7	FC200979	6598.000000	0
1126	3354	0	7	FC200995	32880.010000	0
1126	4450	0	7	FR210003	-14400.000000	0
1126	5068	0	7	FC210326	300.000000	0
1127	6951	0	7	FC210732	545.000000	0
1128	6921	0	7	FC210725	21600.000000	0
1129	6968	0	7	FC210738	7200.000000	0
1130	4170	0	7	FC210131	14538.580000	0
1131	4621	0	7	FC210226	12826.160000	0
1132	6888	0	7	FC210719	1200.000000	0
1133	6858	0	7	FC210710	2799.000000	0
1134	4950	0	7	FC210301	1010.000000	0
1135	6982	0	7	FC210742	1400.000000	0
1136	6463	0	7	FC210632	19000.000000	0
1137	6606	0	7	FC210658	1400.000000	0
1138	6607	0	7	FC210659	6300.000000	0
1139	6825	0	7	FC210702	8750.000000	0
1140	6777	0	7	FC210693	6800.000000	0
1141	6758	0	7	FC210690	3400.000000	0
1142	6756	0	7	FC210689	12900.000000	0
1143	6706	0	7	FC210678	2400.000000	0
1144	6504	0	7	FC210639	4040.000000	0
1145	6608	0	7	FC210660	4000.000000	0
1146	6506	0	7	FC210640	2950.000000	0
1147	6884	0	7	FC210718	13440.000000	0
1148	6607	0	7	FC210659	6300.000000	0
1149	6878	0	7	FC210717	1800.000000	0
1150	6922	0	7	FC210726	2500.000000	0
1151	7052	0	7	FC210757	480.000000	0
1152	7071	0	7	FC210761	3150.000000	0
1153	7021	0	7	FC210749	108000.000000	0
1154	5972	0	7	FC210518	4704.000000	0
1154	6723	0	7	FC210681	1500.000000	0
1155	7034	0	7	FC210752	1200.000000	0
1156	5673	0	7	FC210446	11620.000000	0
1157	7241	0	7	FC210790	2260.000000	0
1158	7293	0	7	FC210810	1200.000000	0
1159	7269	0	7	FC210798	5000.000000	0
1160	7277	0	7	FC210804	2800.000000	0
1161	7262	0	7	FC210796	29100.000000	0
1162	6437	0	7	FC210624	600.000000	0
1162	6764	0	7	FC210692	4500.000000	0
1163	7209	0	7	FC210784	12000.000000	0
1164	7107	0	7	FC210769	3400.000000	0
1165	3465	0	7	FC201034	4680.000000	0
1166	7280	0	7	FC210805	700.000000	0
1167	7150	0	7	FC210773	2800.000000	0
1168	7335	0	7	FC210816	900.000000	0
1169	7312	0	7	FC210811	1200.000000	0
1169	7339	0	7	FC210818	1600.000000	0
1170	5158	0	7	FC210346	22830.000000	0
1171	7158	0	7	FC210776	18000.000000	0
1172	7359	0	7	FC210823	2040.050000	0
1173	7163	0	7	FC210778	3200.000000	0
1174	7039	0	7	FC210755	1200.000000	0
1175	7185	0	7	FC210781	1800.000000	0
1176	7101	0	7	FC210768	3515.000000	0
1177	6958	0	7	FC210736	10340.000000	0
1178	6976	0	7	FC210740	3090.000000	0
1179	7004	0	7	FC210745	1660.000000	0
1180	7160	0	7	FC210777	1800.000000	0
1181	6955	0	7	FC210733	2520.000000	0
1182	6913	0	7	FC210724	1400.000000	0
1183	6709	0	7	FC210680	480.000000	0
1184	7186	0	7	FC210782	3700.000000	0
1186	7435	0	7	FC210838	588.000000	0
1187	7462	0	7	FC210845	18400.000000	0
1188	7451	0	7	FC210842	12250.000000	0
1189	5874	0	7	FC210495	13000.000000	0
1189	6509	0	7	FC210641	13000.000000	0
1190	7098	0	7	FC210767	18000.000000	0
1191	6729	0	7	FC210687	14376.000000	0
1192	7560	0	7	FC210868	2550.000000	0
1193	7558	0	7	FC210867	3360.000000	0
1194	7529	0	7	FC210859	12000.000000	0
1195	7515	0	7	FC210854	2400.000000	0
1196	7555	0	7	FC210866	600.000000	0
1197	7608	0	7	FC210875	1170.000000	0
1198	7607	0	7	FC210874	1400.000000	0
1199	7620	0	7	FC210876	6720.000000	0
1200	7637	0	7	FC210879	1400.000000	0
1201	7632	0	7	FC210878	3360.000000	0
1202	7653	0	7	FC210884	70000.000000	0
1203	7358	0	7	FC210822	18000.000000	0
1204	7246	0	7	FC210793	18000.000000	0
1205	7314	0	7	FC210812	2600.000000	0
1206	7245	0	7	FC210792	6250.000000	0
1185	7355	0	7	FC210820	9840.000000	0
1207	7360	0	7	FC210824	2970.000000	0
1208	7676	0	7	FC210892	10080.000000	0
1209	7075	0	7	FC210763	6120.000000	0
1210	7285	0	7	FC210807	21400.000000	0
1211	7285	0	7	FC210807	21400.000000	0
1212	7285	0	7	FC210807	21400.000000	0
1213	7461	0	7	FC210844	7600.000000	0
1214	7428	0	7	FC210835	20640.000000	0
1215	7422	0	7	FC210834	2560.000000	0
1216	7357	0	7	FC210821	12500.000000	0
1217	7357	0	7	FC210821	12500.000000	0
1218	7353	0	7	FC210819	10800.000000	0
1219	7385	0	7	FC210828	180.000000	0
1220	7660	0	7	FC210887	1056.000000	0
1221	7388	0	7	FC210829	33600.000000	0
1222	7242	0	7	FC210791	19620.000000	0
1223	7705	0	7	FC210899	4800.000000	0
1224	7689	0	7	FC210895	1200.000000	0
1226	5302	0	7	FC210386	1260.000000	0
1227	7273	0	7	FC210802	0.010000	0
1228	7725	0	7	FC210904	2280.000000	0
1229	3391	0	7	FC201010	1015.000000	0
1230	4749	0	7	FC210265	9000.000000	0
1231	7747	0	7	FC210911	900.000000	0
1232	7720	0	7	FC210903	2160.000000	0
1233	7769	0	7	FC210920	1400.000000	0
1234	7759	0	7	FC210915	16800.000000	0
1235	7665	0	7	FC210888	3024.000000	0
1236	7709	0	7	FC210900	600.000000	0
1237	7778	0	7	FC210924	380.000000	0
1238	7751	0	7	FC210912	8600.000000	0
1239	7283	0	7	FC210806	14000.000000	0
1240	7408	0	7	FC210831	14000.000000	0
1241	6928	0	7	FC210727	1200.000000	0
1242	7805	0	7	FC210929	1765.000000	0
1243	6642	0	7	FC210663	1525.000000	0
1244	7804	0	7	FC210928	27000.000000	0
1245	4227	0	7	FC210144	840.000000	0
1245	4696	0	7	FC210256	840.000000	0
1246	4871	0	7	FC210280	700.000000	0
1246	6274	0	7	FC210586	2300.000000	0
1247	4577	0	7	FC210218	3480.000000	0
1248	4932	0	7	FC210297	1260.000000	0
1249	4982	0	7	FC210306	840.000000	0
1250	4478	0	7	FC210191	3750.000000	0
1251	6065	0	7	FC210538	840.000000	0
1252	3839	0	7	FC210027	1700.000000	0
1252	3970	0	7	FC210081	1120.000000	0
1252	4845	0	7	FC210277	1500.000000	0
1253	6165	0	7	FC210564	5745.000000	0
1254	6724	0	7	FC210682	16240.000000	0
1255	7272	0	7	FC210801	5700.000000	0
1256	7902	0	7	FC210946	18396.000000	0
1257	3925	0	7	FC210065	2500.000000	0
1258	4253	0	7	FC210149	2000.000000	0
1259	4506	0	7	FC210198	3000.000000	0
1260	4823	0	7	FC210274	3000.000000	0
1260	5121	0	7	FC210335	3000.000000	0
1260	5371	0	7	FC210393	3888.000000	0
1260	5454	0	7	FC210408	3000.000000	0
1261	5565	0	7	FC210424	2500.000000	0
1262	5918	0	7	FC210504	3888.000000	0
1262	5981	0	7	FC210521	5000.000000	0
1262	6384	0	7	FC210612	3000.000000	0
1263	5540	0	7	FC210421	1200.000000	0
1263	5598	0	7	FC210432	420.000000	0
1263	5618	0	7	FC210435	600.000000	0
1264	7901	0	7	FC210945	5295.000000	0
1265	389	0	7	FC200099	1400.000000	0
1266	6329	0	7	FC210598	5200.000000	0
1267	7674	0	7	FC210891	900.000000	0
1267	7941	0	7	FC210952	10080.000000	0
1268	3213	0	7	FC200954	2500.000000	0
1013	5483	0	7	FC210412	2400.000000	0
1269	6787	0	7	FC210698	1200.000000	0
1270	8052	0	7	FC210973	1080.000000	0
1271	8136	0	7	FC210986	810.000000	0
1272	6708	0	7	FC210679	11000.000000	0
1273	4206	0	7	FC210139	4800.000000	0
1273	4465	0	7	FC210188	750.000000	0
1273	4534	0	7	FC210207	1250.000000	0
1274	4670	0	7	FC210250	3600.000000	0
1274	4947	0	7	FC210300	4800.000000	0
1275	5352	0	7	FC210391	6800.000000	0
1276	3864	0	7	FC210038	3120.000000	0
1276	3865	0	7	FC210039	4700.000000	0
1276	3866	0	7	FC210040	2500.000000	0
1276	4181	0	7	FC210136	3940.000000	0
1276	4182	0	7	FC210137	2800.000000	0
1277	7990	0	7	FC210961	2160.000000	0
1278	7847	0	7	FC210935	1397.000000	0
1279	3531	0	7	FC201052	2400.000000	0
1279	3842	0	7	FC210030	420.000000	0
1279	4241	0	7	FC210147	11864.000000	0
1279	5068	0	7	FC210326	1100.000000	0
1279	5401	0	7	FC210398	600.000000	0
1279	5631	0	7	FC210439	1150.000000	0
1279	5950	0	7	FC210514	3732.000000	0
1279	6778	0	7	FC210694	4000.000000	0
1279	6795	0	7	FR210014	-1400.000000	0
1280	7887	0	7	FC210943	1720.000000	0
1281	8249	0	7	FC211004	2400.000000	0
1282	8094	0	7	FC210979	6000.000000	0
1283	8079	0	7	FC210978	7392.000000	0
1284	8003	0	7	FC210963	700.000000	0
1285	8056	0	7	FC210975	3360.000000	0
1286	8130	0	7	FC210985	840.000000	0
1287	7958	0	7	FC210956	1200.000000	0
1288	8417	0	7	FC211037	3360.000000	0
1289	7155	0	7	FC210775	13000.000000	0
1290	6460	0	7	FC210631	895.000000	0
1290	6780	0	7	FC210695	750.000000	0
1290	7180	0	7	FC210780	1755.000000	0
1291	8389	0	7	FC211027	1750.000000	0
1292	8468	0	7	FC211049	3360.000000	0
1293	3789	0	7	FC210010	750.000000	0
1293	3974	0	7	FC210083	3480.000000	0
1293	4097	0	7	FC210119	2510.000000	0
1294	6471	0	7	FC210633	380.000000	0
1294	6558	0	7	FC210649	650.000000	0
1295	7210	0	7	FC210785	51200.000000	0
1296	3670	0	7	FC201092	1755.000000	0
1297	4247	0	7	FC210148	5940.000000	0
1298	5493	0	7	FC210414	2925.000000	0
1299	5967	0	7	FC210517	2272.500000	0
1300	4884	0	7	FC210284	2250.000000	0
1300	4971	0	7	FC210304	1800.000000	0
1301	6671	0	7	FC210670	4600.000000	0
1302	8435	0	7	FC211041	5000.000000	0
1303	8460	0	7	FC211048	300.000000	0
1304	8457	0	7	FC211047	700.000000	0
1305	6783	0	7	FC210696	2800.000000	0
1305	6786	0	7	FC210697	2800.000000	0
1305	6821	0	7	FC210705	3300.000000	0
1305	6847	0	7	FC210709	4000.000000	0
1305	6965	0	7	FC210737	4800.000000	0
1305	7154	0	7	FC210774	6440.000000	0
1305	7276	0	7	FC210803	2400.000000	0
1306	1770	0	7	FC200486	6480.000000	0
1307	3823	0	7	FC210022	2800.000000	0
1307	4288	0	7	FC210157	640.000000	0
1307	4483	0	7	FC210195	2400.000000	0
1307	4635	0	7	FC210240	7600.000000	0
1307	4724	0	7	FC210263	640.000000	0
1307	5991	0	7	FC210522	1280.000000	0
1307	6313	0	7	FC210595	640.000000	0
1307	7692	0	7	FC210896	1280.000000	0
1308	844	0	7	FC200228	103007.440000	0
1309	7670	0	7	FC210889	4560.000000	0
1310	7923	0	7	FC210948	3360.000000	0
1311	4234	0	7	FC210058	24696.000000	0
1311	4531	0	7	FC210206	5100.000000	0
1311	5725	0	7	FC210460	525.000000	0
1312	7671	0	7	FC210890	1200.000000	0
1313	7882	0	7	FC210942	6000.000000	0
1314	7596	0	7	FC210871	1500.000000	0
1315	8044	0	7	FC210971	1195.000000	0
1316	8216	0	7	FC210998	12920.000000	0
1317	8308	0	7	FC211014	6160.080000	0
1318	7998	0	7	FC210962	1360.000000	0
1319	8124	0	7	FC210984	2400.000000	0
1320	8077	0	7	FC210977	3400.000000	0
1320	8120	0	7	FC210983	760.000000	0
1321	8255	0	7	FC211007	8800.000000	0
1322	8294	0	7	FC211012	1800.000000	0
1323	8253	0	7	FC211006	6000.000000	0
1324	8295	0	7	FC211013	7800.000000	0
1325	8105	0	7	FC210981	6720.000000	0
1326	8225	0	7	FC211002	16000.000000	0
1327	8225	0	7	FC211002	16000.000000	0
1328	7857	0	7	FC210937	5160.000000	0
1329	8010	0	7	FC210966	13440.000000	0
1330	8004	0	7	FC210964	2800.000000	0
1331	8196	0	7	FC210993	5759.980000	0
1332	7273	0	7	FC210802	4499.990000	0
1333	8264	0	7	FC210909	14400.000000	0
1334	7739	0	7	FC210908	6000.000000	0
1335	7477	0	7	FC210848	12000.000000	0
1336	7477	0	7	FC210848	12000.000000	0
1337	7469	0	7	FC210846	7732.500000	0
834	7490	0	7	FC210850	12000.000000	0
1338	7644	0	7	FC210881	5000.000000	0
1339	7970	0	7	FC210958	900.000000	0
1340	7881	0	7	FC210941	7800.000000	0
1227	7934	0	7	FC210950	3599.990000	0
1341	7552	0	7	FC210864	4560.000000	0
1342	5139	0	7	FC210340	3400.000000	0
1343	8538	0	7	FC211062	1350.000000	0
1344	8539	0	7	FC211063	1020.000000	0
1345	8582	0	7	FC211068	1200.000000	0
1346	8042	0	7	FC210970	1100.000000	0
1346	8572	0	7	FR210019	-990.000000	0
1347	8578	0	7	FC211067	5600.000000	0
1348	3901	0	7	FC210055	16800.000000	0
1348	3904	0	7	FC210057	10080.000000	0
1348	4168	0	7	FC210129	13440.000000	0
1349	4541	0	7	FC210209	10080.000000	0
1350	5004	0	7	FC210311	10080.000000	0
1351	5801	0	7	FC210475	2250.000000	0
1351	6130	0	7	FC210551	2250.000000	0
1352	8485	0	7	FC211052	242.000000	0
1353	8595	0	7	FC211069	5000.000000	0
1354	8655	0	7	FC211083	3600.000000	0
1355	8678	0	7	FC211088	1500.000000	0
1356	6908	0	7	FC210723	1440.000000	0
1356	7032	0	7	FC210751	560.000000	0
1357	7654	0	7	FC210885	4320.000000	0
1358	8703	0	7	FC211093	12000.000000	0
1359	8778	0	7	FC211105	3200.000000	0
1360	8785	0	7	FC211107	1500.000000	0
1361	8780	0	7	FC211106	12600.000000	0
1362	8765	0	7	FC210926	14000.000000	0
1363	8699	0	7	FC211091	1200.000000	0
1364	6933	0	7	FC210729	6480.000000	0
1366	8333	0	7	FC211021	5960.000000	0
1367	8402	0	7	FC211033	2800.000000	0
1368	8602	0	7	FC211070	1500.000000	0
1369	8864	0	7	FC211122	1500.000000	0
1370	8565	0	7	FC211066	3000.000000	0
1371	8045	0	7	FC210972	7500.000000	0
1372	8358	0	7	FC211023	26000.000000	0
1373	8400	0	7	FC211031	3700.000000	0
1374	8563	0	7	FC211065	3200.000000	0
1375	8812	0	7	FC211111	1800.000000	0
1376	8478	0	7	FC211051	1300.000000	0
1377	8851	0	7	FC211117	900.000000	0
1378	8914	0	7	FC211128	4410.000000	0
1379	8948	0	7	FC211138	2000.000000	0
1380	6413	0	7	FC210620	9630.000000	0
1381	5609	0	7	FC210433	9360.000000	0
1382	6802	0	7	FC210699	72000.000000	0
1383	6804	0	7	FC210700	10670.400000	0
1384	6804	0	7	FC210700	129.600000	0
1385	6957	0	7	FC210735	69264.000000	0
1386	6957	0	7	FC210735	2736.000000	0
1387	6956	0	7	FC210734	36000.000000	0
1388	3057	0	7	FC200905	2400.000000	0
1389	5285	0	7	FC210381	102420.000000	0
1390	5027	0	7	FC210316	148140.000000	0
1391	3566	0	7	FC201064	40800.000000	0
1392	8980	0	7	FC210893	96000.000000	0
1393	8981	0	7	FC210894	96000.000000	0
1395	8714	0	7	FC210847	16500.000000	0
1394	8714	0	7	FC210847	5499.340000	0
1396	8298	0	7	FC210910	36000.000000	0
1397	1958	0	7	FR200016	-1100.000000	0
1397	2859	0	7	FC200845	70000.000000	0
1397	3265	0	7	FC200966	1520.000000	0
1397	3539	0	7	FC201057	1125.000000	0
1397	3540	0	7	FC201058	3200.000000	0
1397	3870	0	7	FC210043	8580.000000	0
1397	3871	0	7	FC210044	5160.000000	0
1397	3872	0	7	FC210045	8000.000000	0
1397	4080	0	7	FC210112	2810.000000	0
1397	4118	0	7	FC210121	2550.000000	0
1397	4164	0	7	FR210002	-2550.000000	0
1397	4166	0	7	FC210128	4800.000000	0
1397	4271	0	7	FC210153	1520.000000	0
1397	4460	0	7	FC210187	14000.000000	0
1397	4537	0	7	FC210208	16000.000000	0
1397	4694	0	7	FC210254	900.000000	0
1397	4700	0	7	FR210006	-900.000000	0
1397	5177	0	7	FC210355	1400.000000	0
1397	5206	0	7	FR210009	-1400.000000	0
1397	5223	0	7	FC210365	1200.000000	0
1398	3077	0	7	FC200912	7300.000000	0
1398	3576	0	7	FR200027	-1920.000000	0
1398	3146	0	7	FC200933	6720.000000	0
1398	3144	0	7	FC200934	10525.000000	0
1398	3201	0	7	FR200020	-900.000000	0
1398	3202	0	7	FC200948	2619.990000	0
1399	5670	0	7	FC210443	19633.000000	0
1400	7770	0	7	FC210921	780.000000	0
1401	8984	0	7	FC211141	26160.000000	0
1365	7291	0	7	FC210809	15000.000000	0
1365	7442	0	7	FC210839	24000.000000	0
1365	7443	0	7	FC210840	13107.840000	0
1402	300	0	7	FC200075	480.000000	0
1403	9047	0	7	FC211152	335.000000	0
1404	8752	0	7	FC211098	1850.000000	0
1405	8758	0	7	FC211101	7000.000000	0
1406	8642	0	7	FC211079	1960.000000	0
1407	8640	0	7	FC211078	5625.000000	0
1408	8960	0	7	FC210865	8330.080000	0
1409	9044	0	7	FC211151	1200.000000	0
1410	8404	0	7	FC211034	13600.000000	0
1411	8758	0	7	FC211101	7000.000000	0
1412	8943	0	7	FC211136	9400.000000	0
1413	8858	0	7	FC211120	3000.000000	0
1414	8753	0	7	FC211099	1116.000000	0
1415	8631	0	7	FC211075	1840.000000	0
1416	8385	0	7	FC211026	720.000000	0
1416	8401	0	7	FC211032	2700.000000	0
1417	7934	0	7	FC210950	0.010000	0
1417	8664	0	7	FC211085	3340.000000	0
1418	9307	0	7	FC211219	1200.000000	0
1418	9126	0	7	FC211180	2400.000000	0
1225	8272	0	7	FC210898	3600.000000	0
1420	7756	0	7	FC210914	6000.000000	0
1421	8724	0	7	FC210913	15000.000000	0
1422	9070	0	7	FC211168	1000.000000	0
1423	9114	0	7	FC211177	1500.000000	0
1425	9243	0	7	FC211204	720.000000	0
1426	9297	0	7	FC211216	12000.000000	0
1427	9117	0	7	FC211178	350.000000	0
1428	9346	0	7	FC211227	1800.000000	0
1429	8281	0	7	FC211010	2200.000000	0
1430	6164	0	7	FC210563	12120.000000	0
1431	5671	0	7	FC210444	16450.000000	0
1432	6726	0	7	FC210684	18020.000000	0
1287	7860	0	7	FC210938	1200.000000	0
1433	8730	0	7	FC211095	25020.000000	0
1434	8204	0	7	FC210995	7200.000000	0
1435	9052	0	7	FC211157	260.000000	0
1435	9133	0	7	FC211181	3200.000000	0
1436	8920	0	7	FC211130	5000.010000	0
1437	6031	0	7	FC210532	1819.200000	0
1437	6346	0	7	FC210604	1400.000000	0
1437	6728	0	7	FC210686	2139.200000	0
1438	9081	0	7	FC211170	2250.000000	0
1439	9061	0	7	FC211162	3840.000000	0
1440	5711	0	7	FC210455	4800.000000	0
1440	5750	0	7	FC210465	160.000000	0
1440	5975	0	7	FC210519	5120.000000	0
1441	6092	0	7	FC210545	1680.000000	0
1442	5171	0	7	FC210353	240.000000	0
1444	6228	0	7	FC210576	6720.000000	0
1444	6676	0	7	FC210671	4500.000000	0
1445	6457	0	7	FC210630	3888.000000	0
1445	6699	0	7	FC210675	5000.000000	0
1446	5157	0	7	FC210345	13150.000000	0
1447	7002	0	7	FC210685	4350.000000	0
1447	7006	0	7	FC210746	2250.000000	0
1447	7036	0	7	FC210754	4470.000000	0
1448	5701	0	7	FC210452	14837.000000	0
1449	8907	0	7	FC211125	660.000000	0
1450	6351	0	7	FC210606	725.000000	0
1450	7250	0	7	FC210794	1500.000000	0
1450	7533	0	7	FC210860	2400.000000	0
1450	7561	0	7	FC210869	1500.000000	0
1450	7850	0	7	FC210936	1500.000000	0
1451	7379	0	7	FC210826	3360.000000	0
1452	6669	0	7	FC210668	900.000000	0
1452	6874	0	7	FC210716	1800.000000	0
1452	7086	0	7	FC210764	5000.000000	0
1452	7167	0	7	FC210779	3000.000000	0
1452	7270	0	7	FC210799	1800.000000	0
1453	7504	0	7	FC210852	6900.000000	0
1453	7736	0	7	FC210907	840.000000	0
1454	9190	0	7	FC211191	1925.000000	0
1454	9225	0	7	FR210023	-355.000000	0
1455	6841	0	7	FC210708	600.000000	0
1455	8017	0	7	FC210967	1040.000000	0
1456	7117	0	7	FC210771	6720.000000	0
1457	6302	0	7	FC210591	3600.000000	0
1457	6528	0	7	FC210644	4800.000000	0
1457	6569	0	7	FC210650	1250.000000	0
1457	7035	0	7	FC210753	6000.000000	0
1457	7316	0	7	FC210814	12330.000000	0
1457	7480	0	7	FC210849	8640.000000	0
1457	7651	0	7	FC210882	7200.000000	0
1458	6725	0	7	FC210683	15225.000000	0
1459	5886	0	7	FC210500	11250.000000	0
1459	6199	0	7	FC210571	4950.000000	0
1460	9389	0	7	FC211233	3600.000000	0
1461	9353	0	7	FC211228	1500.000000	0
1462	9409	0	7	FC211242	1500.000000	0
1463	9246	0	7	FC211205	720.000000	0
1464	9200	0	7	FC211194	5160.000000	0
1465	9207	0	7	FC211195	2485.000000	0
1466	9254	0	7	FC211209	4400.000000	0
1467	9143	0	7	FC211183	3959.980000	0
1468	9096	0	7	FC211173	12000.000000	0
1469	9096	0	7	FC211173	12000.000000	0
1470	9250	0	7	FC211207	19900.000000	0
1470	9428	0	7	FR210026	-12500.000000	0
1471	9156	0	7	FC211185	2520.000000	0
1472	8944	0	7	FC211137	2560.080000	0
1473	9007	0	7	FC211143	1800.000000	0
1474	9042	0	7	FC211150	3300.000000	0
1475	9160	0	7	FC211186	1200.000000	0
1476	9231	0	7	FC211201	1200.000000	0
1476	9249	0	7	FC211206	2400.000000	0
1419	7771	0	7	FC210922	909.600000	0
1419	8006	0	7	FC210965	2800.000000	0
1419	8208	0	7	FC210996	800.000000	0
1477	9234	0	7	FC211202	1250.000000	0
1478	8332	0	7	FC211020	2950.000000	0
1479	9447	0	7	FC211256	13250.000000	0
1480	9460	0	7	FC211259	350.000000	0
1481	9421	0	7	FC211247	3800.000000	0
1482	3397	0	7	FC201014	600.000000	0
1482	4372	0	7	FC210172	2100.000000	0
1482	4596	0	7	FC210221	720.000000	0
1482	4874	0	7	FC210281	2140.000000	0
1483	8053	0	7	FC210974	62201.520000	0
1484	9471	0	7	FC211261	360.000000	0
1485	8771	0	7	FC211103	3070.000000	0
1486	9479	0	7	FC211263	3900.000000	0
1487	7764	0	7	FC210918	1700.000000	0
1488	8502	0	7	FC211055	19450.000000	0
1489	9050	0	7	FC211155	10970.000000	0
1490	2664	0	7	FC200775	5985.000000	0
1491	9547	0	7	FC211283	7700.000000	0
1492	9538	0	7	FC211280	350.000000	0
1493	9549	0	7	FC211284	600.000000	0
1494	3663	0	7	FC201088	1740.010000	0
1494	3707	0	7	FC201100	13640.000000	0
1494	3867	0	7	FC210041	1604.000000	0
1494	3868	0	7	FC210042	1360.000000	0
1494	4625	0	7	FC210230	680.000000	0
1494	4630	0	7	FC210235	1700.000000	0
1494	4633	0	7	FC210238	680.000000	0
1494	4636	0	7	FC210241	1360.000000	0
1494	4638	0	7	FC210243	1935.000000	0
1494	5161	0	7	FC210349	11240.000000	0
1494	5675	0	7	FC210448	14060.990000	0
1495	8257	0	7	FC211009	1680.000000	0
1496	7951	0	7	FC210955	43014.000000	0
1497	3813	0	7	FC210018	40320.000000	0
1498	8968	0	7	FC211140	2195.000000	0
1499	7095	0	7	FC210766	1440.000000	0
1500	9212	0	7	FC211196	1480.000000	0
1501	4231	0	7	FC210146	336000.000000	0
1502	3902	0	7	FC210056	750.000000	0
1502	6372	0	7	FC210611	10788.000000	0
1502	6454	0	7	FC210629	12456.000000	0
1502	6481	0	7	FC210634	2160.000000	0
1502	6487	0	7	FC210635	5452.000000	0
1502	6867	0	7	FC210713	6032.000000	0
1502	7041	0	7	FC210756	6144.000000	0
1502	7449	0	7	FC210841	900.000000	0
1502	7535	0	7	FC210861	7872.000000	0
1502	7652	0	7	FC210883	5824.000000	0
1502	7733	0	7	FC210906	5836.000000	0
1279	8164	0	7	FC210990	300.000000	0
1503	9685	0	7	FC211312	765.000000	0
1503	9704	0	7	FC211315	1400.000000	0
1504	8199	0	7	FC210994	6000.000000	0
1504	8627	0	7	FC211073	480.000000	0
1505	5492	0	7	FC210413	1294.000000	0
1505	6517	0	7	FC210642	2300.000000	0
1505	7204	0	7	FC210783	2300.000000	0
1505	7392	0	7	FC210830	180.000000	0
1505	7509	0	7	FC210853	960.000000	0
1506	8638	0	7	FC211077	1440.000000	0
1507	8053	0	7	FC210974	438.480000	0
1508	9729	0	7	FC211319	1200.000000	0
1509	8817	0	7	FC211112	4800.000000	0
1510	9740	0	7	FC211322	3360.000000	0
1511	8041	0	7	FC210969	8800.000000	0
1512	5613	0	7	FC210434	30600.000000	0
1513	5612	0	7	FC210430	310932.000000	0
1514	5612	0	7	FC210430	478.000000	0
1515	9450	0	7	FC211257	375.000000	0
1516	9782	0	7	FC211329	3900.000000	0
1517	9785	0	7	FC211330	1200.000000	0
1518	9725	0	7	FC211318	2560.080000	0
1519	9804	0	7	FC211333	5525.000000	0
1520	9485	0	7	FC211267	7310.000000	0
1521	9480	0	7	FC211264	3690.000000	0
1522	9370	0	7	FC211231	2600.000000	0
1523	9512	0	7	FC211275	2520.000000	0
1524	9481	0	7	FC211265	2400.000000	0
1525	9521	0	7	FC211277	2480.000000	0
1526	9613	0	7	FC211299	4840.000000	0
1527	9416	0	7	FC211244	14880.000000	0
1528	9672	0	7	FC211309	14100.000000	0
1529	9603	0	7	FC211296	1620.000000	0
1530	9455	0	7	FC211258	300.000000	0
1531	6448	0	7	FC210628	980900.460000	0
1532	6448	0	7	FC210628	69585.540000	0
1533	9833	0	7	FC211336	3340.000000	0
1534	8628	0	7	FC211074	4320.000000	0
1535	7066	0	7	FC210759	1800.000000	0
1535	7413	0	7	FC210832	30240.000000	0
1536	9849	0	7	FC211341	1200.000000	0
1537	9933	0	7	FC211357	1200.000000	0
1443	4891	0	7	FC210286	3750.000000	0
1443	4926	0	7	FC210295	1496.000000	0
1443	5062	0	7	FC210324	800.000000	0
1443	5063	0	7	FC210325	1200.000000	0
1443	5144	0	7	FC210342	2992.000000	0
1443	5187	0	7	FC210358	2058.000000	0
1443	5217	0	7	FC210363	3000.000000	0
1443	5232	0	7	FC210367	55920.000000	0
1443	5377	0	7	FC210394	3192.000000	0
1538	5377	0	7	FC210394	2058.000000	0
1538	5413	0	7	FC210401	2992.000000	0
1538	5793	0	7	FC210474	5472.000000	0
1538	5805	0	7	FC210477	8800.000000	0
1538	5811	0	7	FC210479	8376.500000	0
1538	5866	0	7	FC210493	4200.000000	0
1538	5870	0	7	FC210494	1496.000000	0
1538	5932	0	7	FC210509	1500.000000	0
1538	5935	0	7	FC210510	1500.000000	0
1538	5938	0	7	FC210511	4500.000000	0
1539	9926	0	7	FC211354	2400.000000	0
1540	9937	0	7	FC211358	3360.000000	0
1541	4497	0	7	FC210165	16800.000000	0
1541	5842	0	7	FC210483	3000.000000	0
1541	5848	0	7	FC210489	300.000000	0
1542	4644	0	7	FC210245	22000.000000	0
1542	4769	0	7	FC210268	2000.000000	0
1543	4769	0	7	FC210268	3250.000000	0
1543	5421	0	7	FC210387	9120.000000	0
1543	5430	0	7	FC210403	4200.000000	0
1543	5474	0	7	FC210411	2500.000000	0
1543	5579	0	7	FC210426	700.000000	0
1543	5619	0	7	FC210436	23570.000000	0
1544	5619	0	7	FC210436	15260.000000	0
1544	5843	0	7	FC210484	1050.000000	0
1544	5844	0	7	FC210485	9600.000000	0
1544	5845	0	7	FC210486	10500.000000	0
1544	5846	0	7	FC210487	30000.000000	0
1544	5847	0	7	FC210488	7069.990000	0
1545	6824	0	7	FC210706	1170.000000	0
1546	8757	0	7	FC211100	81360.000000	0
1547	8256	0	7	FC211008	1440.000000	0
1548	5674	0	7	FC210447	3360.000000	0
1549	8832	0	7	FC211114	3000.000000	0
1550	9789	0	7	FC211331	265.000000	0
1551	9914	0	7	FC211351	110.000000	0
1552	8680	0	7	FC211089	27124.800000	0
1553	8676	0	7	FC211087	220392.000000	0
1554	8170	0	7	FC210992	286351.200000	0
1555	8604	0	7	FC211071	292215.600000	0
1556	7762	0	7	FC210916	13316.000000	0
1557	8500	0	7	FC211053	11188.000000	0
1558	6985	0	7	FC210743	6600.000000	0
1559	6168	0	7	FC210566	42080.000000	0
1559	9054	0	7	FC211159	9880.000000	0
1559	9365	0	7	FC211230	1800.000000	0
1559	9972	0	7	FC211364	760.000000	0
1560	8390	0	7	FC211028	26410.000000	0
1560	8521	0	7	FC211060	19649.840000	0
1561	6576	0	7	FC210653	19020.000000	0
1562	7114	0	7	FC210770	2400.000000	0
1563	9928	0	7	FC211356	6045.000000	0
1564	9674	0	7	FC211311	1800.000000	0
1565	9834	0	7	FC211337	1950.000000	0
1566	9901	0	7	FC211349	1950.000000	0
1567	9719	0	7	FC211317	3300.000000	0
1568	9837	0	7	FC211339	2500.000000	0
1569	9807	0	7	FC211334	3880.000000	0
1570	10023	0	7	FC210341	5248980.000000	0
1571	10019	0	7	FC210512	3298752.000000	0
1572	10019	0	7	FC210512	13248.000000	0
1573	4279	0	7	FC210154	1200.000000	0
1574	6979	0	7	FC210741	1200.000000	0
1575	10064	0	7	FC211377	725.000000	0
1576	10001	0	7	FC211370	8650.000000	0
1577	10001	0	7	FC211370	6050.000000	0
1578	3650	0	7	FC201085	4200.000000	0
35	2534	0	7	FC200732	75.000000	0
163	3718	0	7	FC201103	1200.000000	0
1579	9964	0	7	FC211362	50000.000000	0
1580	9340	0	7	FC211224	30000.000000	0
1580	9582	0	7	FC211292	20000.000000	0
1581	10143	0	7	FC220002	1500.000000	0
1582	5675	0	7	FC210448	12714.010000	0
1582	6167	0	7	FC210565	18250.000000	0
1582	10028	0	7	FC211375	14240.000000	0
1582	10068	0	7	FC211381	24795.990000	0
1583	10068	0	7	FC211381	11184.010000	0
1583	10069	0	7	FC211382	7650.000000	0
1583	10070	0	7	FC211383	1870.000000	0
1583	10071	0	7	FC211384	15295.990000	0
1584	10071	0	7	FC211384	15359.010000	0
1584	10072	0	7	FC211385	20640.990000	0
1585	5847	0	7	FC210488	4930.010000	0
1585	5849	0	7	FC210490	29570.000000	0
1585	6131	0	7	FC210552	300.000000	0
1585	6132	0	7	FC210553	300.000000	0
1585	6573	0	7	FC210651	24000.000000	0
1585	6574	0	7	FC210652	15769.990000	0
1586	6574	0	7	FC210652	10070.010000	0
1586	6649	0	7	FC210666	699.990000	0
1587	3692	0	7	FC201095	120000.000000	0
1588	10045	0	7	FC211269	57570.000000	0
1589	9569	0	7	FC211286	30588.000000	0
1590	9792	0	7	FC211332	50592.000000	0
1591	9198	0	7	FC211193	36000.000000	0
1592	10207	0	7	FC220013	170.000000	0
1593	10212	0	7	FC220015	3424.000000	0
1594	7879	0	7	FC210940	1440.000000	0
1594	8169	0	7	FC210991	3840.000000	0
1594	8251	0	7	FC211005	11520.000000	0
1594	8316	0	7	FC211016	700.000000	0
1594	8319	0	7	FC211017	700.000000	0
1594	8432	0	7	FC211040	8560.000000	0
1595	8803	0	7	FC211108	3500.000000	0
1595	9004	0	7	FC211142	4080.100000	0
1595	9075	0	7	FC211169	640.000000	0
1595	9405	0	7	FC211240	12800.000000	0
1595	9530	0	7	FC211279	480.000000	0
1596	3939	0	7	FC210071	11048.400000	0
1597	3939	0	7	FC210071	24591.600000	0
1598	6330	0	7	FC210599	1011952.500000	0
1599	6330	0	7	FC210599	31297.500000	0
1600	844	0	7	FC200228	13032.560000	0
1601	4701	0	7	FC210257	1398.400000	0
1601	5138	0	7	FC210339	2100.000000	0
1601	5253	0	7	FC210372	2250.000000	0
1601	5520	0	7	FC210418	4400.000000	0
1601	5719	0	7	FC210457	1400.000000	0
1601	6314	0	7	FC210596	2100.000000	0
1601	6443	0	7	FC210627	1280.000000	0
1601	6539	0	7	FC210646	1350.000000	0
1601	6703	0	7	FC210676	3400.000000	0
1601	6864	0	7	FC210712	1200.000000	0
1601	6940	0	7	FC210730	2100.000000	0
1601	7067	0	7	FC210760	7740.000000	0
1601	7232	0	7	FC210789	1760.000000	0
1601	7545	0	7	FC210862	10580.000000	0
1601	7625	0	7	FC210877	1748.000000	0
1601	7810	0	7	FC210930	29200.000000	0
1601	8394	0	7	FC211029	68720.000000	0
1601	8396	0	7	FC211030	2580.000000	0
1601	8423	0	7	FC211038	1200.000000	0
1602	10284	0	7	FC220031	9000.000000	0
1603	10254	0	7	FC220024	1200.000000	0
1604	10255	0	7	FC220025	3600.000000	0
1605	10303	0	7	FC220034	1500.000000	0
1606	7550	0	7	FC210863	1600.000000	0
1607	7338	0	7	FC210817	1540.000000	0
1608	7093	0	7	FC210765	285.000000	0
1608	7717	0	7	FC210902	1960.000000	0
1608	8113	0	7	FC210982	1600.000000	0
1609	7869	0	7	FC210939	3200.000000	0
1609	8426	0	7	FC211039	840.000000	0
1610	6902	0	7	FC210721	10080.000000	0
1610	7053	0	7	FC210758	6720.000000	0
1610	7229	0	7	FC210788	13440.000000	0
1611	7421	0	7	FC210833	26880.000000	0
1612	10301	0	7	FC220032	3360.000000	0
1613	10304	0	7	FC220035	780.000000	0
1614	10305	0	7	FC220036	2450.000000	0
1615	3880	0	7	FC210047	216503.280000	0
1616	3880	0	7	FC210047	216.720000	0
1617	7655	0	7	FC210886	5616.000000	0
1618	7655	0	7	FC210886	384.000000	0
1619	7443	0	7	FC210840	5642.160000	0
1619	7732	0	7	FC210905	9357.800000	0
1620	9517	0	7	FC211276	3800.000000	0
1621	10392	0	7	FC220062	2250.000000	0
1621	10396	0	7	FC220063	250.000000	0
1622	10324	0	7	FC220041	27000.000000	0
1623	8984	0	7	FC211141	840.000000	0
1624	10373	0	7	FC220056	2500.000000	0
1625	9150	0	7	FC211184	7020.000000	0
1626	9222	0	7	FC211199	1992.000000	0
1627	9965	0	7	FC211363	54720.000000	0
1628	9066	0	7	FC211167	8240.000000	0
1629	10440	0	7	FC220067	2400.000000	0
1630	9587	0	7	FC211293	1850.000000	0
1631	10436	0	7	FC220065	3360.000000	0
1632	10439	0	7	FC220066	3360.000000	0
1633	10443	0	7	FC220068	440.000000	0
1634	10345	0	7	FC220048	190.000000	0
1635	10455	0	7	FC220073	180.000000	0
1636	10000	0	7	FC211369	23590.040000	0
1636	5725	0	7	FC210460	1609.960000	0
1637	10515	0	7	FC220087	17500.000000	0
1638	9058	0	7	FC211161	7080.000000	0
1638	9664	0	7	FC211307	8900.000000	0
1639	3669	0	7	FC201091	2200.000000	0
1639	6169	0	7	FC210567	2500.000000	0
1639	8806	0	7	FC211109	1250.000000	0
1639	9048	0	7	FC211153	1056.000000	0
1640	6688	0	7	FC210674	6250.000000	0
1641	7493	0	7	FC210851	6250.000000	0
1642	10240	0	7	FC220023	61135.000000	0
1643	5106	0	7	FC210334	1020.000000	0
1644	7080	0	7	FC210750	13800.000000	0
1645	10594	0	7	FC220106	1280.040000	0
1646	10613	0	7	FC220115	1200.000000	0
1647	10616	0	7	FC220116	1680.000000	0
1648	10196	0	7	FC220012	5200.000000	0
1649	10595	0	7	FC220107	2400.000000	0
1650	10596	0	7	FC220108	27000.000000	0
1651	10549	0	7	FC220098	1200.000000	0
1652	10516	0	7	FC220088	700.000000	0
1653	10519	0	7	FC220091	420.000000	0
1654	10643	0	7	FC220121	3600.000000	0
1655	10486	0	7	FC220083	440.000000	0
1656	10140	0	7	FC220000	700.000000	0
1657	10380	0	7	FC220059	520.000000	0
1658	10344	0	7	FC220047	5625.000000	0
1659	10228	0	7	FC220019	37500.000000	0
1660	10275	0	7	FC220029	13300.000000	0
1661	4631	0	7	FC210236	2100.000000	0
1662	10353	0	7	FC220052	6475.080000	0
1663	10453	0	7	FC220072	2560.080000	0
1664	10142	0	7	FC220001	13120.000000	0
1665	10343	0	7	FC220046	1880.000000	0
1666	10355	0	7	FC220053	2040.000000	0
1667	10397	0	7	FC220064	2000.000000	0
1668	10445	0	7	FC220070	2400.000000	0
1669	10465	0	7	FC220076	4850.000000	0
1670	10473	0	7	FC220077	3240.000000	0
1671	10523	0	7	FC220093	5747.200000	0
1672	8766	0	7	FC211102	5000.000000	0
1672	8774	0	7	FC211104	2160.000000	0
1673	9486	0	7	FC211268	3280.040000	0
1673	9164	0	7	FC211187	2160.000000	0
1674	10655	0	7	FC220124	20580.000000	0
1675	10329	0	7	FC220042	360.000000	0
1676	10745	0	7	FC220141	1870.000000	0
1677	10707	0	7	FC220133	1200.000000	0
1678	8370	0	7	FC211025	1824.000000	0
1678	9102	0	7	FC211175	2600.000000	0
1679	10711	0	7	FC220135	400.000000	0
1680	10699	0	7	FC220132	6600.000000	0
1681	10788	0	7	FC220146	2650.000000	0
1682	10790	0	7	FC220147	720.000000	0
1683	10914	0	7	FC220176	1200.000000	0
1684	10849	0	7	FC220164	1425.000000	0
1685	10842	0	7	FC220162	1500.000000	0
1686	9604	0	7	FC211297	2400.000000	0
1687	10898	0	7	FC220173	4200.000000	0
1688	10891	0	7	FC220172	900.000000	0
1689	10058	0	7	FC211274	1098120.000000	0
1690	10522	0	7	FC220092	1500.000000	0
1691	10646	0	7	FC220123	3000.000000	0
1692	8287	0	7	FC211011	1460.000000	0
1692	9024	0	7	FC211146	2500.000000	0
1693	10928	0	7	FC220179	250.000000	0
1694	10771	0	7	FC220145	2520.000000	0
1695	10229	0	7	FC220020	12000.000000	0
1695	7977	0	7	FC210960	1440.000000	0
1695	10735	0	7	FR220004	-1440.000000	0
1696	10514	0	7	FC220086	1250.000000	0
1697	10717	0	7	FC220137	3900.000000	0
1698	10682	0	7	FR220001	-6000.000000	0
1698	10684	0	7	FC220130	9838.800000	0
1699	10545	0	7	FC220097	2078.000000	0
1699	10555	0	7	FC220100	1520.000000	0
1700	10620	0	7	FC220117	2400.000000	0
1701	10943	0	7	FC220182	15600.000000	0
1702	4976	0	7	FC210305	480.000000	0
1703	5038	0	7	FC210318	220.000000	0
1704	6646	0	7	FC210664	100.000000	0
1705	9355	0	7	FC211229	0.010000	0
1706	8518	0	7	FC211059	320.000000	0
1706	8917	0	7	FC211129	320.000000	0
1706	8954	0	7	FC211139	1600.000000	0
1706	9978	0	7	FC211366	26028.000000	0
1706	9979	0	7	FC211367	17352.000000	0
1707	6649	0	7	FC210666	8966.010000	0
1708	10049	0	7	FC211272	457500.000000	0
1709	10051	0	7	FC211273	1044000.000000	0
1710	10057	0	7	FC211270	120000.000000	0
1711	2713	0	7	FC200799	1188.000000	0
1712	11053	0	7	FC220208	2400.000000	0
1713	11042	0	7	FC220204	225.000000	0
1714	11022	0	7	FC220200	1080.000000	0
1715	11007	0	7	FC220197	1250.000000	0
1716	4915	0	7	FC210292	750.000000	0
1716	7326	0	7	FC210815	3850.000000	0
1716	7434	0	7	FC210837	5000.000000	0
1716	7564	0	7	FC210870	960.000000	0
1716	7974	0	7	FC210959	2800.000000	0
1716	10029	0	7	FC211376	1800.000000	0
1717	10208	0	7	FC220014	2040.050000	0
1717	10271	0	7	FC220028	720.000000	0
1717	10348	0	7	FC220050	5760.000000	0
1717	10388	0	7	FC220060	5600.000000	0
1717	10444	0	7	FC220069	3840.000000	0
1717	10458	0	7	FC220074	3000.000000	0
1717	10464	0	7	FC220075	2440.000000	0
1718	10562	0	7	FC220101	14940.000000	0
1718	10659	0	7	FC220125	9600.000000	0
1718	10662	0	7	FC220126	960.000000	0
1718	10769	0	7	FC220144	9600.000000	0
1719	10796	0	7	FC220150	2160.000000	0
1719	10869	0	7	FC220168	28800.000000	0
1720	8709	0	7	FC211094	2572.000000	0
1720	10065	0	7	FC211378	27600.000000	0
1721	11092	0	7	FC220214	2280.000000	0
1722	11157	0	7	FC220225	560.000000	0
1723	11124	0	7	FC220221	7200.000000	0
1723	11147	0	7	FC220222	2850.000000	0
1724	11103	0	7	FC220216	3500.000000	0
1725	11159	0	7	FC220226	360.000000	0
1726	11099	0	7	FC220215	130.000000	0
1727	9568	0	7	FC211285	105228.000000	0
1728	3810	0	7	FC210016	25783.100000	0
1729	4562	0	7	FC210214	6720.000000	0
1729	4565	0	7	FC210215	16735.000000	0
1730	5070	0	7	FC210328	300.000000	0
1731	5080	0	7	FC210329	1840.000000	0
1732	5249	0	7	FC210371	26900.000000	0
1733	11209	0	7	FC220233	1500.000000	0
1734	9335	0	7	FC211222	425.000000	0
1734	9497	0	7	FC211271	85.000000	0
1735	10026	0	7	FC211373	1963.000000	0
1736	11311	0	7	FC220252	1200.000000	0
1737	10493	0	7	FC220084	9000.000000	0
1738	6438	0	7	FC210625	1500.000000	0
1738	6522	0	7	FC210643	1725.000000	0
1738	6578	0	7	FC210654	1120.000000	0
1739	7894	0	7	FC210944	2490.000000	0
1739	8407	0	7	FC211035	1350.000000	0
1740	7833	0	7	FC210932	175.000000	0
1741	7950	0	7	FC210954	37500.000000	0
1742	8885	0	7	FC211123	3200.000000	0
1743	7840	0	7	FC210933	35200.000000	0
1743	7928	0	7	FC210949	1600.000000	0
1743	7936	0	7	FC210951	13440.000000	0
1743	8310	0	7	FC211015	1600.000000	0
1744	7831	0	7	FC210931	2500.000000	0
1744	8857	0	7	FC211119	1250.000000	0
1745	11307	0	7	FC220250	27000.000000	0
1746	11364	0	7	FC220260	1500.000000	0
1747	11322	0	7	FC220255	1800.000000	0
1748	11378	0	7	FC220263	3600.000000	0
1749	11446	0	7	FC220281	110.000000	0
1750	7265	0	7	FC210797	10972.000000	0
1751	9051	0	7	FC211156	10975.000000	0
1752	9581	0	7	FC211291	13473.000000	0
1753	10024	0	7	FC211371	9887.000000	0
1754	10449	0	7	FC220071	565.000000	0
1755	11154	0	7	FC220224	1620.000000	0
1756	9220	0	7	FC211198	2560.080000	0
1756	9288	0	7	FC211214	2400.000000	0
1757	11449	0	7	FC220283	6000.000000	0
1758	11521	0	7	FC220295	4200.000000	0
1759	11576	0	7	FC220303	2400.000000	0
1760	11403	0	7	FC220266	2500.000000	0
1761	7287	0	7	FC210808	7430.000000	0
1762	3334	0	7	FC200988	975.000000	0
1762	4669	0	7	FR210005	-975.000000	0
1762	7519	0	7	FC210856	3360.000000	0
1763	9415	0	7	FC211243	300.000000	0
1764	7146	0	7	FC210772	14800.000000	0
1765	9274	0	7	FC211213	1875.000000	0
1766	8633	0	7	FC211076	1500.000000	0
1767	9374	0	7	FC211232	3200.000000	0
1768	3202	0	7	FC200948	2585.010000	0
1768	3203	0	7	FC200949	7450.000000	0
1768	3574	0	7	FR200024	-4800.000000	0
1768	3575	0	7	FR200025	-700.000000	0
1768	3724	0	7	FR200026	-625.000000	0
1768	3299	0	7	FC200977	300.000000	0
1768	7315	0	7	FC210813	4284.990000	0
1769	9259	0	7	FC211210	1420.000000	0
1769	9748	0	7	FC211324	1200.000000	0
1770	11040	0	7	FC220203	1200.000000	0
1770	11326	0	7	FC220256	1200.000000	0
1773	10475	0	7	FC220079	258720.000000	0
1774	11486	0	7	FC220016	9648.000000	0
1775	10222	0	7	FC220018	16632.000000	0
1776	2465	0	7	FC200713	21000.000000	0
1777	2004	0	7	FC200568	16800.000000	0
1778	2464	0	7	FC200712	4200.000000	0
1779	11606	0	7	FC220313	1800.000000	0
1780	11625	0	7	FC220316	2400.000000	0
1781	8504	0	7	FC211057	1455.000000	0
1781	8938	0	7	FC211134	450.000000	0
1781	9028	0	7	FC211148	285.000000	0
1782	9575	0	7	FC211287	720.000000	0
1783	11571	0	7	FC220302	960.000000	0
1784	11645	0	7	FC220320	1200.000000	0
1785	3496	0	7	FC201043	48240.000000	0
1785	3520	0	7	FC201048	28800.000000	0
1786	9856	0	7	FC211342	1300.000000	0
1786	9961	0	7	FC211361	2000.000000	0
1787	7763	0	7	FC210917	8160.000000	0
1787	7906	0	7	FC210947	6354.000000	0
1787	8021	0	7	FC210968	5750.000000	0
1787	8447	0	7	FC211043	6576.000000	0
1787	8930	0	7	FC211133	20100.000000	0
1787	9033	0	7	FC211149	2750.000000	0
1787	9331	0	7	FC211221	3072.000000	0
1787	9623	0	7	FC211301	5322.000000	0
1788	1664	0	7	FC200462	1630.000000	0
1788	1711	0	7	FC200472	420.000000	0
1788	1920	0	7	FC200540	2130.000000	0
1788	2519	0	7	FC200725	390.000000	0
1789	11597	0	7	FC220310	924.000000	0
1790	9874	0	7	FC211344	7750.000000	0
1791	11341	0	7	FC220258	2550.000000	0
1791	11370	0	7	FR220009	-2550.000000	0
1791	11833	0	7	FC220357	7200.000000	0
1792	9885	0	7	FC211345	4800.000000	0
1793	6390	0	7	FC210614	4600.000000	0
1794	6705	0	7	FC210677	7500.000000	0
1794	7382	0	7	FC210827	4600.000000	0
1795	4931	0	7	FC210296	600.000000	0
1795	5069	0	7	FC210327	1800.000000	0
1795	5744	0	7	FC210464	900.000000	0
1796	11788	0	7	FC220347	2500.000000	0
1797	11786	0	7	FC220346	960.000000	0
1798	11864	0	7	FC220361	1200.000000	0
1799	11411	0	7	FC220195	23109.800000	0
1800	11819	0	7	FC220353	2100.000000	0
1801	11806	0	7	FC220350	1500.000000	0
1802	11696	0	7	FC220331	3600.000000	0
1803	11672	0	7	FC220326	1800.000000	0
1804	11514	0	7	FC220293	1839.980000	0
1805	11434	0	7	FC220279	2250.000000	0
1806	11111	0	7	FC220220	1600.000000	0
1807	11293	0	7	FC220247	3640.000000	0
1808	11624	0	7	FC220315	7800.000000	0
1809	11626	0	7	FC220317	1200.000000	0
1810	11550	0	7	FC220301	2100.000000	0
1811	11547	0	7	FC220299	1400.000000	0
1812	11366	0	7	FC220262	4850.000000	0
1813	11548	0	7	FC220300	2400.000000	0
1814	11482	0	7	FC220291	6000.000000	0
1815	11462	0	7	FC220286	6470.000000	0
1816	11458	0	7	FC220285	1200.000000	0
1817	11365	0	7	FC220261	4900.000000	0
1818	11319	0	7	FC220254	49400.000000	0
1819	11162	0	7	FC220228	39300.000000	0
1820	11160	0	7	FC220227	3600.000000	0
1821	11028	0	7	FC220202	8100.000000	0
1822	10847	0	7	FC220163	3360.000000	0
1823	10929	0	7	FC220180	3900.000000	0
1824	10899	0	7	FC220174	2800.000000	0
1825	11318	0	7	FC220253	4180.000000	0
1826	11248	0	7	FC220242	1400.000000	0
1827	11387	0	7	FC220265	976.000000	0
1828	11801	0	7	FC220348	1100.000000	0
1829	7271	0	7	FC210800	20260.000000	0
1830	7765	0	7	FC210919	11200.000000	0
1831	9063	0	7	FC211164	186960.000000	0
1832	9062	0	7	FC211163	165612.000000	0
1833	9064	0	7	FC211165	3744.000000	0
1834	11242	0	7	FC220240	11772.000000	0
1835	11242	0	7	FC220240	228.000000	0
1836	10959	0	7	FC220185	7560.000000	0
1837	8647	0	7	FC211081	3620.000000	0
1837	9120	0	7	FC211179	3620.000000	0
1838	9140	0	7	FC211182	2500.000000	0
1839	8726	0	7	FC211096	4000.000000	0
1839	8822	0	7	FC211113	1350.000000	0
1840	8835	0	7	FC211115	17500.000000	0
1840	8839	0	7	FC211116	1600.000000	0
1840	8856	0	7	FC211118	6250.000000	0
770	11621	0	7	FR220010	-389963.520000	0
770	8860	0	7	FC210584	389963.520000	0
1841	1721	0	7	FC200473	9.360000	0
1842	10476	0	7	FC220080	251436.000000	0
1843	11896	0	7	FC220368	1200.000000	0
1844	12008	0	7	FC220390	1200.000000	0
1845	10806	0	7	FC220155	21770.000000	0
1846	11972	0	7	FC220383	3900.000000	0
1847	12069	0	7	FC220411	1200.000000	0
1848	11900	0	7	FC220370	1250.000000	0
1849	11982	0	7	FC220384	175.000000	0
1850	11909	0	7	FC220371	100.000000	0
1851	11701	0	7	FC220334	1140.000000	0
1852	11662	0	7	FC220324	750.000000	0
1853	5804	0	7	FC210476	2080.000000	0
1854	10478	0	7	FC220082	108000.000000	0
1855	196	0	7	FC200047	46152.000000	0
1856	197	0	7	FC200048	23379.500000	0
1857	9746	0	7	FC211323	1680.000000	0
1857	10391	0	7	FC220061	2200.000000	0
1857	10474	0	7	FC220078	1350.000000	0
1858	12129	0	7	FC220422	104.000000	0
1859	12071	0	7	FC220413	1200.000000	0
1860	3900	0	7	FC210054	7680.000000	0
1861	11652	0	7	FC220321	370.000000	0
1862	12213	0	7	FC220437	2400.000000	0
1863	11964	0	7	FC220382	1050.000000	0
1864	12154	0	7	FC220428	291.000000	0
1865	12179	0	7	FC220433	1200.000000	0
1866	6649	0	7	FC210666	334.000000	0
1866	6687	0	7	FC210673	7500.000000	0
1866	7946	0	7	FC210953	38500.000000	0
1866	8219	0	7	FC210999	4600.000000	0
1866	8220	0	7	FC211000	800.000000	0
1866	8348	0	7	FC211022	966.000000	0
1866	8451	0	7	FC211044	600.000000	0
1866	8452	0	7	FC211045	17200.000000	0
1867	8213	0	7	FC210997	4320.000000	0
1867	8329	0	7	FC211019	8640.000000	0
1867	9011	0	7	FC211145	7200.000000	0
1867	9835	0	7	FC211338	7200.000000	0
1868	2529	0	7	FC200730	18680.000000	0
1868	9386	0	7	FR210024	-18680.000000	0
1868	6991	0	7	FC210744	4560.000000	0
1869	8672	0	7	FC211086	2040.000000	0
1869	9406	0	7	FC211241	18680.000000	0
1870	7965	0	7	FC210957	5300.000000	0
1871	9438	0	7	FC211253	3100.000000	0
1871	9544	0	7	FC211282	1900.000000	0
1872	9109	0	7	FC211176	900.000000	0
1872	9195	0	7	FC211192	1700.000000	0
1872	9440	0	7	FC211254	5200.000000	0
1872	9477	0	7	FC211262	1600.000000	0
1873	10809	0	7	FC220158	680.000000	0
1873	10825	0	7	FC220160	1200.000000	0
1874	11994	0	7	FC220388	33600.240000	0
1875	11994	0	7	FC220388	33599.760000	0
1876	12290	0	7	FC220453	3000.000000	0
1877	11955	0	7	FC220379	36270.000000	0
1878	11955	0	7	FC220379	930.000000	0
1879	10184	0	7	FC220007	3770.000000	0
1879	10238	0	7	FC220022	600.000000	0
1879	11046	0	7	FC220205	180.000000	0
1880	11410	0	7	FC220273	5450.000000	0
1881	10798	0	7	FC220151	4815.000000	0
1882	9090	0	7	FC211172	25000.000000	0
1882	9344	0	7	FC211225	10800.000000	0
1883	9598	0	7	FC211294	26150.000000	0
1883	9954	0	7	FC211360	17500.000000	0
1883	9994	0	7	FC211368	800.000000	0
1884	9176	0	7	FC211188	1350.000000	0
1884	9304	0	7	FC211218	5600.000000	0
1884	9325	0	7	FC211220	1350.000000	0
1885	9355	0	7	FC211229	179.990000	0
1886	9612	0	7	FC211298	2450.000000	0
1886	9694	0	7	FC211314	360.000000	0
1887	9717	0	7	FC211316	4300.000000	0
1887	9888	0	7	FC211347	2700.000000	0
1888	11433	0	7	FC220278	3750.000000	0
1889	9673	0	7	FC211310	2500.000000	0
1890	9624	0	7	FC211302	1600.000000	0
1890	9975	0	7	FC211365	800.000000	0
1891	10306	0	7	FC220037	5000.000000	0
1892	3781	0	7	FC210007	975.000000	0
1892	4228	0	7	FC210145	840.000000	0
1892	4844	0	7	FC210276	825.000000	0
1892	5717	0	7	FC210456	1260.000000	0
1892	11653	0	7	FC220322	1480.000000	0
1892	12243	0	7	FC220443	1625.000000	0
1893	9057	0	7	FC211160	980.000000	0
1893	9417	0	7	FC211245	3490.000000	0
1894	9832	0	7	FC211335	8960.280000	0
1895	12070	0	7	FC220412	840.000000	0
1896	12096	0	7	FC220417	3535.000000	0
1897	12313	0	7	FC220458	480.000000	0
1898	11880	0	7	FC220364	3200.000000	0
1899	11583	0	7	FC220304	12900.000000	0
1900	11583	0	7	FC220304	12900.000000	0
1901	12092	0	7	FC220416	2160.000000	0
1902	11987	0	7	FC220385	15000.000000	0
1903	12016	0	7	FC220391	1660.000000	0
1904	11947	0	7	FC220377	3450.000000	0
1905	11698	0	7	FC220333	11400.000000	0
1906	11803	0	7	FC220349	3500.020000	0
1907	11472	0	7	FC220289	66912.000000	0
1908	12466	0	7	FC220491	360.000000	0
1909	12465	0	7	FC220490	45.000000	0
1910	12464	0	7	FC220489	45.000000	0
1911	11917	0	7	FC220372	13500.000000	0
1912	12441	0	7	FC220485	11920.000000	0
1913	11412	0	7	FC220274	11240.000000	0
1914	12503	0	7	FC220497	3000.000000	0
1915	8070	0	7	FC210976	847.500000	0
1915	8141	0	7	FC210987	1440.000000	0
1916	8908	0	7	FC211126	2250.000000	0
1917	9599	0	7	FC211295	5148.000000	0
1918	12358	0	7	FC220468	520.000000	0
1919	12331	0	7	FC220460	9000.000000	0
1920	12345	0	7	FC220465	2400.000000	0
1921	9751	0	7	FC211325	543.500000	0
1922	7640	0	7	FC210880	1000.000000	0
1923	10066	0	7	FC211379	12480.000000	0
1923	10671	0	7	FC220129	16560.000000	0
1923	11677	0	7	FR220012	-6960.000000	0
1923	11680	0	7	FC220329	5040.000000	0
1923	12531	0	7	FC220504	540.000000	0
1924	11709	0	7	FC220241	9630.000000	0
1925	307	0	7	FC200076	2520.000000	0
1925	1729	0	7	FC200474	2520.000000	0
1926	9857	0	7	FC211343	9750.000000	0
1926	4353	0	7	FC210167	8100.000000	0
1927	7519	0	7	FC210856	4140.000000	0
1928	8164	0	7	FC210990	2525.000000	0
1928	9292	0	7	FC211215	2325.000000	0
1928	11448	0	7	FC220282	1350.000000	0
1928	11988	0	7	FC220386	2675.000000	0
1929	12516	0	7	FC220501	540.000000	0
1930	12506	0	7	FC220498	3600.000000	0
1931	12485	0	7	FC220495	1200.000000	0
1934	10221	0	7	FC220017	35208.000000	0
1935	11241	0	7	FC220239	941.760000	0
1936	11241	0	7	FC220239	18.240000	0
1937	12608	0	7	FC220520	720.000000	0
1938	12133	0	7	FC220425	1340.000000	0
1939	12591	0	7	FC220516	420.000000	0
1940	12367	0	7	FC220472	620.000000	0
1941	11063	0	7	FC220210	33139.860000	0
1942	12210	0	7	FC220436	3600.000000	0
1943	12238	0	7	FC220440	800.000000	0
1944	12241	0	7	FC220441	13920.000000	0
1945	12218	0	7	FC220438	1920.000000	0
1946	12244	0	7	FC220444	9575.000000	0
1947	12397	0	7	FC220477	4700.000000	0
1948	12509	0	7	FC220499	1260.000000	0
1949	12479	0	7	FC220493	2740.000000	0
1950	12398	0	7	FC220478	27390.000000	0
1951	12461	0	7	FC220488	2850.000000	0
1952	12460	0	7	FC220487	2800.000000	0
1953	12411	0	7	FC220481	2600.000000	0
1954	12383	0	7	FC220474	1950.000000	0
1955	12342	0	7	FC220463	6400.200000	0
1956	12344	0	7	FC220464	4350.400000	0
1957	12680	0	7	FC220538	2400.000000	0
1958	12673	0	7	FC220537	2400.000000	0
1959	12670	0	7	FC220536	1200.000000	0
1960	12659	0	7	FC220533	1500.000000	0
1961	2361	0	7	FC200682	1260.000000	0
1961	8503	0	7	FC211056	700.000000	0
1961	9053	0	7	FC211158	900.000000	0
1962	12034	0	7	FC220397	900.000000	0
1963	6304	0	7	FC210592	21000.000000	0
1963	11892	0	7	FC220367	900.000000	0
1963	12031	0	7	FR220014	-900.000000	0
1964	9918	0	7	FC211352	455688.000000	0
1965	10477	0	7	FC220081	10800.000000	0
1966	9065	0	7	FC211166	150000.000000	0
1967	9268	0	7	FC211211	14400.000000	0
1967	9269	0	7	FC211212	558.700000	0
1968	10330	0	7	FC220043	7500.000000	0
1968	10603	0	7	FC220113	30292.000000	0
1969	11879	0	7	FC220363	3600.000000	0
1970	9418	0	7	FC211246	2380.000000	0
1970	11051	0	7	FC220206	1840.000000	0
1971	11816	0	7	FC220352	11025.000000	0
1972	11586	0	7	FC220305	18000.000000	0
1973	11861	0	7	FC220360	1740.000000	0
1974	8501	0	7	FC211054	9250.000000	0
1975	10025	0	7	FC211372	12290.000000	0
1975	9580	0	7	FC211290	700.000000	0
1976	9049	0	7	FC211154	22400.000000	0
1977	12799	0	7	FC220560	2100.000000	0
1978	12738	0	7	FC220549	150.000000	0
1979	11240	0	7	FC220238	63568.800000	0
1980	11240	0	7	FC220238	1231.200000	0
1981	11065	1	17	FN1118	1520.000000	0
1982	12447	1	17	F221273	14078.220000	0
1983	9784	1	17	210802418	1000.000000	0
1983	9898	1	17	210602040	219.980000	0
1983	9897	1	17	210401409	540.000000	0
1984	9808	1	17	FA2114663	8831.640000	0
1984	9550	1	17	FA2112328	1279.380000	0
1985	12574	1	17	202200123	360.000000	0
1985	12575	1	17	202200124	1650.000000	0
1986	8670	1	17	FA0000057	4560.000000	0
1986	10036	1	17	FA00000092	10080.000000	0
1987	12448	1	17	FA2200486	6960.000000	0
1988	11142	1	17	F221833	3168.000000	0
1989	12577	1	17	F222001	709.460000	0
1990	12576	1	17	000944	470.000000	0
1991	11134	1	17	000793	235.020000	0
1992	11203	1	17	FA2200919	5850.000000	0
1993	12856	1	16	M2107352	8411.420000	0
1993	10033	1	17	M2108424	1590.720000	0
1993	10031	1	17	M2109364	2097.650000	0
1993	10030	1	17	M2110369	8432.850000	0
1993	9855	1	17	M2111387	2409.410000	0
1993	10059	1	17	M2112413	378.070000	0
1994	12453	1	17	FA2201325	6999.600000	0
1995	12819	1	17	F222788	2940.000000	0
1996	12820	1	17	F222983	1715.950000	0
1997	11523	1	17	FA8336	225.000000	0
1998	11785	1	17	FA220276	4980.000000	0
2000	12010	1	17	F223404	1000.030000	0
1999	12438	1	17	F224280	1698.560000	0
2002	12190	1	17	90016133	8400.000000	0
2003	12524	1	17	FA22040246	27600.000000	0
2004	10807	0	7	FC220156	5080.000000	0
2004	11408	0	7	FC220271	8080.000000	0
2005	11407	0	7	FC220270	5190.000000	0
2005	10987	0	7	FC220191	425.000000	0
2006	12039	0	7	FC220402	8615.000000	0
2007	12851	0	7	FC220569	2212.000000	0
2008	12938	0	7	FC220587	2400.000000	0
2009	12931	0	7	FC220585	6000.000000	0
2010	12733	0	7	FC220548	1500.000000	0
2011	12788	0	7	FC220556	30000.000000	0
2012	12642	0	7	FC220528	3090.000000	0
2013	12643	0	7	FC220529	2280.000000	0
2014	12612	0	7	FC220522	25000.000000	0
2015	12607	0	7	FC220519	2500.000000	0
2016	12611	0	7	FC220521	11400.040000	0
2017	12691	0	7	FC220540	1632.000000	0
2018	12667	0	7	FC220535	9300.000000	0
2019	12666	0	7	FC220534	13000.000000	0
2020	12789	0	7	FC220557	2680.080000	0
2021	12547	0	7	FC220507	4510.000000	0
2022	10579	0	7	FC220102	350.000000	0
2022	11914	0	7	FR220013	-350.000000	0
2022	12985	0	7	FC220602	350.000000	0
2023	13031	0	7	FC220612	1200.000000	0
2024	13038	0	7	FC220615	2400.000000	0
2025	10669	0	7	FC220127	6880.080000	0
2026	12754	0	7	FC220552	1250.000000	0
2026	13060	0	7	FC220620	800.000000	0
2027	13093	0	7	FC220630	350.000000	0
2028	13085	0	7	FC220627	2280.000000	0
1880	12302	0	7	FC220455	4200.000000	0
2030	9665	0	7	FC211308	3200.000000	0
2030	10181	0	7	FC220004	3200.000000	0
2030	10581	0	7	FC220104	1600.000000	0
2031	10183	0	7	FC220006	50800.000000	0
2032	11006	0	7	FC220196	850.000000	0
2033	10977	0	7	FR220005	-150.000000	0
2033	11331	0	7	FC220257	5900.000000	0
2033	10975	0	7	FC220188	4950.000000	0
2034	11060	0	7	FC220209	25000.000000	0
2034	10863	0	7	FC220167	2864.000000	0
2035	11870	0	7	FC220362	1600.000000	0
2035	11959	0	7	FC220380	12500.000000	0
2035	12028	0	7	FC220396	800.000000	0
2035	11417	0	7	FC220275	25000.000000	0
2036	10186	0	7	FC220009	5100.000000	0
2037	10821	0	7	FC220159	4800.000000	0
2038	11418	0	7	FC220276	4800.000000	0
2039	10635	0	7	FC220120	800.000000	0
2040	3012	0	7	FC200889	41040.000000	0
2040	12429	0	7	FC220482	10700.000000	0
2040	12915	0	7	FC220582	2620.000000	0
2041	12881	0	7	FC220575	5280.000000	0
2042	12917	0	7	FC220583	1036.000000	0
2043	12925	0	7	FC220584	1920.000000	0
2044	12823	0	7	FC220565	2522.020000	0
2045	12999	0	7	FC220605	12500.000000	0
2046	12999	0	7	FC220605	12500.000000	0
2047	12751	0	7	FC220551	656.010000	0
2048	12879	0	7	FC220574	3000.000000	0
2049	8662	0	7	FC211084	737601.200000	0
2050	8662	0	7	FC211084	178460.800000	0
2051	8697	0	7	FC211090	10594.800000	0
2052	8697	0	7	FC211090	5605.200000	0
2053	10187	0	7	FC220010	3200.000000	0
2053	10188	0	7	FC220011	315.000000	0
2053	10634	0	7	FC220119	1870.000000	0
2054	8509	0	7	FC211058	3860.000000	0
2054	8537	0	7	FC211061	2880.000000	0
2054	8555	0	7	FC211064	2880.000000	0
2054	8558	0	7	FR210018	-2880.000000	0
2054	8701	0	7	FC211092	1360.000000	0
2054	8748	0	7	FC211097	1200.000000	0
2054	8862	0	7	FC211121	1280.040000	0
2054	8889	0	7	FC211124	8640.000000	0
2054	9025	0	7	FC211147	2100.000000	0
2054	9097	0	7	FC211174	1360.000000	0
2054	9236	0	7	FC211203	11120.000000	0
2029	9300	0	7	FC211217	400.000000	0
2029	9337	0	7	FC211223	1324.000000	0
2029	9432	0	7	FC211251	4000.000000	0
2029	9523	0	7	FC211278	360.000000	0
2029	9655	0	7	FC211306	7000.000000	0
2029	9688	0	7	FC211313	1360.000000	0
2029	9772	0	7	FC211327	15600.000000	0
2055	12866	0	7	FC220573	323340.000000	0
2056	9429	0	7	FC211250	6750.000000	0
2056	11305	0	7	FC220249	6750.000000	0
2057	12036	0	7	FC220399	2520.000000	0
2057	12113	0	7	FC220421	6750.000000	0
2058	12621	0	7	FC220523	19500.000000	0
2059	12621	0	7	FC220523	19500.000000	0
2060	10955	0	7	FC220184	1900.000000	0
2060	10974	0	7	FC220187	1800.000000	0
2060	10988	0	7	FC220192	1250.000000	0
2060	11025	0	7	FC220201	3750.000000	0
2060	11080	0	7	FC220213	1250.000000	0
2060	11193	0	7	FC220232	1200.000000	0
2060	11347	0	7	FC220259	2520.000000	0
2060	11466	0	7	FC220287	700.000000	0
2060	11485	0	7	FC220292	2400.000000	0
2060	11594	0	7	FC220309	2500.000000	0
2060	11746	0	7	FC220340	2500.000000	0
2060	11779	0	7	FC220345	2880.000000	0
2060	11811	0	7	FC220351	6400.000000	0
2060	11857	0	7	FC220359	3600.000000	0
2060	11951	0	7	FC220378	1900.000000	0
2061	12132	0	7	FC220424	1600.000000	0
2061	12261	0	7	FC220446	3750.000000	0
2061	12300	0	7	FC220454	3650.000000	0
2061	12354	0	7	FC220466	5000.000000	0
2061	12373	0	7	FC220473	700.000000	0
2061	12450	0	7	FC220486	1250.000000	0
2061	12631	0	7	FC220524	1250.000000	0
2061	12690	0	7	FC220539	1100.000000	0
2062	9426	0	7	FC211249	5925.000000	0
2063	13236	0	7	FC220664	2400.000000	0
2064	12501	0	7	FC220496	10200.000000	0
2065	10530	0	7	FC220094	4320.000000	0
2066	13347	0	7	FC220688	1200.000000	0
2067	13333	0	7	FC220685	2400.000000	0
2068	13311	0	7	FC220680	3000.000000	0
2069	13312	0	7	FC220681	1200.000000	0
2070	12040	0	7	FC220403	20880.000000	0
2071	6108	0	7	FC210549	600.000000	0
2072	13331	0	7	FC220684	600.000000	0
2073	13339	0	7	FC220687	552.000000	0
2074	12772	0	7	FC220554	945.000000	0
2075	13467	0	7	FC220718	2400.000000	0
2076	13290	0	7	FC220673	972.000000	0
2077	13359	0	7	FC220689	3000.000000	0
2078	13391	0	7	FC220698	5650.000000	0
2079	13554	0	7	FC220741	9500.000000	0
2080	13518	0	7	FC220732	1080.000000	0
2081	11614	0	7	FC220314	14400.000000	0
2082	11922	0	7	FC220373	9000.000000	0
2082	11923	0	7	FC220374	9060.000000	0
2083	13443	0	7	FC220712	2720.000000	0
2084	13438	0	7	FC220711	700.000000	0
2085	12522	0	7	FC220502	146560.800000	0
2085	12586	0	7	FR220018	-83124.000000	0
2085	12940	0	7	FC220588	58336.640000	0
2085	13050	0	7	FC220618	1950.000000	0
2086	10804	0	7	FC220153	15300.000000	0
2087	11405	0	7	FC220268	11200.000000	0
2088	12035	0	7	FC220398	3350.000000	0
2089	13313	0	7	FC220682	14000.000000	0
2090	13335	0	7	FC220686	980.000000	0
2091	13525	0	7	FC220735	1500.000000	0
2092	13486	0	7	FC220726	6000.000000	0
2093	13524	0	7	FC220734	2800.000000	0
2094	13158	0	7	FC220644	1260.000000	0
2095	13153	0	7	FC220643	2650.030000	0
2096	13421	0	7	FC220706	1368.010000	0
2097	13445	0	7	FC220713	3840.000000	0
2098	13229	0	7	FC220660	1040.000000	0
2099	13114	0	7	FC220636	520.000000	0
2100	13063	0	7	FC220621	19380.000000	0
2101	13068	0	7	FC220623	12500.000000	0
2102	13113	0	7	FC220635	2880.000000	0
2103	13186	0	7	FC220653	5580.000000	0
2104	13185	0	7	FC220652	1350.000000	0
2105	13409	0	7	FC220703	2400.000000	0
2106	13483	0	7	FC220725	3580.000000	0
2107	13272	0	7	FC220672	8460.000000	0
2108	13065	0	7	FC220622	4950.000000	0
2109	12996	0	7	FC220604	3750.000000	0
2110	13075	0	7	FC220625	8340.000000	0
2111	13099	0	7	FC220632	680.000000	0
2112	13528	0	7	FC220736	3000.000000	0
2113	13254	0	7	FC220666	4400.000000	0
2114	13073	0	7	FC220624	1856.040000	0
2115	13310	0	7	FC220679	2500.000000	0
2116	13407	0	7	FC220702	2350.000000	0
2117	13411	0	7	FC220704	18433.200000	0
2118	13430	0	7	FC220709	9920.000000	0
2119	13427	0	7	FC220708	41760.000000	0
2120	13454	0	7	FC220716	3600.000000	0
2121	13206	0	7	FC220657	4060.080000	0
2122	13230	0	7	FC220661	400.000000	0
2123	13425	0	7	FC220707	1560.000000	0
2124	13529	0	7	FC220737	80.000000	0
2125	13102	0	7	FC220633	1500.000000	0
2126	9919	0	7	FC211353	8784.000000	0
2127	13006	0	7	FC220606	40.000000	0
2128	12984	0	7	FC220601	2400.000000	0
2129	13097	0	7	FC220631	75.000000	0
2130	12859	0	7	FC220571	75.000000	0
2131	13266	0	7	FC220670	210.000000	0
2132	11146	0	7	FR220006	-2960.000000	0
2132	10859	0	7	FC220166	2960.000000	0
2132	9842	0	7	FC211340	1000.000000	0
2132	10332	0	7	FC220044	5650.000000	0
2132	10333	0	7	FC220045	10000.000000	0
2132	10510	0	7	FC220085	15040.160000	0
2132	10756	0	7	FC220143	5700.000000	0
2132	10889	0	7	FC220171	1200.000000	0
2132	10923	0	7	FC220178	4000.000000	0
2132	11015	0	7	FC220199	2100.000000	0
2132	11052	0	7	FC220207	225.000000	0
2132	11284	0	7	FC220245	2100.000000	0
2132	11630	0	7	FC220319	1400.000000	0
2132	11749	0	7	FC220341	1400.000000	0
2133	4592	0	7	FC210220	1010.000000	0
2133	9640	0	7	FC211304	3240.000000	0
2134	8643	0	7	FC211080	1838.590000	0
2135	8643	0	7	FC211080	6225.410000	0
2183	11889	0	7	FC220366	71325.000000	0
2184	11889	0	7	FC220366	3675.000000	0
2186	12169	0	7	FC220431	1160.000000	0
2187	12318	0	7	FC220459	4100.000000	0
2188	9467	0	7	FC211260	2400.000000	0
2188	9903	0	7	FC211350	660.000000	0
2189	10755	0	7	FC220142	3815.000000	0
2136	13856	0	7	FC220810	320.000000	0
2190	13988	0	7	FC220845	3175.000000	0
2192	14358	0	7	FC220932	1750.000000	0
2193	14149	0	7	FC220875	3620.000000	0
2194	14171	0	7	FC220880	3600.000000	0
2195	13827	0	7	FC220805	12500.000000	0
2162	13661	0	7	FC220761	4800.000000	0
2196	12956	0	7	FC220595	4652.500000	0
2197	13763	0	7	FC220787	2550.000000	0
2198	13618	0	7	FC220754	10800.000000	0
2157	13943	0	7	FC220832	242.000000	0
2199	13633	0	7	FC220756	1500.000000	0
2159	13696	0	7	FC220770	2900.000000	0
2161	13522	0	7	FC220733	1200.000000	0
2200	13952	0	7	FC220834	27000.000000	0
2137	13882	0	7	FC220815	5000.000000	0
2144	13453	0	7	FC220715	2160.000000	0
2150	13695	0	7	FC220769	2500.000000	0
2201	14484	0	7	FC220969	3750.000000	0
2203	14491	0	7	FC220970	440.000000	0
2204	13817	0	7	FC220802	350.000000	0
2151	13808	0	7	FC220799	7200.000000	0
2174	11469	0	7	FC220288	1200.000000	0
2205	14530	1	17	202201174	1789.720000	0
2206	14540	0	7	FC220983	1820.000000	0
2167	12046	0	7	FC220406	4630.000000	0
2177	11184	0	7	FC220231	1350.000000	0
2177	10857	0	7	FC220165	6080.000000	0
2180	10182	0	7	FC220005	1870.000000	0
2180	10539	0	7	FC220095	800.000000	0
2180	10630	0	7	FC220118	800.000000	0
2180	10729	0	7	FC220139	800.000000	0
2181	11432	0	7	FC220277	5100.000000	0
2181	11721	0	7	FC220335	390.000000	0
2207	13778	0	7	FC220792	300.000000	0
2207	13774	0	7	FC220790	1200.000000	0
2208	12581	0	7	FC220511	3380.000000	0
2158	13918	0	7	FC220827	1708.000000	0
2173	10323	0	7	FC220040	2880.000000	0
2210	14495	0	7	FC220972	1200.000000	0
2211	14524	0	7	FC220979	1440.000000	0
2212	14455	0	7	FC220955	9230.000000	0
2213	14076	0	7	FC220860	27000.000000	0
2145	14316	0	7	FC220919	27000.000000	0
2214	12582	0	7	FC220512	9700.000000	0
2214	12957	0	7	FC220596	7180.000000	0
2216	14378	0	7	FC220936	5120.000000	0
2217	14231	0	7	FC220896	128.000000	0
2218	14502	0	7	FC220975	1300.000000	0
2219	14527	0	7	FC220980	280.000000	0
2220	14543	0	7	FC220985	1300.000000	0
2221	5585	0	7	FC210429	250.000000	0
2222	14329	0	7	FC220922	180.000000	0
2223	14371	0	7	FC220934	225.000000	0
2224	14346	0	7	FC220926	1020.000000	0
2225	14119	0	7	FC220868	220.000000	0
2228	14108	0	7	FC220866	250.000000	0
2227	14042	0	7	FC220852	400.000000	0
2230	13782	0	7	FC220793	400.000000	0
2229	13772	0	7	FC220789	170.000000	0
2231	14064	0	7	FC220855	350.000000	0
2232	13535	0	7	FC220738	2400.000000	0
2233	12580	0	7	FC220510	16368.400000	0
2234	12955	0	7	FC220594	12960.000000	0
2235	13910	0	7	FC220822	21009.000000	0
2236	13479	0	7	FC220721	13439.000000	0
2237	11406	0	7	FC220269	19519.000000	0
2238	12037	0	7	FC220400	16227.600000	0
2239	10805	0	7	FC220154	20849.600000	0
2240	14636	0	7	FC221005	2400.000000	0
2241	12365	0	7	FC220470	1540.000000	0
2241	12431	0	7	FC220483	340.000000	0
2241	12510	0	7	FC220500	1250.000000	0
2241	12794	0	7	FC220559	2600.000000	0
2242	14658	0	7	FC221006	7200.000000	0
2243	14589	0	7	FC220995	825.000000	0
2244	12953	0	7	FC220592	1250.000000	0
2244	13057	0	7	FC220619	1250.000000	0
2244	13080	0	7	FC220626	2400.000000	0
2244	13196	0	7	FC220655	1250.000000	0
2244	13380	0	7	FC220696	2500.000000	0
2244	13504	0	7	FC220730	1200.000000	0
2244	13551	0	7	FC220740	1400.000000	0
2244	14200	0	7	FC220887	2435.000000	0
2244	14296	0	7	FC220915	750.000000	0
2244	14483	0	7	FC220968	1880.000000	0
2245	13017	0	7	FC220562	273570.000000	0
2246	14689	0	7	FC221015	510.010000	0
2247	12097	0	7	FC220418	26000.000000	0
2248	12706	0	7	FC220544	13000.000000	0
2249	13152	0	7	FC220642	5760.000000	0
2249	13118	0	7	FC220637	5040.000000	0
2249	12156	0	7	FC220429	975.000000	0
2250	11727	0	7	FC220336	3212.000000	0
2250	11830	0	7	FC220355	540.000000	0
2251	14707	0	7	FC221019	1560.000000	0
2252	14681	0	7	FC221012	7500.000000	0
2169	10518	0	7	FC220090	6165.000000	0
2170	10985	0	7	FC220190	11880.000000	0
2172	13734	0	7	FC220780	2400.000000	0
2255	14577	0	7	FC220992	1200.000000	0
2258	14419	0	7	FC220943	1360.000000	0
2257	14500	0	7	FC220973	1920.000000	0
2259	14332	0	7	FC220923	2042.000000	0
2260	14393	0	7	FC220938	720.000000	0
2261	14357	0	7	FC220931	12500.000000	0
2262	14288	0	7	FC220912	3900.000000	0
2263	14311	0	7	FC220917	8850.000000	0
2264	14360	0	7	FC220933	1760.000000	0
2265	14394	0	7	FC220939	2490.000000	0
2266	14308	0	7	FC220916	10160.000000	0
2267	14333	0	7	FC220924	4400.000000	0
2268	14284	0	7	FC220910	1440.000000	0
2269	14708	0	7	FC221020	685.000000	0
2270	14666	0	7	FC221008	2268.000000	0
2272	14667	0	7	FC221009	3750.000000	0
2271	14665	0	7	FC221007	110.000000	0
2273	14723	0	7	FC221024	4200.000000	0
2274	14218	0	7	FC220892	1500.000000	0
2277	14795	0	7	FC221039	340.000000	0
2278	13401	0	7	FC220700	1345.000000	0
2278	13686	0	7	FC220768	689.100000	0
2280	11832	0	7	FC220356	4560.000000	0
2281	13300	0	7	FC220677	10000.000000	0
2163	14092	0	7	FC220863	376.000000	0
2163	13962	0	7	FC220837	3840.000000	0
2284	13921	0	7	FC220828	850.000000	0
2283	13609	0	7	FC220752	400.000000	0
2282	13636	0	7	FC220758	1020600.000000	0
2286	12595	0	7	FC220517	215700.000000	0
2287	14152	0	7	FC220876	32400.000000	0
2288	14619	0	7	FC221002	470.000000	0
2289	14830	0	7	FC221048	3417.000000	0
2290	14793	0	7	FC221037	750.000000	0
2291	13480	0	7	FC220722	6905.000000	0
2292	13912	0	7	FC220824	6057.500000	0
2293	9424	0	7	FC211248	750.000000	0
2293	11079	0	7	FC220212	300.000000	0
2294	12333	0	7	FC220461	3760.000000	0
2294	12183	0	7	FC220434	3000.000000	0
2295	10378	0	7	FC220057	4000.000000	0
2295	10715	0	7	FC220136	1080.000000	0
2296	13865	0	7	FC220812	5250.000000	0
2153	13865	0	7	FC220812	5250.000000	0
2147	14129	0	7	FC220871	2320.000000	0
2297	6815	0	7	FC210704	4133.330000	0
2160	13646	0	7	FC220760	5400.000000	0
2164	12109	0	7	FC220420	3750.000000	0
2165	12059	0	7	FC220409	4377.000000	0
2171	11738	0	7	FC220339	5200.000000	0
2171	11942	0	7	FC220376	5100.000000	0
2175	12026	0	7	FC220395	4000.000000	0
2175	12130	0	7	FC220423	2700.000000	0
2179	11445	0	7	FC220280	3850.000000	0
2166	10834	0	7	FC220161	6600.000000	0
2178	10740	0	7	FC220140	1250.000000	0
2178	10185	0	7	FC220008	4200.000000	0
2178	10346	0	7	FC220049	1600.000000	0
2178	10686	0	7	FC220131	800.000000	0
2176	11515	0	7	FC220294	1600.000000	0
2176	11533	0	7	FC220297	535.000000	0
2176	10918	0	7	FC220177	850.000000	0
2176	11107	0	7	FC220218	1700.000000	0
2176	10973	0	7	FC220186	175.000000	0
2299	13256	0	7	FC220668	348.000000	0
2299	13268	0	7	FC220671	696.000000	0
2300	13703	0	7	FC220773	380.200000	0
2301	14876	0	7	FC221060	2750.000000	0
2302	14899	0	7	FC221066	360.000000	0
2303	14899	0	7	FC221066	11340.000000	0
2304	11728	0	7	FC220337	2700.000000	0
2305	13481	0	7	FC220723	30800.000000	0
2305	13578	0	7	FR220026	-1040.000000	0
2306	12021	0	7	FC220393	237.500000	0
2307	11522	0	7	FC220296	3049.500000	0
2309	14861	0	7	FC221056	3300.000000	0
2308	14934	0	7	FC221074	90.000000	0
2310	14912	0	7	FC221068	201.000000	0
2275	13203	0	7	FC220656	4200.000000	0
2275	12967	0	7	FC220600	1440.000000	0
2311	11014	0	7	FC220198	11880.000000	0
2312	14880	0	7	FC221061	125.000000	0
2313	14942	0	7	FC221075	220.000000	0
2314	14744	0	7	FC221028	28670.000000	0
2315	13898	0	7	FC220819	12750.000000	0
2149	14127	0	7	FC220870	5760.000000	0
2148	14146	0	7	FC220874	1670.000000	0
2146	14121	0	7	FC220869	720.000000	0
2316	13727	0	7	FC220779	1500.000000	0
2182	10308	0	7	FC220039	3072.000000	0
2182	10379	0	7	FC220058	7492.000000	0
2182	10996	0	7	FC220194	9820.000000	0
2182	11153	0	7	FC220223	6647.000000	0
2182	11384	0	7	FC220264	4786.000000	0
2182	11601	0	7	FC220311	2685.000000	0
2182	11602	0	7	FC220312	6144.000000	0
2182	12173	0	7	FC220432	13706.000000	0
2317	14962	0	7	FC221077	90.000000	0
2319	10944	0	7	FC220183	4320.000000	0
2319	11289	0	7	FC220246	1440.000000	0
2320	14846	0	7	FC221051	3340.000000	0
2321	14705	0	7	FC221017	2400.000000	0
2322	14885	0	7	FC221063	2700.000000	0
2323	14732	0	7	FC221026	14180.000000	0
2324	14977	0	7	FC221080	3655.000000	0
2324	14981	0	7	FR220033	-1200.000000	0
2325	14792	0	7	FC221036	7860.000000	0
2142	13963	0	7	FC220838	6500.000000	0
2326	14706	0	7	FC221018	7970.000000	0
2256	14532	0	7	FC220981	1250.000000	0
2152	14063	0	7	FC220854	3600.000000	0
2327	13892	0	7	FC220817	3000.000000	0
2279	13184	0	7	FC220651	1040.000000	0
2279	13219	0	7	FC220658	1170.000000	0
2279	13386	0	7	FC220697	1240.000000	0
2328	12362	0	7	FC220469	57080.000000	0
2329	11220	0	7	FC220234	18750.000000	0
2330	13160	0	7	FC220646	10200.000000	0
2331	13126	0	7	FC220640	840.000000	0
2332	15025	0	7	FC221095	2400.000000	0
2333	15032	0	7	FC221097	720.000000	0
2334	15035	0	7	FC221098	12500.000000	0
2226	14108	0	7	FC220866	1100.000000	0
2335	14095	0	7	FC220864	250.000000	0
2336	12144	0	7	FC220427	960.000000	0
2336	12158	0	7	FC220430	480.000000	0
2336	12356	0	7	FC220467	6800.000000	0
2337	13965	0	7	FC220840	2700.000000	0
2337	14208	0	7	FC220889	560.000000	0
2338	4487	0	7	FC210196	4510.000000	0
2338	4566	0	7	FC210216	2000.000000	0
2338	4989	0	7	FC210307	1680.000000	0
2338	4990	0	7	FC210308	3500.000000	0
2338	5091	0	7	FC210330	3750.000000	0
2338	5164	0	7	FC210352	4470.000000	0
2338	5221	0	7	FC210364	750.000000	0
2339	13255	0	7	FC220667	150.000000	0
2339	13302	0	7	FC220678	7500.000000	0
2340	15070	0	7	FC221107	1350.000000	0
2341	13978	0	7	FC220843	1260.000000	0
2344	14943	0	7	FC221076	550.000000	0
2345	14972	0	7	FC221078	1300.000000	0
2346	15009	0	7	FC221087	2500.000000	0
2347	14925	0	7	FC221070	3060.000000	0
2348	14989	0	7	FC221084	5980.000000	0
2349	14926	0	7	FC221071	4700.000000	0
2350	15068	0	7	FC221106	27000.000000	0
2351	15102	0	7	FC221114	2160.000000	0
2352	11961	0	7	FC220381	1200.000000	0
2352	13476	0	7	FC220719	690.000000	0
2352	11627	0	7	FC220318	1150.000000	0
2353	13827	0	7	FC220805	12500.000000	0
2354	7524	0	7	FC210858	1250.000000	0
2354	7602	0	7	FC210872	3900.000000	0
2355	15187	0	7	FC221131	6250.000000	0
2356	15187	0	7	FC221131	6250.000000	0
2209	14542	0	7	FC220984	3900.000000	0
2357	15189	0	7	FC221133	5250.000000	0
2358	15222	0	7	FC221143	550.000000	0
2359	15140	0	7	FC221121	440.000000	0
2359	15147	0	7	FC221123	1200.000000	0
2360	14016	0	7	FC220849	1800.000000	0
2361	13907	0	7	FC220821	2400.000000	0
2362	15018	0	7	FC221094	2250.000000	0
2363	15209	0	7	FC221138	1500.000000	0
2364	15214	0	7	FC221140	4340.000000	0
2365	15174	0	7	FC221129	680.000000	0
2366	15243	0	7	FC221148	180.000000	0
2367	15197	0	7	FC221134	550.000000	0
2368	15096	0	7	FC221112	600.000000	0
2143	14033	0	7	FC220850	2520.000000	0
2369	14033	0	7	FC220850	60.000000	0
2370	13872	0	7	FC220814	1440.000000	0
2371	14169	0	7	FC220879	7500.000000	0
2372	14508	0	7	FC220976	3750.000000	0
2373	14686	0	7	FC221014	2250.000000	0
2374	14995	0	7	FC221086	8100.000000	0
2375	12634	0	7	FC220527	117348.000000	0
2342	12225	0	7	FC220439	1703160.000000	0
2376	12384	0	7	FC220475	114000.000000	0
2377	11522	0	7	FC220296	0.500000	0
2378	15248	0	7	FC221149	8000.000000	0
2185	14190	0	7	FC220884	17400.000000	0
2379	13567	0	7	FC220744	5535.000000	0
2380	13567	0	7	FC220744	0.080000	0
2381	13075	0	7	FC220625	0.080000	0
2382	13885	0	7	FC220816	54000.000000	0
2383	15319	0	7	FC221164	1425.000000	0
2384	15326	0	7	FC221166	360.000000	0
2385	10913	0	7	FC220175	1250.000000	0
2385	10580	0	7	FC220103	8400.000000	0
2386	11675	0	7	FC220328	7200.000000	0
2386	12407	0	7	FC220480	2500.000000	0
2386	12082	0	7	FC220414	4800.000000	0
2386	12783	0	7	FC220555	7200.000000	0
2387	15343	0	7	FC221170	2600.000000	0
2388	14682	0	7	FC221013	5000.000000	0
2388	15044	0	7	FC221101	10000.000000	0
2388	15213	0	7	FC221139	70000.000000	0
2389	15213	0	7	FC221139	85000.000000	0
2390	15392	0	7	FC221180	2925.000000	0
2391	15377	0	7	FC221176	2400.000000	0
2392	15094	0	7	FC221110	1250.000000	0
2393	15413	0	7	FC221185	880.000000	0
2394	15261	0	7	FC221151	9940.000000	0
2395	15398	0	7	FC221181	1250.000000	0
2396	15406	0	7	FC221182	350.000000	0
2397	15409	0	7	FC221183	1425.000000	0
2254	14583	0	7	FC220994	680.000000	0
2398	15286	0	7	FC221158	1500.000000	0
2399	15188	0	7	FC221132	700.000000	0
2400	15304	0	7	FC221160	1680.000000	0
2154	14286	0	7	FC220911	7530.000000	0
2401	14286	0	7	FC220911	0.040000	0
2402	15217	0	7	FC221141	5190.040000	0
2403	13667	0	7	FC220764	37500.000000	0
2404	14888	0	7	FC221064	45000.000000	0
2406	13953	0	7	FC220835	36480.000000	0
2407	13663	0	7	FC220762	2000.000000	0
2408	13814	0	7	FC220801	9300.000000	0
2409	12898	0	7	FC220579	1800.000000	0
2410	15159	0	7	FC221127	5470.000000	0
2411	15385	0	7	FC221177	3025.000000	0
2412	14398	0	7	FC220941	3650.000000	0
2413	4632	0	7	FC210237	6375.510000	0
2413	6161	0	7	FC210561	10500.000000	0
2413	6862	0	7	FC210711	700.000000	0
2413	8097	0	7	FC210980	920.000000	0
2414	9576	0	7	FC211288	920.000000	0
2415	7362	0	7	FC210825	6000.000000	0
2416	15445	0	7	FC221193	1650.000000	0
2417	13027	0	7	FC220608	220.000000	0
2417	10517	0	7	FC220089	1640.000000	0
2417	11938	0	7	FC220375	2500.000000	0
2417	11266	0	7	FC220244	234.000000	0
2417	12656	0	7	FC220532	1008.000000	0
2418	15257	0	7	FC221150	700.000000	0
2419	15291	0	7	FC221159	717.800000	0
2420	15318	0	7	FC221163	180.000000	0
2421	15322	0	7	FC221165	180.000000	0
2422	12633	0	7	FC220526	15360.000000	0
2423	10792	0	7	FC220149	2853.600000	0
2424	11853	0	7	FC220358	700.000000	0
2424	12247	0	7	FR220016	-450.000000	0
2424	11109	0	7	FC220219	700.000000	0
2425	12256	0	7	FC220445	1800.000000	0
2426	13231	0	7	FC220662	1680.000000	0
2426	13374	0	7	FC220694	2300.000000	0
2427	13957	0	7	FC220836	1650.000000	0
2202	10808	0	7	FC220157	21830.000000	0
2202	11409	0	7	FC220272	21420.000000	0
2202	12041	0	7	FC220404	5810.000000	0
2253	14581	0	7	FC220993	680.000000	0
2139	14226	0	7	FC220893	1360.000000	0
2428	12020	0	7	FC220392	128395.000000	0
2430	15016	0	7	FC221092	1450.000000	0
2430	15454	0	7	FC221194	1705.000000	0
2431	11588	0	7	FC220307	27400.000000	0
2431	11772	0	7	FC220344	6540.000000	0
2431	11821	0	7	FC220354	9750.000000	0
2431	11888	0	7	FC220365	1400.000000	0
2431	12038	0	7	FC220401	3600.000000	0
2431	12141	0	7	FC220426	1310.000000	0
2432	15242	0	7	FC221147	1555.000000	0
2433	15410	0	7	FC221184	3600.000000	0
2434	15263	0	7	FC221153	1140.000000	0
2435	15352	0	7	FC221172	4790.000000	0
2436	15355	0	7	FC221173	5160.000000	0
2437	15438	0	7	FC221189	1760.000000	0
2438	15388	0	7	FC221178	1800.000000	0
2439	15388	0	7	FC221178	0.010000	0
2155	13751	0	7	FC220784	1320.000000	0
2140	14227	0	7	FC220894	1200.000000	0
2141	14167	0	7	FC220878	3200.000000	0
2440	13113	0	7	FC220635	0.020000	0
2441	13751	0	7	FC220784	0.010000	0
2138	14198	0	7	FC220886	4200.000000	0
2442	14198	0	7	FC220886	0.050000	0
2443	15507	0	7	FC221201	540.000000	0
2444	15443	0	7	FC221191	900.000000	0
2445	15533	0	7	FC221206	600.000000	0
2446	13044	0	7	FC220617	3690.000000	0
2354	9779	0	7	FC211328	4650.000000	0
2429	13516	0	7	FC220731	22500.000000	0
2429	13036	0	7	FC220614	5000.000000	0
2429	13598	0	7	FC220748	2559.540000	0
2447	13598	0	7	FC220748	0.460000	0
2448	14571	0	7	FC220991	3780.000000	0
2449	15705	0	7	FC221248	660.000000	0
2450	15633	0	7	FC221231	1200.000000	0
2451	15697	0	7	FC221246	1200.000000	0
2452	15677	0	7	FC221244	7200.000000	0
2453	13293	0	7	FC220676	2120.000000	0
2453	13433	0	7	FC220710	1120.000000	0
2453	14215	0	7	FC220891	5000.000000	0
2453	14325	0	7	FC220921	900.000000	0
2454	13257	0	7	FC220669	15250.000000	0
2455	14450	0	7	FC220952	18000.000000	0
2456	14450	0	7	FC220952	17520.000000	0
2457	15640	0	7	FC221234	6250.000000	0
2458	15554	0	7	FC221217	281.000000	0
2458	15700	0	7	FC221247	424.000000	0
2459	15796	0	7	FC221269	4540.000000	0
2460	15753	0	7	FC221260	25270.000000	0
2461	15753	0	7	FC221260	25270.000000	0
2462	11989	0	7	FC220387	8000.000000	0
2462	12063	0	7	FC220410	640.000000	0
2462	12090	0	7	FC220415	675.000000	0
2462	12104	0	7	FC220419	180.000000	0
2462	12141	0	7	FC220426	90.000000	0
2462	12286	0	7	FC220451	1800.000000	0
2462	12478	0	7	FC220492	10788.800000	0
2462	12605	0	7	FC220518	1360.000000	0
2462	12750	0	7	FC220550	1800.000000	0
2462	12854	0	7	FC220570	4000.000000	0
2462	12902	0	7	FC220580	2000.000000	0
2462	12960	0	7	FC220599	1620.000000	0
2462	13106	0	7	FC220634	5000.000000	0
2462	13328	0	7	FC220683	10022.400000	0
2462	14501	0	7	FC220974	900.000000	0
2462	15470	0	7	FC221197	1123.800000	0
2463	15470	0	7	FC221197	1.200000	0
2464	13370	0	7	FC220692	7200.000000	0
2464	13895	0	7	FC220818	7200.000000	0
2465	13983	0	7	FC220844	2400.000000	0
2465	14703	0	7	FC221016	12100.000000	0
2466	12556	0	7	FC220508	800.000000	0
2466	13030	0	7	FC220611	1690.000000	0
2466	13493	0	7	FC220727	800.000000	0
2467	12540	0	7	FC220505	1350.000000	0
2468	13041	0	7	FC220616	1350.000000	0
2468	13253	0	7	FC220665	2700.000000	0
2469	12589	0	7	FC220514	4800.000000	0
2470	12708	0	7	FC220546	5000.000000	0
2471	12644	0	7	FC220530	1600.000000	0
2471	12907	0	7	FC220581	5900.000000	0
2471	13166	0	7	FC220648	560.000000	0
2471	13395	0	7	FC220699	4550.000000	0
2472	13379	0	7	FC220695	1700.000000	0
2168	10973	0	7	FC220186	2135.000000	0
2473	12054	0	7	FC220408	1900.000000	0
2473	12188	0	7	FC220435	1350.000000	0
2474	12557	0	7	FC220509	4850.000000	0
2474	12692	0	7	FC220541	605.000000	0
2474	12702	0	7	FC220543	280.000000	0
2474	12802	0	7	FC220561	210.000000	0
2475	13028	0	7	FC220609	2290.000000	0
2476	13406	0	7	FC220701	420.000000	0
2476	13460	0	7	FC220717	3560.000000	0
2477	15823	0	7	FC221275	27000.000000	0
2478	15808	0	7	FC221271	18840.000000	0
2479	15847	0	7	FC221281	1040.000000	0
2480	13593	0	7	FC220747	5295.000000	0
2481	15530	0	7	FC221205	2675.400000	0
2482	14538	0	7	FC220982	4050.000000	0
2483	15262	0	7	FC221152	1960.000000	0
2484	15562	0	7	FC221218	1200.000000	0
2486	12583	0	7	FC220513	9060.000000	0
2486	12958	0	7	FC220597	5560.000000	0
2486	13250	0	7	FR220024	-2340.000000	0
2486	13482	0	7	FC220724	3040.000000	0
2486	14460	0	7	FC220960	6600.000000	0
2487	15902	0	7	FC221287	1250.000000	0
2488	15860	0	7	FC221283	2400.000000	0
2490	15546	0	7	FC221209	340.000000	0
2491	14810	0	7	FC221042	240.000000	0
2492	15748	0	7	FC221258	480.000000	0
2493	13499	0	7	FC220729	720.000000	0
2494	15819	0	7	FC221274	640.000000	0
2495	15589	0	7	FC221227	550.000000	0
2496	15668	0	7	FC221242	2000.000000	0
2497	15784	0	7	FC221265	1350.000000	0
2498	15816	0	7	FC221273	1360.000000	0
2499	15584	0	7	FC221224	4750.000000	0
2500	15665	0	7	FC221240	1800.000000	0
2501	15642	0	7	FC221236	850.000000	0
2502	15750	0	7	FC221259	4960.000000	0
2503	15709	0	7	FC221249	5600.000000	0
2504	14852	0	7	FC221054	360.000000	0
2505	14991	0	7	FC221085	720.000000	0
2506	14794	0	7	FC221038	4454.000000	0
2507	16040	0	7	FC221313	1400.000000	0
2508	15906	0	7	FC221288	1500.000000	0
2509	16046	0	7	FC221315	1050.000000	0
2510	16019	0	7	FC221308	2400.000000	0
2511	16043	0	7	FC221314	1250.000000	0
2512	16028	0	7	FC221309	1200.000000	0
2405	9398	0	7	FC211237	46000.000000	0
2405	9397	0	7	FC211236	22500.000000	0
2405	9396	0	7	FC211235	9000.000000	0
2405	9400	0	7	FC211239	4260.000000	0
2405	9399	0	7	FC211238	6000.000000	0
2405	9639	0	7	FC211303	28750.000000	0
2405	9946	0	7	FC211359	4600.000000	0
2405	9395	0	7	FC211234	1000.000000	0
2513	13018	0	7	FC220607	375390.000000	0
2514	13018	0	7	FC220607	90.000000	0
2515	13016	0	7	FC220566	466260.000000	0
2516	13016	0	7	FC220566	180.000000	0
2517	12810	0	7	FC220564	85200.000000	0
2518	12832	0	7	FC220567	176.400000	0
2519	12832	0	7	FC220567	0.600000	0
2520	16069	0	7	FC221321	2400.000000	0
2521	15991	0	7	FC221305	1500.000000	0
2521	16099	0	7	FC221326	2695.000000	0
2522	16152	0	7	FC221338	2400.000000	0
2523	16180	0	7	FC221343	28500.000000	0
2523	16181	0	7	FC221344	14250.000000	0
2524	16181	0	7	FC221344	42750.000000	0
2525	15743	0	7	FC221257	5700.000000	0
2526	13148	0	7	FC220641	8039.860000	0
2526	13821	0	7	FC220803	1680.000000	0
2527	14851	0	7	FC221053	720.000000	0
2528	15012	0	7	FC221088	360.000000	0
2529	12388	0	7	FC220476	9424.000000	0
2529	12654	0	7	FC220531	4170.000000	0
2529	12759	0	7	FC220553	8463.000000	0
2529	12948	0	7	FC220590	3650.000000	0
2529	13363	0	7	FC220691	7036.000000	0
2529	13715	0	7	FC220777	6144.000000	0
2529	13807	0	7	FC220798	6816.000000	0
2529	13825	0	7	FC220804	12000.000000	0
2530	12303	0	7	FC220456	1200.000000	0
2530	13092	0	7	FC220629	2520.000000	0
2530	13234	0	7	FC220663	2400.000000	0
2531	10942	0	7	FC220181	1680.000000	0
2532	11673	0	7	FC220327	2810.000000	0
2533	13794	0	7	FC220795	990.000000	0
2534	13584	0	7	FC220746	2600.000000	0
2534	14131	0	7	FC220872	3405.000000	0
2534	14813	0	7	FC221044	340.000000	0
2535	12886	0	7	FC220577	2320.000000	0
2536	15609	0	7	FC221229	2700.000000	0
2537	16265	0	7	FC221363	250.000000	0
2538	16342	0	7	FC221388	2400.000000	0
2539	16298	0	7	FC221366	750.000000	0
2539	16329	0	7	FC221385	1280.000000	0
2540	16329	0	7	FC221385	0.040000	0
2541	11475	0	7	FC220290	3440.000000	0
2541	13122	0	7	FC220638	440.000000	0
2541	13191	0	7	FC220654	75.000000	0
2541	13853	0	7	FC220808	535.000000	0
2541	14279	0	7	FC220909	2300.000000	0
2541	14931	0	7	FC221072	4150.000000	0
2542	14228	0	7	FC220895	300.000000	0
2543	16129	0	7	FC221331	25000.000000	0
2544	15908	0	7	FC221289	840.000000	0
2545	16133	0	7	FC221334	5320.000000	0
2546	16200	0	7	FC221347	2080.000000	0
2547	16126	0	7	FC221328	12105.000000	0
2548	16201	0	7	FC221348	1500.000000	0
2549	15815	0	7	FC221272	2250.000000	0
2550	16079	0	7	FC221323	2140.000000	0
2551	15910	0	7	FC221290	2400.000000	0
2552	16162	0	7	FC221340	25960.000000	0
2553	15774	0	7	FC221264	5690.000000	0
2554	15842	0	7	FC221279	1200.000000	0
2555	15840	0	7	FC221278	2400.000000	0
2556	15912	0	7	FC221291	550.000000	0
2557	15844	0	7	FC221280	700.000000	0
2558	16132	0	7	FC221333	9375.000000	0
2559	16132	0	7	FC221333	9375.000000	0
2560	16132	0	7	FC221333	9375.000000	0
2561	16132	0	7	FC221333	9375.000000	0
2562	13448	0	7	FC220714	1920.000000	0
2563	16216	0	7	FC221349	2450.000000	0
2564	9230	0	7	FC211200	420.000000	0
2565	16393	0	7	FC221399	1408.000000	0
2566	16369	0	7	FC221392	2400.000000	0
2567	16230	0	7	FC221351	280.000000	0
2568	13221	0	7	FC220659	12960.000000	0
2569	12632	0	7	FC220525	342000.000000	0
2570	13555	0	7	FC220742	158400.000000	0
2571	14918	0	7	FC220857	14095.200000	0
2572	14919	0	7	FC220859	171174.800000	0
2573	14917	0	7	FC220858	174491.400000	0
2574	14406	0	7	FC220942	642.000000	0
2575	14727	0	7	FC221025	620.000000	0
2576	16417	0	7	FC221402	2400.000000	0
2577	13575	0	7	FC220745	1768.000000	0
2577	13714	0	7	FC220776	2950.000000	0
2577	13721	0	7	FC220778	1040.000000	0
2577	13745	0	7	FC220782	650.000000	0
2577	13801	0	7	FC220797	800.000000	0
2577	13902	0	7	FC220820	1560.000000	0
2577	14066	0	7	FC220856	5879.000000	0
2577	14206	0	7	FC220888	440.000000	0
2577	14355	0	7	FC220930	3505.000000	0
2577	14521	0	7	FC220978	975.000000	0
2577	14870	0	7	FC221059	7165.000000	0
2579	14184	0	7	FC220883	1250.000000	0
2579	14263	0	7	FC220905	1980.000000	0
2580	4046	0	7	FC210104	458.000000	0
2580	4078	0	7	FC210111	300.000000	0
2580	4999	0	7	FR210008	-300.000000	0
2580	5162	0	7	FC210350	3747.000000	0
2580	5225	0	7	FC210366	400.000000	0
2580	5702	0	7	FC210453	4152.000000	0
2580	10302	0	7	FC220033	400.000000	0
2580	13844	0	7	FC220807	4191.200000	0
2580	15433	0	7	FC221188	220.000000	0
2580	15939	0	7	FC221294	1250.000000	0
2581	16541	0	7	FC221425	5880.000000	0
2582	16556	0	7	FC221427	1360.000000	0
2583	16506	0	7	FC221422	1156.000000	0
2584	11589	0	7	FC220308	1200.000000	0
2584	12049	0	7	FC220407	1200.000000	0
2584	12842	0	7	FC220568	1200.000000	0
2584	12959	0	7	FC220598	1200.000000	0
2585	16488	0	7	FC221418	9520.000000	0
2587	14433	0	7	FC220948	9000.000000	0
2587	14317	0	7	FC220920	30000.000000	0
2587	14235	0	7	FC220897	47880.000000	0
2588	8521	0	7	FC211060	0.160000	0
2589	13179	0	7	FC220650	2500.000000	0
2589	13643	0	7	FC220759	150.000000	0
2589	13577	0	7	FR220025	-8018.040000	0
2589	13749	0	7	FC220783	2720.000000	0
2589	13866	0	7	FC220813	1400.000000	0
2589	13946	0	7	FC220833	3600.000000	0
2589	14344	0	7	FC220925	16225.000000	0
2589	14424	0	7	FC220946	3500.000000	0
2589	14591	0	7	FC220996	675.000000	0
2589	14843	0	7	FC221049	2248.040000	0
2590	14459	0	7	FC220959	9660.000000	0
2590	14513	0	7	FC220977	3025.000000	0
2590	14843	0	7	FC221049	101.960000	0
2590	15065	0	7	FR220034	-4575.000000	0
2590	15099	0	7	FC221113	348.000000	0
2590	15110	0	7	FC221115	2640.000000	0
2590	15504	0	7	FC221200	660.000000	0
2590	15550	0	7	FC221213	675.000000	0
2590	15868	0	7	FC221284	360.000000	0
2590	16018	0	7	FC221307	2580.000000	0
2590	16051	0	7	FC221316	1800.000000	0
2590	16311	0	7	FC221374	2725.040000	0
2591	16631	0	7	FC221441	1760.000000	0
2592	16634	0	7	FC221442	1410.000000	0
2593	16628	0	7	FC221440	37400.000000	0
2594	8208	0	7	FC210996	1000.000000	0
2594	8650	0	7	FC211082	727.000000	0
2595	9436	0	7	FC211252	6720.000000	0
2595	10607	0	7	FR220000	-6720.000000	0
2595	10610	0	7	FC220114	5600.000000	0
2596	8650	0	7	FC211082	0.680000	0
2597	14549	0	7	FC220986	54240.000000	0
2598	14920	0	7	FC221069	13152.000000	0
2599	11063	0	7	FC220210	0.140000	0
2601	9619	0	7	FC211300	1536.000000	0
2601	9728	0	7	FR210028	-1536.000000	0
2601	11769	0	7	FC220343	1800.000000	0
2601	13761	0	7	FC220786	840.000000	0
2602	14461	0	7	FC220961	34770.000000	0
2603	15014	0	7	FC221090	25195.000000	0
2603	15095	0	7	FC221111	3600.000000	0
2604	13760	0	7	FC220785	4780.040000	0
2604	14850	0	7	FC221052	360.000000	0
2605	16711	0	7	FC221466	1350.000000	0
2606	16493	0	7	FC221420	502.500000	0
2607	16341	0	7	FC221387	520.000000	0
2608	16451	0	7	FC221409	370.610000	0
2609	16422	0	7	FC221404	1250.000000	0
2610	16581	0	7	FC221432	1250.000000	0
2611	16385	0	7	FC221397	4720.000000	0
2612	16664	0	7	FC221452	2200.000000	0
2613	16338	0	7	FC221386	50000.000000	0
2614	16694	0	7	FC221459	850.000000	0
2615	16639	0	7	FC221444	2400.000000	0
2616	16696	0	7	FC221460	2400.000000	0
2617	16606	0	7	FC221434	9312.000000	0
2618	16035	0	7	FC221310	375.000000	0
2619	16307	0	7	FC221370	400.000000	0
2620	16470	0	7	FC221414	680.000000	0
2621	16300	0	7	FC221368	200.000000	0
2621	16375	0	7	FC221394	9400.000000	0
2622	16638	0	7	FC221443	2800.000000	0
2623	16400	0	7	FC221400	3600.000000	0
2624	16374	0	7	FC221393	6600.000000	0
2625	16744	0	7	FC221473	41997.600000	0
2626	13634	0	7	FC220757	900.000000	0
2626	14421	0	7	FC220945	7025.000000	0
2627	14734	0	7	FC221027	13000.000000	0
2628	14709	0	7	FC221021	3415.000000	0
2629	16793	0	7	FC221483	5360.000000	0
2630	13913	0	7	FC220825	32080.000000	0
2631	11669	0	7	FC220325	840.000000	0
2631	11697	0	7	FC220332	975.000000	0
2631	13159	0	7	FC220645	440.000000	0
2631	13793	0	7	FC220794	6880.000000	0
2631	14104	0	7	FC220865	440.000000	0
2631	14312	0	7	FC220918	2200.000000	0
2631	14293	0	7	FC220914	6125.000000	0
2631	14351	0	7	FC220929	440.000000	0
2631	14451	0	7	FC220953	6048.000000	0
2632	16797	0	7	FC221484	2400.000000	0
2633	12883	0	7	FC220576	750.000000	0
2633	13855	0	7	FC220809	1300.000000	0
2633	14844	0	7	FC221050	3555.000000	0
2634	12530	0	7	FC220503	2225.000000	0
2634	14182	0	7	FC220882	5904.000000	0
2634	15238	0	7	FC221145	7424.960000	0
2635	16798	0	7	FC221485	4050.000000	0
2636	16709	0	7	FC221465	180.000000	0
2637	16647	0	7	FC221447	75.000000	0
2638	16721	0	7	FC221468	98.000000	0
2563	16350	0	7	FR220043	-1650.000000	0
2639	15724	0	7	FC221221	212934.000000	0
2640	16243	0	7	FC221354	1588333.800000	0
2641	16244	0	7	FC221355	1654416.000000	0
2642	16245	0	7	FC221356	658440.000000	0
2643	16247	0	7	FC221358	438987.600000	0
2644	16248	0	7	FC221359	458208.000000	0
2645	16246	0	7	FC221357	442626.000000	0
2646	16360	0	7	FC221391	983100.000000	0
2647	16246	0	7	FC221357	10.000000	0
2648	16801	0	7	FC221487	3570.000000	0
2648	16802	0	7	FC221488	3060.000000	0
2648	16803	0	7	FC221489	5100.000000	0
2650	14470	0	7	FC220964	2300.000000	0
2651	16869	0	7	FC221499	4987.500000	0
2652	16869	0	7	FC221499	4987.500000	0
2653	16839	0	7	FC221495	784.000000	0
2654	14348	0	7	FC220927	1260.000000	0
2654	14427	0	7	FC220947	2100.000000	0
2655	15268	0	7	FC221154	19200.000000	0
2656	16833	0	7	FC221492	260.000000	0
2656	16821	0	7	FR220048	-1300.000000	0
2656	16526	0	7	FC221423	1625.000000	0
2156	14008	0	7	FC220847	270.000000	0
2156	11597	0	7	FC220310	924.000000	0
2657	16884	0	7	FC220003	374625.000000	0
2658	16884	0	7	FC220003	375.000000	0
2659	14595	0	7	FC220998	4080.100000	0
2659	14600	0	7	FC220999	2400.000000	0
2659	14786	0	7	FC221034	2160.000000	0
2659	14787	0	7	FC221035	700.000000	0
2659	15050	0	7	FC221102	5500.000000	0
2659	15186	0	7	FR220035	-5500.000000	0
2659	15280	0	7	FC221155	2415.050000	0
2659	15591	0	7	FC221228	2040.050000	0
2659	15638	0	7	FC221232	1200.000000	0
2659	15927	0	7	FC221292	375.000000	0
2659	16232	0	7	FC221352	1200.000000	0
2659	16299	0	7	FC221367	300.000000	0
2659	16679	0	7	FC221456	2400.000000	0
2660	16311	0	7	FC221374	1274.960000	0
2660	16318	0	7	FC221381	5760.000000	0
2660	16662	0	7	FC221450	400.000000	0
2660	16701	0	7	FC221462	1800.000000	0
2660	16702	0	7	FC221463	1200.000000	0
2660	16855	0	7	FC221496	2160.000000	0
2660	16490	0	7	FC221419	14180.000000	0
2661	16885	0	7	FC220572	360000.000000	0
2662	16894	0	7	220586	479640.000000	0
2663	16879	0	7	FC221502	5600.000000	0
1127	6960	0	7	FR210016	-545.000000	0
2664	16724	0	7	FC221469	2850.000000	0
2665	14906	0	7	FC221067	5340.000000	0
2666	16889	0	7	FC221507	3040.000000	0
2667	16607	0	7	FC221435	256.000000	0
2667	16825	0	7	FR220050	-2520.000000	0
2667	16599	0	7	FC221433	2520.000000	0
2668	13498	0	7	FC220728	2700.000000	0
2668	13917	0	7	FC220826	1350.000000	0
2668	14210	0	7	FC220890	280.000000	0
2669	16944	0	7	FC230006	1200.000000	0
2670	16940	0	7	FC230005	2700.000000	0
2671	15368	0	7	FC221175	3600.000000	0
2671	15802	0	7	FC221270	6600.000000	0
2672	13665	0	7	FC220763	6250.000000	0
2673	14452	0	7	FC220954	5000.000000	0
2674	14035	0	7	FC220851	1687.500000	0
2675	13291	0	7	FC220674	1600.000000	0
2675	13419	0	7	FC220705	3290.000000	0
2676	13607	0	7	FC220751	1600.000000	0
2677	16986	0	7	FC230018	27000.000000	0
2678	13565	0	7	FC220743	870.000000	0
2679	13705	0	7	FC220774	1500.000000	0
2679	13800	0	7	FC220796	420.000000	0
2680	13765	0	7	FC220788	1360.000000	0
2681	13741	0	7	FC220781	7460.000000	0
2681	13936	0	7	FC220831	2600.000000	0
2681	14136	0	7	FC220873	90.000000	0
2681	14270	0	7	FC220906	1260.000000	0
2682	13358	0	7	FC220690	1125.000000	0
2682	13543	0	7	FC220739	175.000000	0
2683	13029	0	7	FC220610	3750.000000	0
2684	16761	0	7	FC221475	745.000000	0
2685	16413	0	7	FC221401	240.000000	0
2686	16876	0	7	FC221501	340.000000	0
2687	16927	0	7	FC230002	300.000000	0
2688	16956	0	7	FC230010	1000.000000	0
2689	12335	0	7	FC220462	3000.000000	0
2689	15426	0	7	FC221186	150.000000	0
2689	16128	0	7	FC221330	15000.000000	0
2690	16060	0	7	FC221317	30072.000000	0
2692	16625	0	7	FC221439	5520.000000	0
2693	15330	0	7	FC221167	8400.000000	0
2694	14593	0	7	FC220997	2500.000000	0
2694	14770	0	7	FC221032	7200.000000	0
2695	16308	0	7	FC221371	2800.000000	0
2695	16004	0	7	FR220039	-2400.000000	0
2695	16037	0	7	FC221311	2400.000000	0
2696	13371	0	7	FC220693	4000.000000	0
2696	14272	0	7	FC220907	2125.000000	0
2697	17066	0	7	FC230032	360.000000	0
2698	17060	0	7	FC230031	2400.000000	0
2699	17105	0	7	FC230037	2140.000000	0
2700	13292	0	7	FC220675	900.000000	0
2700	14562	0	7	FC220989	1500.000000	0
2700	16143	0	7	FC221337	3410.000000	0
2701	13675	0	7	FC220767	50000.000000	0
2702	17130	0	7	FC230046	2440.000000	0
2703	16454	0	7	FC221411	595.000000	0
2703	16809	0	7	FC221490	880.000000	0
2703	17125	0	7	FC230044	5440.000000	0
2704	17124	0	7	FC230043	4275.000000	0
2705	17124	0	7	FC230043	4275.000000	0
2706	14437	0	7	FC220949	440.000000	0
2707	14438	0	7	FC220950	1400.000000	0
2708	14194	0	7	FC220885	90.000000	0
2709	17198	0	7	FC230057	2350.000000	0
2710	17177	0	7	FC230053	960.000000	0
2711	17217	0	7	FC230060	1960.000000	0
2712	14814	0	7	FC221045	1200.000000	0
2713	15547	0	7	FC221210	6400.000000	0
2714	16312	0	7	FC221375	5550.000000	0
2714	16892	0	7	FC221510	2200.000000	0
2715	11404	0	7	FC220267	1599.960000	0
2715	12693	0	7	FC220542	1599.960000	0
2715	13991	0	7	FC220846	1899.960000	0
2716	17111	0	7	FC230038	430.000000	0
2717	17096	0	7	FC230036	128.000000	0
2718	17017	0	7	FC230023	100.000000	0
2686	16823	0	7	FR220049	-180.000000	0
2691	12866	0	7	FC220573	323340.000000	0
2720	16893	0	7	FC221511	89071.850000	0
2721	17259	0	7	FC230067	590.000000	0
2722	17234	0	7	FC230063	720.000000	0
2723	17070	0	7	FC230034	5484.400000	0
2724	16771	0	7	FC221476	10200.000000	0
2725	16954	0	7	FC230008	6410.000000	0
2726	16680	0	7	FC221457	800.000000	0
2727	16971	0	7	FC230014	2400.000000	0
2728	16975	0	7	FC230015	800.000000	0
2729	16933	0	7	FC230004	3400.000000	0
2730	16774	0	7	FC221477	1590.000000	0
2731	16728	0	7	FC221470	2500.000000	0
2732	16733	0	7	FC221472	3040.000000	0
2733	16421	0	7	FC221403	50000.000000	0
2734	16811	0	7	FC221491	3600.000000	0
2735	16907	0	7	FC221518	1400.000000	0
2736	16955	0	7	FC230009	1250.000000	0
2737	16881	0	7	FC221503	1470.000000	0
2738	17129	0	7	FC230045	240.000000	0
2739	17271	0	7	FC230070	2062.250000	0
2740	17305	0	7	FC230074	7380.000000	0
2741	15787	0	7	FC221266	20330.000000	0
2742	16062	0	7	FC221319	2520.000000	0
2743	14722	0	7	FC221023	121392.000000	0
2744	17321	0	7	FC230078	700.000000	0
2745	17347	0	7	FC230084	2150.000000	0
2746	11764	0	7	FC220342	3600.000000	0
2747	15671	0	7	FC221243	6082.400000	0
2748	14822	0	7	FC221047	2700.000000	0
2748	14864	0	7	FC221057	450.000000	0
2749	17336	0	7	FC230081	800.000000	0
2750	17418	0	7	FC230086	5500.000000	0
2751	11457	0	7	FC220284	4320.000000	0
2751	12285	0	7	FC220450	4200.000000	0
2752	12284	0	7	FC220449	1250.000000	0
2753	6969	0	7	FC210739	540.000000	0
2754	10645	0	7	FC220122	1800.000000	0
2755	17412	0	7	FC230097	1785.000000	0
2756	14084	0	7	FC220862	6144.000000	0
2756	14180	0	7	FC220881	6110.000000	0
2756	14372	0	7	FC220935	12288.000000	0
2756	14420	0	7	FC220944	1800.000000	0
2756	14818	0	7	FC221046	110.000000	0
2756	14883	0	7	FC221062	6320.000000	0
2757	17534	0	7	FC230123	10243.200000	0
2758	17491	0	7	FC230116	1280.000000	0
2759	10035	0	7	FC210158	14500.000000	0
2760	4431	0	7	FC210184	5150.000000	0
2761	17563	0	7	FC230126	2500.000000	0
2762	10307	0	7	FC220038	1200.000000	0
2762	11163	0	7	FC220229	1050.000000	0
2762	13601	0	7	FC220749	2100.000000	0
2762	11262	0	7	FC220243	5200.000000	0
2762	13810	0	7	FC220800	2500.000000	0
2762	16483	0	7	FC221415	2125.000000	0
2763	17540	0	7	FC230124	27000.000000	0
2764	17349	0	7	FC230085	160.000000	0
2765	17558	0	7	FC230125	1000.000000	0
2766	17481	0	7	FC230114	360.000000	0
2767	16615	0	7	FC221438	1530.000000	0
2768	16880	0	7	FC221135	73433.100000	0
2769	16880	0	7	FC221135	666.900000	0
2770	15200	0	7	FC221136	70992.000000	0
2771	15200	0	7	FC221136	1008.000000	0
2772	16182	0	7	FC221345	228296.400000	0
2773	16182	0	7	FC221345	5643.600000	0
2774	17373	0	7	FC230089	350.000000	0
2775	17286	0	7	FC230073	2100.000000	0
2776	17220	0	7	FC230061	2388.000000	0
2777	17221	0	7	FC230062	1650.000000	0
2778	17423	0	7	FC230100	9400.000000	0
2779	17411	0	7	FC230096	4000.000000	0
2780	17454	0	7	FC230106	5090.000000	0
2781	17307	0	7	FC230076	7500.000000	0
2782	16037	0	7	FC221311	5.000000	0
2783	17306	0	7	FC230075	6000.000000	0
2784	17189	0	7	FC230055	2800.000000	0
2787	15312	0	7	FC221162	720.000000	0
2787	15551	0	7	FC221214	660.000000	0
2786	16315	0	7	FC221378	54810.000000	0
2785	16665	0	7	FC221453	2400.000000	0
2785	16669	0	7	FC221454	490.000000	0
2785	16751	0	7	FC221474	1500.000000	0
2785	16887	0	7	FC221505	7200.000000	0
2788	17604	0	7	FC230132	1200.000000	0
2789	17592	0	7	FC230129	1540.000000	0
2790	17596	0	7	FC230131	5250.000000	0
2791	11685	0	7	FC220330	2560.000000	0
2791	11897	0	7	FC220369	21690.000000	0
2791	13616	0	7	FC220753	130140.000000	0
2791	13859	0	7	FC220811	52700.000000	0
2791	14349	0	7	FC220928	49500.000000	0
2792	15770	0	7	FC221261	1050.000000	0
2793	16713	0	7	FC221467	3900.000000	0
2794	4624	0	7	FC210229	5500.000000	0
2794	12053	0	7	FR220015	-4400.000000	0
2794	13086	0	7	FR220023	-1100.000000	0
2794	13089	0	7	FC220628	1100.000000	0
2795	17575	0	7	FC230128	250.000000	0
2797	17642	0	7	FC230138	440.000000	0
2798	17642	0	7	FC230138	81.000000	0
2799	17619	0	7	FC230135	1876.000000	0
2800	17187	0	7	FC230054	1060.000000	0
2800	17645	0	7	FC230139	11568.000000	0
2801	17634	0	7	FC230137	1800.000000	0
2801	17671	0	7	FC230145	1020.000000	0
2802	17200	0	7	FC230058	1400.000000	0
2803	10978	0	7	FC220189	840.000000	0
2191	13964	0	7	FC220839	3000.000000	0
2804	17689	0	7	FC230148	1080.000000	0
2805	16789	0	7	FC221479	268800.000000	0
2807	16842	0	7	FC221480	71400.000000	0
2808	16792	0	7	FC221482	48240.000000	0
2809	14458	0	7	FC220958	10657.000000	0
2810	15013	0	7	FC221089	14816.200000	0
2811	17834	0	7	FC230174	1820.000000	0
2813	17842	0	7	FC230177	9600.000000	0
2814	17847	0	7	FC230180	2800.000000	0
2803	17846	0	7	FC230179	1960.000000	0
2815	14677	0	7	FC221011	1895.000000	0
2816	14449	0	7	FC220951	115.000000	0
2817	15711	0	7	FC221250	2300.000000	0
2818	16663	0	7	FC221451	11375.000000	0
2819	17893	0	7	FC230186	8080.000000	0
2820	17951	0	7	FC230199	2335.000000	0
2821	17999	0	7	FC230206	5700.000000	0
2822	17999	0	7	FC230206	5700.000000	0
2823	18080	0	7	FC230222	1078.000000	0
2824	16078	0	7	FC221322	2720.000000	0
2824	16137	0	7	FC221335	1360.000000	0
2825	18086	0	7	FC230226	2160.000000	0
2826	18098	0	7	FC230228	3600.000000	0
2827	13603	0	7	FC220750	1800.000000	0
2828	18113	0	7	FC230232	1050.000000	0
2829	18102	0	7	FC230229	1960.000000	0
2830	14397	0	7	FC220940	3330.000000	0
2831	16788	0	7	FC221478	481200.000000	0
2832	18142	0	7	FC230244	7200.000000	0
2833	8452	0	7	FC211045	14800.000000	0
2833	9577	0	7	FC211289	2000.000000	0
2833	10269	0	7	FC220026	2720.000000	0
2833	10270	0	7	FC220027	4370.000000	0
2833	10365	0	7	FC220054	8000.000000	0
2833	10540	0	7	FC220096	12000.000000	0
2833	10885	0	7	FC220169	5000.000000	0
2833	11235	0	7	FC220235	1500.000000	0
2833	11236	0	7	FC220236	2500.000000	0
2833	11237	0	7	FC220237	19550.000000	0
2833	11310	0	7	FC220251	2500.000000	0
2833	11355	0	7	FR220008	-2500.000000	0
2833	11587	0	7	FC220306	12000.000000	0
2833	12265	0	7	FC220447	11110.000000	0
2834	14673	0	7	FC221010	7200.000000	0
2834	15239	0	7	FC221146	3750.000000	0
2835	16130	0	7	FC221332	26000.000000	0
2836	16310	0	7	FC221373	840.000000	0
2837	17879	0	7	FC230183	1369.250000	0
2838	18182	0	7	FC230252	6500.000000	0
2839	16429	0	7	FC221406	550.000000	0
2839	16703	0	7	FC221464	2760.000000	0
2840	15456	0	7	FC221195	1600.000000	0
2840	15156	0	7	FC221124	3200.000000	0
2841	14756	0	7	FR220031	-1600.000000	0
2841	14603	0	7	FC221000	3750.000000	0
2842	13929	0	7	FC220830	15300.000000	0
2842	14259	0	7	FC220904	3360.000000	0
2842	14118	0	7	FC220867	2870.000000	0
2843	15040	0	7	FC221100	1300.000000	0
2843	15168	0	7	FC221128	2700.000000	0
2845	15428	0	7	FC221187	1100.000000	0
2845	15440	0	7	FC221190	539.200000	0
2846	14932	0	7	FC221073	155.000000	0
2846	14721	0	7	FC221022	16950.000000	0
2847	15795	0	7	FC221268	3075.000000	0
2847	16139	0	7	FC221336	1687.500000	0
2848	13973	0	7	FC220842	800.000000	0
2848	14492	0	7	FC220971	1600.000000	0
2849	15092	0	7	FC221109	1600.000000	0
2849	15521	0	7	FC221204	1875.000000	0
2850	14468	0	7	FC220963	2050.000000	0
2852	14392	0	7	FC220937	1350.000000	0
2853	14555	0	7	FC220987	4600.000000	0
2853	14769	0	7	FC221031	2230.000000	0
2853	14777	0	7	FC221033	910.000000	0
2853	15051	0	7	FC221103	4050.000000	0
2853	15158	0	7	FC221126	540.000000	0
2854	13927	0	7	FC220829	1840.000000	0
2854	14081	0	7	FC220861	280.000000	0
2854	14278	0	7	FC220908	1625.000000	0
2854	14290	0	7	FC220913	1260.000000	0
2855	14477	0	7	FC220966	2165.000000	0
2855	14570	0	7	FC220990	1900.000000	0
2855	14752	0	7	FR220029	-1625.000000	0
2855	14766	0	7	FC221030	1400.000000	0
2856	15027	0	7	FC221096	5960.000000	0
2856	15285	0	7	FC221157	560.000000	0
2856	15309	0	7	FC221161	350.000000	0
2591	16909	0	7	FR220052	-1176.000000	0
2857	16893	0	7	FC221511	89071.360000	0
2858	18133	0	7	FC230237	94.250000	0
2859	18125	0	7	FR230002	-282.720000	0
2859	17898	0	7	FC230187	377.000000	0
2860	18160	0	7	FC230251	340.000000	0
2861	17887	0	7	FR230000	-10500.000000	0
2861	17884	0	7	FC230185	11340.000000	0
2862	17652	0	7	FC230141	260.000000	0
2863	18122	0	7	FC230234	685.000000	0
2864	18296	0	7	FR230004	-4140.000000	0
2864	18262	0	7	FC230214	5145.000000	0
2865	18142	0	7	FC230244	6000.000000	0
2866	18271	0	7	FC230273	680.000000	0
2867	17994	0	7	FC230204	1530.000000	0
2868	17965	0	7	FC230202	110.000000	0
2869	17900	0	7	FC230189	3600.000000	0
2870	18272	0	7	FC230274	240.000000	0
2871	18403	0	7	FC230302	180.000000	0
2872	18369	0	7	FC230295	450.000000	0
2873	18359	0	7	FC230294	1650.000000	0
2874	18378	0	7	FC230297	624.000000	0
2875	18344	0	7	FC230287	700.000000	0
2876	17790	0	7	FC230156	1360.000000	0
2877	17790	0	7	FC230156	240.000000	0
2877	17799	0	7	FC230170	1600.000000	0
2878	17979	0	7	FC230203	1200.000000	0
2879	17944	0	7	FC230198	1200.000000	0
2880	18256	0	7	FC230270	800.000000	0
2881	17749	0	7	FC230161	3000.000000	0
2882	17531	0	7	FC230122	1800.000000	0
2883	18188	0	7	FC230254	1800.000000	0
2884	17651	0	7	FC230140	25000.000000	0
2885	17714	0	7	FC230153	13200.480000	0
2886	17826	0	7	FC230173	1485.000000	0
2887	17707	0	7	FC230151	5060.000000	0
2888	12308	0	7	FC220457	1800.000000	0
2888	12740	0	7	FR220020	-1800.000000	0
2888	17823	0	7	FC230172	3600.000000	0
2889	18221	0	7	FC230260	5294.000000	0
2890	17593	0	7	FC230130	1360.000000	0
2891	17682	0	7	FC230146	800.000000	0
2892	18289	0	7	FC230277	960.000000	0
2894	18187	0	7	FC230253	1440.000000	0
2895	17797	0	7	FC230168	4800.000000	0
2896	17792	0	7	FC230167	10140.000000	0
2897	17905	0	7	FC230191	3016.000000	0
2898	15641	0	7	FC221235	2600.000000	0
2899	18286	0	7	FC230276	1420.000000	0
2900	18136	0	7	FC230238	6150.000000	0
2901	17621	0	7	FC230136	4200.000000	0
2902	18083	0	7	FC230225	630.000000	0
2903	17755	0	7	FC230164	3420.000000	0
2904	17954	0	7	FC230200	6570.000000	0
2905	18254	0	7	FC230268	150.000000	0
2906	18190	0	7	FC230256	600.000000	0
2907	18402	0	7	FC230301	1250.000000	0
2908	18431	0	7	FC230307	2700.000000	0
2909	15067	0	7	FC221105	3055.000000	0
2909	15157	0	7	FC221125	3200.000000	0
2909	15337	0	7	FC221169	7475.000000	0
2909	15208	0	7	FC221137	1300.000000	0
2909	15648	0	7	FC221237	1268.800000	0
2909	15723	0	7	FC221251	1825.200000	0
2909	15832	0	7	FC221277	450.000000	0
2909	16223	0	7	FC221350	3772.000000	0
2910	18467	0	7	FC230309	1440.000000	0
2911	18470	0	7	FC230311	1420.000000	0
2912	18204	0	7	FC230258	1599.000000	0
2656	14826	0	7	FR220032	-1220.000000	0
2656	14801	0	7	FC221040	1220.000000	0
2913	18517	0	7	FC230323	1088.000000	0
2914	18570	0	7	FC230334	695.840000	0
2915	14154	0	7	FC220877	1040.000000	0
2916	17459	0	7	FC230110	2365.000000	0
2917	18143	0	7	FC230245	44160.000000	0
2918	18581	0	7	FC230339	510.000000	0
2919	16083	0	7	FC221325	8400.000000	0
2920	17787	0	7	FC230166	700.000000	0
2921	18587	0	7	FC230340	6580.000000	0
2922	18628	0	7	FC230347	1200.000000	0
2923	15828	0	7	FC221276	3495.000000	0
2923	16127	0	7	FC221329	270.000000	0
2924	16570	0	7	FC221429	11186.000000	0
2925	13675	0	7	FC220767	25700.000000	0
2926	18721	0	7	FC230367	2400.000000	0
2927	18531	0	7	FC230327	2400.000000	0
2928	18689	0	7	FC230357	50.000000	0
2929	18533	0	7	FC230328	625.000000	0
2930	18444	0	7	FC230308	1050.000000	0
2931	18255	0	7	FC230269	1599.960000	0
2932	18327	0	7	FC230282	848.000000	0
2934	18379	0	7	FC230298	1470.000000	0
2935	18417	0	7	FC230304	800.000000	0
2936	18329	0	7	FC230283	2100.000000	0
2937	18303	0	7	FC230279	720.000000	0
2938	18394	0	7	FC230300	1800.000000	0
2939	18302	0	7	FC230278	2400.000000	0
2940	18418	0	7	FC230305	1240.000000	0
2941	18591	0	7	FC230341	800.000000	0
2942	18522	0	7	FC230325	3600.000000	0
2943	18513	0	7	FC230321	700.000000	0
2944	18479	0	7	FC230313	1800.000000	0
2945	18575	0	7	FC230337	2240.000000	0
2946	18518	0	7	FC230324	2100.000000	0
2947	16678	0	7	FC221455	14093.000000	0
2948	10366	0	7	FC220055	1760.000000	0
2949	14811	0	7	FC221043	3635.000000	0
2950	14803	0	7	FC221041	6000.000000	0
2950	14973	0	7	FC221079	2400.000000	0
2951	16355	0	7	FC221390	48600.000000	0
2951	14759	0	7	FC221029	160.000000	0
2952	17506	0	7	FC230118	450.000000	0
2952	17403	0	7	FC230093	3300.000000	0
2953	17192	0	7	FC230056	1800.000000	0
2954	15728	0	7	FC221252	10567.800000	0
2955	15728	0	7	FC221252	0.200000	0
2354	9774	0	7	FR210031	-1250.000000	0
2956	7784	0	7	FC210925	220.000000	0
2957	4351	0	7	FC210166	260.000000	0
2958	12590	0	7	FC220515	1200.000000	0
2959	10067	0	7	FC211380	107.000000	0
2960	12403	0	7	FC220479	210.000000	0
2961	8241	0	7	FC211003	819.990000	0
2961	9886	0	7	FC211346	256.010000	0
2961	9891	0	7	FC211348	880.000000	0
720	3896	0	7	FC210050	2160.000000	0
2962	18783	1	17	230200466	507.440000	0
2962	18167	1	17	221203117	242.520000	0
2962	18166	1	17	2211A0889	260.020000	0
2962	18164	1	17	221102917	1569.900000	0
2963	10704	1	17	220100263	1922.400000	0
2963	16906	1	17	220802072	208.330000	0
2963	16903	1	17	220902372	849.600000	0
2964	9678	1	17	FC211832	1800.000000	0
2964	17071	1	17	FC221025	6000.000000	0
2964	14430	1	17	FC221214	7500.000000	0
2965	13573	1	17	FA2202856	7430.400000	0
2966	12448	1	17	FA2200486	9.600000	0
2967	11203	1	17	FA2200919	1.200000	0
2968	12452	1	17	FA2201907	8280.000000	0
2969	12452	1	17	FA2201907	4.800000	0
2970	15760	1	17	FA2203829	8270.400000	0
2971	15165	1	17	FA2204148	8270.400000	0
2972	18788	1	17	FA2301183	16067.520000	0
2973	18789	1	17	FA2300262	9828.000000	0
2974	18790	1	17	16716	349.980000	0
2975	17450	1	17	F233007	2686.820000	0
2976	18652	1	17	F234881	3225.720000	0
2977	15810	1	17	F230514	8489.000000	0
2978	17074	1	17	F231153	1010.900000	0
2979	17074	1	17	F231153	0.060000	0
2980	17548	0	7	FC221320	7530.000000	0
2983	5913	0	7	FC210503	3500.000000	0
2982	5913	0	7	FC210503	3500.000000	0
2981	5913	0	7	FC210503	3500.000000	0
2984	5913	0	7	FC210503	3500.000000	0
2985	14849	1	17	FC220935	1147.440000	0
2986	7820	1	17	FC210397	3060.000000	0
2987	7816	1	17	FC210311	3060.000000	0
2987	7817	1	17	FC210265	1530.000000	0
2988	9626	1	17	FC210453	2294.880000	0
2989	9798	1	17	FA2105833	8280.000000	0
2990	9798	1	17	FA2105833	4.800000	0
2991	14462	0	7	FC220962	2335.000000	0
2991	15015	0	7	FC221091	17520.000000	0
2991	15552	0	7	FC221215	8080.000000	0
2991	16319	0	7	FC221382	380.000000	0
2991	16888	0	7	FC221506	3600.000000	0
2992	18239	0	7	FC230265	5250.000000	0
2993	12287	0	7	FC220452	455.000000	0
2994	15144	0	7	FC221122	840.000000	0
2995	18893	0	7	FC230404	2680.000000	0
2996	18875	0	7	FC230400	1200.000000	0
2997	18920	1	17	F235212	1461.600000	0
2998	17638	1	17	977	15100.000000	0
2999	17638	1	17	977	0.010000	0
3000	17073	1	17	F231964	3637.200000	0
3001	16114	1	17	F230710	2659.990000	0
3002	15481	1	17	F229873	3484.320000	0
3003	15726	1	17	F230372	2182.320000	0
3004	15714	1	17	F230147	42837.000000	0
3005	13238	1	17	F224461	7315.100000	0
3006	14646	1	17	F225402	2380.000000	0
3007	14645	1	17	F225502	650.000000	0
3008	13173	1	17	F225823	1105.740000	0
3009	14643	1	17	F225898	1525.440000	0
3010	14644	1	17	F226145	1842.290000	0
3011	14641	1	17	F225959	684.980000	0
3012	14641	1	17	F225959	1.470000	0
3013	14968	1	17	F227386	533.900000	0
3014	14967	1	17	F227071	1470.000000	0
3015	14967	1	17	F227071	2.940000	0
3016	14969	1	17	F227489	2499.600000	0
3017	18290	1	17	F227089	19110.000000	0
3018	18290	1	17	F227089	5.460000	0
3019	15545	1	17	F227669	3754.970000	0
3020	15090	1	17	F229232	1706.880000	0
3021	6693	1	17	F210688	1035.720000	0
3022	8687	1	17	F210887	1579.380000	0
3023	7809	1	17	F211332	672.960000	0
3024	7815	1	17	F212250	537.600000	0
3025	7821	1	17	F212920	601.200000	0
3026	7819	1	17	F213011	776.880000	0
3027	7823	1	17	F213220	4830.000000	0
3028	8759	1	17	F214661	1803.600000	0
3029	9957	1	17	F214834	525.600000	0
3030	9636	1	17	F215019	8382.000000	0
3031	9630	1	17	F215952	766.500000	0
3032	9630	1	17	F215952	601.540000	0
3033	8791	1	17	F215620	1701.000000	0
3034	8791	1	17	F215620	0.600000	0
3035	9649	1	17	F216530	700.000000	0
3036	9649	1	17	F216530	3320.410000	0
3037	9830	1	17	F218621	880.880000	0
3038	9831	1	17	F218787	21502.000000	0
3039	9831	1	17	F218787	0.010000	0
3040	9790	1	17	M2103385	4639.890000	0
3041	9793	1	17	M2104385	1994.270000	0
3042	8665	1	17	M2105361	2430.290000	0
3043	9795	1	17	M2106423	6923.940000	0
3044	16591	1	17	1022022	4080.000000	0
3045	16592	1	17	1032022	1248.000000	0
3046	18766	0	7	FC230376	945.010000	0
2541	13003	0	7	FR220022	-150.000000	0
2541	12988	0	7	FC220603	75.000000	0
2541	12944	0	7	FC220589	75.000000	0
3047	15073	0	7	FC221108	209.000000	0
3047	15333	0	7	FC221168	3400.000000	0
3047	15850	0	7	FC221282	220.000000	0
3047	16225	0	7	FR220041	-3100.000000	0
3047	16017	0	7	FC221306	3100.000000	0
3048	18944	0	7	FC230418	2400.000000	0
3049	18774	0	7	FC230381	450.000000	0
3050	18928	0	7	FC230414	350.000000	0
3051	18473	0	7	FC230312	350.000000	0
3052	18410	0	7	FC230303	360.000000	0
3053	16897	0	7	FC221512	1250.000000	0
3054	12542	0	7	FC220506	14225.000000	0
3054	12954	0	7	FC220593	13280.000000	0
3054	13478	0	7	FC220720	2485.000000	0
3054	13911	0	7	FC220823	23525.000000	0
3054	14457	0	7	FC220957	12675.000000	0
3054	15361	0	7	FC221174	240.000000	0
3054	15363	0	7	FR220037	-240.000000	0
3054	15548	0	7	FC221211	16947.000000	0
3054	16313	0	7	FC221376	2245.000000	0
3054	16890	0	7	FC221508	25968.250000	0
3054	17458	0	7	FC230109	5184.000000	0
3055	18171	1	17	M2301400	17975.950000	0
3055	18178	1	17	M2212381	2225.230000	0
3055	18173	1	17	M2211328	5721.850000	0
3055	18172	1	17	M2210298	17472.870000	0
3055	18174	1	17	M2209345	3210.080000	0
3055	18175	1	17	M2208316	9606.000000	0
3055	18177	1	17	M2207255	10636.420000	0
3055	18179	1	17	M2206352	4083.620000	0
3055	13131	1	17	M2205354	4919.070000	0
3055	12837	1	17	M2204266	1611.920000	0
3056	18990	1	17	FA8443	105.000000	0
3057	15391	0	7	FC221179	3000.000000	0
3058	18968	0	7	FC230424	400.000000	0
3059	18987	0	7	FC230428	1200.000000	0
3060	18985	0	7	FC230427	1072.600000	0
3061	12809	0	7	FC220563	1250.000000	0
3062	15137	0	7	FC221120	300.000000	0
3063	19022	0	7	FC230434	2850.000000	0
3064	19075	0	7	FC230443	5700.000000	0
3065	19075	0	7	FC230443	750.000000	0
3066	16689	0	7	FC221458	7905.000000	0
3067	12242	0	7	FC220442	3000.000000	0
3071	16882	1	16	FA2216788	259941.120000	0
3070	16882	1	16	FA2216788	300000.000000	0
3069	16882	1	16	FA2216788	340000.000000	0
3068	16882	1	16	FA2216788	350000.000000	0
3072	17427	1	17	FA2300961	325000.720000	0
3073	17427	1	17	FA2300961	317090.000000	0
3074	17292	0	7	FC221437	23344.420000	0
3075	19051	0	7	FC230439	1200.000000	0
3076	18663	0	7	FC230350	4200.000000	0
3077	18956	0	7	FC230421	11100.000000	0
3078	18931	0	7	FC230415	4636.000000	0
3079	19009	0	7	FC230431	7260.000000	0
3080	18830	0	7	FC230394	9720.000000	0
3081	10600	0	7	FC220110	3100.000000	0
3081	11295	0	7	FC220248	6200.000000	0
3082	18954	0	7	FC230419	7500.000000	0
3083	18625	0	7	FC230346	544.000000	0
3084	18955	0	7	FC230420	2024.000000	0
3085	18935	0	7	FC230416	2000.000000	0
3086	18834	0	7	FC230395	6000.000000	0
3087	1400	0	7	FC200382	585.000000	0
3088	18927	0	7	FC230413	360.000000	0
3089	19018	0	7	FC230433	1400.000000	0
3090	18665	0	7	FC230352	340.000000	0
3091	18719	0	7	FC230365	900.000000	0
3092	18737	0	7	FC230371	840.000000	0
3093	18666	0	7	FC230353	340.000000	0
3094	18672	0	7	FC230355	1380.000000	0
3095	18650	0	7	FC230349	300.000000	0
3096	18540	0	7	FC230329	1080.000000	0
12	111	0	7	FC200023	324.990000	0
3	132	0	7	FC200032	5559.800000	0
43	3722	0	7	FC201107	150.000000	0
3098	17372	0	7	FC230088	2180.000000	0
2489	10140	0	7	FC220000	50.000000	0
3100	17433	0	7	FC221341	273685.860000	0
3101	17433	0	7	FC221341	1099.140000	0
3102	17292	0	7	FC221437	2680.580000	0
3103	19144	0	7	FC230457	30000.000000	0
3104	19110	0	7	FC230451	12000.000000	0
3105	18545	0	7	FC230332	9000.000000	0
3106	19184	0	7	FC230466	1200.000000	0
3107	19171	0	7	FC230464	1800.000000	0
3108	9010	0	7	FC211144	900.000000	0
3108	17143	0	7	FC230049	1800.000000	0
2617	19109	0	7	FR230012	-1800.000000	0
3109	18004	0	7	FC230209	50702.400000	0
3110	18007	0	7	FC230212	957672.000000	0
3111	18005	0	7	FC230210	84904.800000	0
3112	12265	0	7	FC220447	7110.000000	0
3112	12432	0	7	FC220484	7980.000000	0
3113	17069	0	7	FC230033	3633.600000	0
3114	17712	0	7	FC230152	1819.200000	0
3114	18690	0	7	FC230358	1725.840000	0
3115	19244	0	7	FC230478	520.000000	0
3116	6163	0	7	FC210562	11157.200000	0
3116	10733	0	7	FR220002	-340.000000	0
3117	15549	0	7	FC221212	12263.800000	0
3117	16314	0	7	FC221377	12997.700000	0
3118	17032	0	7	FC230024	595.000000	0
3119	16641	0	7	FC221446	25200.000000	0
3120	17798	0	7	FC230169	15600.000000	0
3121	16080	0	7	FC221324	4400.000000	0
3121	16453	0	7	FC221410	2907.000000	0
3121	16486	0	7	FC221417	1870.000000	0
3121	16640	0	7	FC221445	2412.000000	0
3122	19145	0	7	FC230458	790.000000	0
3122	19159	0	7	FR230013	-250.000000	0
3123	19165	0	7	FC230462	600.000000	0
3124	19219	0	7	FC230472	183.000000	0
3125	19299	0	7	FC230491	3000.000000	0
3126	19299	0	7	FC230491	3000.000000	0
3128	19301	0	7	FC230493	4200.000000	0
3222	19348	0	7	FC230531	3126.000000	0
3223	19348	0	7	FC230531	3126.000000	0
3224	17517	0	7	FC230120	14400.000000	0
3224	17507	0	7	FC230119	200.000000	0
3224	17404	0	7	FC230094	1800.000000	0
3225	19255	0	7	FC230480	841.000000	0
3243	3039	0	7	FC200899	250.000000	0
3245	3719	0	7	FC201104	90.000000	0
3246	966	0	7	FC200261	2389.000000	0
3251	4477	0	7	FC210190	2450.000000	0
3252	16379	0	7	FC221396	6000.000000	0
3253	10550	0	7	FC220099	920.000000	0
3253	11729	0	7	FC220338	1840.000000	0
3254	17750	0	7	FC230162	2600.000000	0
3254	18189	0	7	FC230255	1700.040000	0
3254	18617	0	7	FC230345	3449.960000	0
3255	18617	0	7	FC230345	0.040000	0
3248	19327	0	7	FC230517	4580.000000	0
3247	19327	0	7	FC230517	2045.000000	0
3247	19328	0	7	FC230518	2555.000000	0
3249	19328	0	7	FC230518	1045.000000	0
3265	19329	0	7	FC230519	2500.000000	0
3250	19330	0	7	FC230520	1100.000000	0
3250	19331	0	7	FC230521	500.000000	0
3256	19332	0	7	FC230522	2500.000000	0
3257	19333	0	7	FC230523	2410.000000	0
3258	19334	0	7	FC230524	4400.000000	0
3259	19335	0	7	FC230525	1260.000000	0
3260	19336	0	7	FC230526	2640.000000	0
3261	19337	0	7	FC230527	3880.000000	0
3262	19338	0	7	FC230528	4800.000000	0
3263	19338	0	7	FC230528	2100.000000	0
3263	19339	0	7	FC230529	550.000000	0
3264	19340	0	7	FC230530	3300.000000	0
3355	19405	0	7	FC230551	5250.000000	0
3356	19405	0	7	FC230551	5250.000000	0
3357	19401	0	7	FC230549	242.000000	0
3358	19375	0	7	FC230544	2400.000000	0
3389	17041	0	7	FC221471	3000.000000	0
3390	19148	0	7	FC230459	2160.000000	0
3391	19121	0	7	FC230453	2400.000000	0
3392	19118	0	7	FC230452	800.000000	0
2893	19364	0	7	FC230539	800.000000	0
3393	19185	0	7	FC230467	1800.000000	0
3244	48	0	7	FC200008	606.000000	0
3244	3492	0	7	FC201041	406.000000	0
3394	19200	0	7	FC230469	5212.000000	0
3395	19154	0	7	FC230461	3500.000000	0
3396	19094	0	7	FC230446	4800.000000	0
3397	19221	0	7	FC230473	3360.000000	0
3398	19231	0	7	FC230476	18000.000000	0
3399	19238	0	7	FC230477	2688.000000	0
3400	17735	0	7	FC230158	10200.000000	0
3401	19456	0	7	FC230568	2700.000000	0
3402	19436	0	7	FC230561	27000.000000	0
3403	19435	0	7	FC230560	3400.000000	0
3404	19411	0	7	FC230552	281.000000	0
3405	19248	0	7	FC230479	408.000000	0
3406	19442	0	7	FC230563	175.000000	0
3407	17037	0	7	FC230026	8400.000000	0
3407	17840	0	7	FC230176	8400.000000	0
3407	17899	0	7	FC230188	580.000000	0
3408	2612	0	7	FC200758	360.000000	0
3409	16490	0	7	FC221419	28320.000000	0
3409	16978	0	7	FC230016	600.000000	0
3409	17112	0	7	FC230039	1400.000000	0
3409	17115	0	7	FC230040	1200.000000	0
3409	17123	0	7	FC230042	1100.000000	0
3409	17314	0	7	FC230077	5880.000000	0
3409	17375	0	7	FC230091	1500.000000	0
3410	18002	0	7	FC230207	68168.400000	0
3411	18006	0	7	FC230211	116400.000000	0
3412	18002	0	7	FC230207	7.600000	0
3413	18008	0	7	FC230213	1664023.200000	0
3414	18003	0	7	FC230208	106800.000000	0
3415	16962	0	7	FC230012	146850.000000	0
3416	16843	0	7	FC221156	686.400000	0
3417	16061	0	7	FC221318	12699.600000	0
3418	17375	0	7	FC230091	28320.000000	0
3419	12432	0	7	FC220484	20325.020000	0
3420	12432	0	7	FC220484	6144.980000	0
3420	13033	0	7	FC220613	16000.000000	0
3420	13656	0	7	FR220028	-16000.000000	0
3420	13672	0	7	FC220765	9345.180000	0
3421	13672	0	7	FC220765	4940.000000	0
3422	18543	0	7	FC230330	240.000000	0
3423	18782	0	7	FC230384	10080.000000	0
3424	17820	0	7	FC230171	18330.000000	0
3425	17266	0	7	FC230069	58320.000000	0
3428	16443	0	7	FC221408	2448.000000	0
3429	15225	0	7	FC221144	3000.000000	0
3429	15539	0	7	FC221208	14984.000000	0
3429	15952	0	7	FC221295	6144.000000	0
3429	17438	0	7	FC230103	8894.000000	0
3429	17922	0	7	FC230195	6144.000000	0
3429	18028	0	7	FC230215	1875.000000	0
3429	18132	0	7	FC230236	8740.000000	0
3430	19495	0	7	FC230579	680.000000	0
3431	19518	0	7	FC230583	11672.000000	0
3432	18651	1	17	FA20230131	1045.600000	0
3433	12575	1	17	202200124	6.000000	0
3434	16685	1	17	202201167	494.880000	0
3435	15893	1	17	90016426	7200.000000	0
3436	16687	1	17	3662022	22837.500000	0
3437	19265	1	17	202303612	3000.000000	0
3439	18757	1	17	FA23000442	8759.520000	0
3440	18624	1	17	FA230250	3882.000000	0
3441	17051	0	7	FC230029	5100.000000	0
3441	17732	0	7	FC230157	6800.000000	0
3442	16657	0	7	FC221449	1035.000000	0
3442	16835	0	7	FC221493	1560.000000	0
3442	16836	0	7	FC221494	2680.000000	0
3443	17335	0	7	FC230080	3110.000000	0
3444	16497	0	6	FC221421	1530.000000	0
3444	16540	0	6	FC221424	1440.000000	0
3445	15772	0	7	FC221263	20763.700000	0
3445	16038	0	7	FC221312	1800.000000	0
3445	16309	0	7	FC221372	840.000000	0
3446	15653	0	7	FC221239	5625.000000	0
3446	16259	0	7	FC221362	360.000000	0
3447	17337	0	7	FC230082	2720.000000	0
3448	16353	0	7	FC221389	2932.600000	0
3448	16430	0	7	FC221407	411.200000	0
3448	16390	0	7	FR220045	-784.000000	0
3448	16432	0	7	FR220047	-411.200000	0
3448	16608	0	7	FC221436	3033.920000	0
3449	15733	0	7	FC221254	750.000000	0
3449	15649	0	7	FC221238	2700.000000	0
3449	16468	0	7	FC221413	3442.500000	0
3449	16800	0	7	FC221486	4050.000000	0
3449	15891	0	7	FC221285	2820.000000	0
3449	16154	0	7	FC221339	420.000000	0
3450	15471	0	7	FC221198	1260.000000	0
3451	15771	0	7	FC221262	840.000000	0
3451	16301	0	7	FC221369	450.000000	0
3452	15794	0	7	FC221267	1070.000000	0
3452	15740	0	7	FC221256	960.000000	0
3452	15639	0	7	FC221233	1895.000000	0
3452	15586	0	7	FC221225	6015.000000	0
3453	15566	0	7	FC221219	1196.800000	0
3453	15937	0	7	FC221293	1080.000000	0
3454	15568	0	7	FC221220	3745.000000	0
3454	16006	0	7	FR220040	-880.000000	0
3455	17040	0	7	FC230027	270.000000	0
3455	17704	0	7	FC230150	4200.000000	0
3455	17667	0	7	FC230143	4050.000000	0
3455	16997	0	7	FC230020	2400.000000	0
3456	17281	0	7	FC230072	4825.000000	0
3457	19544	0	7	FC230590	27000.000000	0
3458	15017	0	7	FC221093	4660.000000	0
3458	15553	0	7	FC221216	12260.000000	0
3458	16316	0	7	FC221379	21260.000000	0
3458	16653	0	7	FC221448	840.000000	0
3458	16891	0	7	FC221509	10980.000000	0
3458	16911	0	7	FR220053	-756.000000	0
3459	19619	1	16	F2312181	12348.000000	0
3460	19630	0	7	FC230610	1500.000000	0
3461	17751	0	7	FC230163	6200.000000	0
3461	18079	0	7	FC230221	6050.000000	0
3462	17371	0	7	FC230087	2020.000000	0
3462	17715	0	7	FC230154	2600.000000	0
3462	18485	0	7	FC230314	3294.000000	0
3462	18746	0	7	FC230373	140.000000	0
3463	19432	0	7	FC230557	1360.000000	0
3464	19451	0	7	FC230567	4800.000000	0
3465	19415	0	7	FC230553	31119.980000	0
3466	19415	0	7	FC230553	0.020000	0
3467	19434	0	7	FC230559	5260.000000	0
3468	19485	0	7	FC230576	5000.000000	0
3469	19447	0	7	FC230564	1600.000000	0
3469	18620	0	7	FR230008	-960.000000	0
3469	18613	0	7	FC230344	960.000000	0
3470	18739	0	7	FC230372	728.000000	0
3471	19417	0	7	FC230554	2130.000000	0
3472	19389	0	7	FC230546	7530.000000	0
3473	19576	0	7	FC230597	8000.000000	0
3474	19493	0	7	FC230577	5640.000000	0
3475	19534	0	7	FC230588	2400.000000	0
3476	16948	0	7	FC230007	375.000000	0
3476	17137	0	7	FC230047	100.000000	0
3476	17237	0	7	FC230064	2000.000000	0
3476	17240	0	7	FC230065	400.000000	0
3476	17425	0	7	FC230101	1200.000000	0
3476	17844	0	7	FC230178	1090.000000	0
3476	17938	0	7	FC230197	4080.000000	0
3476	18228	0	7	FC230262	1200.000000	0
3476	18558	0	7	FC230333	2040.000000	0
3476	18711	0	7	FC230363	1300.000000	0
3477	2159	0	7	FC200617	850.000000	0
3477	3184	0	7	FC200945	1070.000000	0
3477	16979	0	7	FC230017	3500.000000	0
3477	18645	0	7	FC230348	2444.000000	0
3477	18376	0	7	FC230296	700.000000	0
3477	19463	0	7	FC230570	2044.000000	0
3478	13672	0	7	FC220765	464.820000	0
3478	13673	0	7	FC220766	1500.000000	0
3478	13698	0	7	FC220771	1250.000000	0
3478	13699	0	7	FC220772	1250.000000	0
3478	13777	0	7	FC220791	475.000000	0
3478	13968	0	7	FC220841	38050.000000	0
3478	14250	0	7	FC220898	880.000000	0
3478	14251	0	7	FC220899	37000.000000	0
3478	14252	0	7	FC220900	8000.000000	0
3478	14253	0	7	FC220901	6600.000000	0
3478	14254	0	7	FC220902	1750.000000	0
3478	14255	0	7	FC220903	1750.000000	0
3478	14472	0	7	FC220965	4000.180000	0
3479	19482	0	7	FC230575	1260.000000	0
3480	19664	0	7	FC230618	80.000000	0
2796	19593	0	7	FC230599	1800.000000	0
3481	19478	0	7	FC230569	460.000000	0
3482	19639	0	7	FC230611	900.000000	0
3483	19705	0	7	FC230624	700.000000	0
3484	15666	0	7	FC221241	4700.000000	0
3485	19365	0	7	FC230540	5200.000000	0
3486	19663	0	7	FC230617	1250.000000	0
3487	19653	0	7	FC230613	3400.000000	0
3487	18747	0	7	FC230374	170.000000	0
3488	17744	0	7	FC230160	4080.000000	0
3488	18853	0	7	FAV23003	-145.010000	0
3488	18856	0	7	FAV23004	-200.000000	0
3488	16320	0	7	FC221383	200.000000	0
3488	10027	0	7	FC211374	145.010000	0
2318	17996	0	7	FC230205	2560.080000	0
2318	18776	0	7	FC230382	1360.000000	0
3489	19753	1	17	F236697	2673.120000	0
3490	18991	1	17	FA2300190	3864.190000	0
3491	19772	1	17	F236067	56023.200000	0
3492	19773	1	17	F236167	4212.000000	0
3493	19774	1	17	FA23050697	21600.000000	0
3494	17457	0	7	FC230108	3020.000000	0
3494	18137	0	7	FC230239	4920.000000	0
3494	18791	0	7	FC230385	6340.000000	0
3495	19736	0	7	FC230629	720.000000	0
3496	19761	0	7	FC230633	1200.000000	0
3497	16886	0	7	FC221504	12131.300000	0
3498	19801	0	7	FC230647	4110.000000	0
3499	19866	0	7	FC230665	7340.000000	0
3500	19771	0	7	FC230636	2400.000000	0
3501	19777	0	7	FC230637	27000.000000	0
3502	19948	0	7	FC230684	680.000000	0
3503	19890	0	7	FC230671	4250.000000	0
3504	19875	0	7	FC230667	8060.000000	0
3505	19746	0	7	FC230630	900.000000	0
3506	19835	0	7	FC230655	3000.000000	0
3507	19834	0	7	FC230654	440.000000	0
3508	17375	0	7	FC230091	24180.000000	0
3508	17376	0	7	FC230092	800.000000	0
3508	17482	0	7	FC230115	450.000000	0
3508	17564	0	7	FC230127	2550.000000	0
3508	17882	0	7	FC230184	225.000000	0
3508	18141	0	7	FC230243	4795.000000	0
3509	8223	0	7	FC211001	3694.960000	0
3509	17036	0	7	FC230025	1899.960000	0
3510	19282	0	7	FC230488	1185.000000	0
3511	19956	0	7	FC230687	1450.000000	0
3512	19977	0	7	FC230691	3240.000000	0
3513	19971	0	7	FC230689	1440.000000	0
3514	19962	0	7	FC230688	120.000000	0
3515	19898	0	7	FC230673	350.000000	0
3516	19716	0	7	FC230626	900.000000	0
3517	19894	0	7	FC230672	800.000000	0
3518	19658	0	7	FC230615	1080.000000	0
3519	19717	0	7	FC230627	1200.000000	0
3520	19829	0	7	FC230652	360.000000	0
3521	19830	0	7	FC230653	5200.000000	0
3522	19600	0	7	FC230602	19500.000000	0
3523	19595	0	7	FC230600	1950.000000	0
3524	19932	0	7	FC230682	2024.000000	0
3525	19591	0	7	FC230598	1780.000000	0
3527	2409	0	7	FC200694	22800.000000	0
3528	18576	0	7	FC230338	2100.000000	0
3529	17452	0	7	FC230105	21143.350000	0
3532	18924	0	7	FC230410	30072.000000	0
3533	15467	0	7	FC221196	18000.000000	0
3534	17862	0	7	FC221327	214.000000	0
3535	16993	0	7	FC230019	4500.000000	0
3535	17346	0	7	FC230083	750.000000	0
3536	16919	0	7	FC230000	3020.000000	0
3537	16328	0	7	FC221384	3810.000000	0
3537	16376	0	7	FC221395	800.000000	0
3537	16542	0	7	FC221426	2504.000000	0
3538	17044	0	7	FC230028	1250.000000	0
3538	17431	0	7	FC230102	12500.000000	0
3539	18218	0	7	FC230259	550.000000	0
3539	18664	0	7	FC230351	799.800000	0
3540	17683	0	7	FC230147	1677.000000	0
3541	17463	0	7	FC230113	3200.000000	0
3541	18089	0	7	FC230227	1840.000000	0
3542	10582	0	7	FC220105	600.000000	0
3542	11659	0	7	FC220323	6000.000000	0
3543	20086	0	7	FC230714	2400.000000	0
3544	20126	1	17	2072023	103616.400000	0
3545	20126	1	17	2072023	103616.400000	0
3546	20121	1	17	2305321	11353.600000	0
3547	19573	0	7	FC230595	1920.000000	0
3547	20094	0	7	FC230716	4800.000000	0
3548	18769	0	7	FC230379	278520.000000	0
3549	16961	0	7	FC230011	3531.000000	0
3550	20080	0	7	FC230712	3000.000000	0
3551	20072	0	7	FC230711	1200.000000	0
3552	19844	0	7	FC230656	1498.400000	0
3552	20017	0	7	FC230699	70.000000	0
3553	19604	0	7	FC230604	2400.000000	0
3554	18504	0	7	FC230320	14400.000000	0
3555	20125	0	7	FC230720	450.000000	0
3556	20175	1	16	2023006492023	8388.000000	0
3557	20174	0	7	FC230732	1000.000000	0
3558	20133	0	7	FC230722	16850.000000	0
3559	20184	0	7	FC230734	2400.000000	0
3560	18794	0	7	FC230388	16855.000000	0
3560	18798	0	7	FC230392	8400.000000	0
3561	19267	0	7	FC230482	3281.000000	0
3562	20002	0	7	FC230697	481.000000	0
3563	20063	0	7	FC230710	1250.000000	0
3564	16891	0	7	FC221509	7041.000000	0
3564	16898	0	7	FC221513	3600.000000	0
3564	17461	0	7	FC230112	4880.000000	0
3564	18145	0	7	FC230247	5826.500000	0
3566	18139	0	7	FC230241	18862.600000	0
3567	18898	0	7	FC230406	11000.000000	0
3568	17456	0	7	FC230107	12960.000000	0
3569	20238	0	7	FC230744	8120.000000	0
3570	13125	0	7	FC220639	1200.000000	0
3570	20139	0	7	FR230017	-1200.000000	0
3570	20132	0	7	FC230721	460.000000	0
3570	20142	0	7	FC230724	1200.000000	0
3571	17460	0	7	FC230111	47440.000000	0
3572	20290	0	7	FC230757	2500.000000	0
3573	18081	0	7	FC230223	7700.000000	0
3573	17910	0	7	FC230193	340.000000	0
3573	17758	0	7	FC230165	476.000000	0
3573	16970	0	7	FC230013	816.000000	0
3573	16932	0	7	FC230003	270.000000	0
3574	20310	0	7	FC230759	1200.000000	0
3575	20301	0	7	FC230758	1350.000000	0
3576	17442	0	7	FC230104	84576.000000	0
3577	18598	0	7	FC230342	1405440.000000	0
3578	20354	1	17	FA2301629	4499.780000	0
3579	20356	1	17	FA230546	930.000000	0
3580	20357	1	17	90016817	8400.000000	0
3581	20347	0	7	FC230770	2850.000000	0
3583	17901	0	7	FC230190	2275.000000	0
3583	18222	0	7	FC230261	2550.000000	0
3584	18899	0	7	FC230407	759.660000	0
3585	18870	0	7	FC230399	12365.000000	0
3585	19029	0	7	FC230436	3000.000000	0
3586	18781	0	7	FC230383	1680.000000	0
3587	18868	0	7	FC230398	15000.000000	0
3588	18116	0	7	FC230233	7740.000000	0
3589	17158	0	7	FC230050	1650.000000	0
3589	17718	0	7	FC230155	4600.000000	0
3590	19382	0	7	FC230545	620.000000	0
3591	16391	0	6	FC221398	600.000000	0
3592	19050	0	7	FC230438	4800.000000	0
3592	19153	0	7	FC230460	48400.000000	0
3592	18978	0	7	FC230426	12000.000000	0
3592	18527	0	7	FC230326	500.000000	0
3592	18754	0	7	FC230375	374.160000	0
3593	17661	0	7	FC230142	67080.000000	0
3593	17670	0	7	FC230144	1600.000000	0
3594	18754	0	7	FC230375	0.840000	0
3595	20417	0	7	FC230783	2290.600000	0
3596	20420	0	7	FC230785	2700.000000	0
3597	20413	0	7	FC230781	5200.000000	0
3598	6576	0	7	FC210653	12062.000000	0
3598	6610	0	7	FC210661	4400.000000	0
3598	6763	0	7	FC210691	10800.000000	0
3598	8958	0	7	FC211127	3600.000000	0
3599	20451	0	7	FC230790	1200.000000	0
3600	20642	1	17	FA2302665	5241.790000	0
3601	20540	0	7	FC230800	2700.000000	0
3602	20551	0	7	FC230802	3240.000000	0
3603	20148	0	7	FC230726	10500.000000	0
3604	20577	0	7	FC230808	4987.500000	0
3605	20577	0	7	FC230808	4987.500000	0
3606	674	0	7	FC200175	200.000000	0
3607	14558	0	7	FC220988	170.000000	0
3608	1872	0	7	FC200516	60.000000	0
3609	20698	0	7	FC230821	3664080.000000	0
3610	18720	0	7	FC230366	100190.000000	0
3611	20713	0	7	FC230693	16405.710000	0
3612	20162	0	7	FC230729	250.000000	0
3613	20033	0	7	FC230703	1720.000000	0
3614	19931	0	7	FC230681	1360.000000	0
3615	18716	0	7	FC230364	720.000000	0
3615	20447	0	7	FC230789	7160.000000	0
3616	20037	0	7	FC230705	1400.000000	0
3617	20168	0	7	FC230730	800.000000	0
3618	20558	0	7	FC230806	1600.000000	0
3619	20539	0	7	FC230799	2399.940000	0
3620	20556	0	7	FC230804	2250.000000	0
3621	20634	0	7	FC230814	1570.000000	0
3622	19929	0	7	FC230680	7800.000000	0
3623	20348	0	7	FC230771	3000.000000	0
3624	20237	0	7	FC230743	1880.000000	0
3626	20154	0	7	FC230728	440.000000	0
3627	20018	0	7	FC230700	10490.000000	0
3628	20193	0	7	FC230735	1360.000000	0
3629	20034	0	7	FC230704	1468.020000	0
3630	20415	0	7	FC230782	1440.000000	0
3630	20764	0	7	FC230834	440.000000	0
3631	3721	0	7	FC201106	125.000000	0
3631	18797	0	7	FC230391	500.000000	0
3631	20726	0	7	FC230824	1500.000000	0
3632	20732	0	7	FC230825	900.000000	0
3633	1541	0	7	FC200419	750.000000	0
3634	20759	0	7	FC230741	1000.000000	0
3635	20662	0	7	FC230818	27000.000000	0
3636	20820	0	7	FC230846	27000.000000	0
3636	20835	0	7	FC230849	700.000000	0
3637	20779	0	7	FC230840	450.000000	0
3638	15113	0	7	FC221116	1000.000000	0
3638	19273	0	6	FR230014	-48000.000000	0
3638	3913	0	7	FC210062	48000.000000	0
3639	18141	0	7	FC230243	29205.000000	0
3639	18727	0	7	FC230369	795.000000	0
3640	19533	0	7	FC230587	6512.000000	0
3642	2767	0	7	FC200820	10080.000000	0
3643	2828	0	7	FC200835	6720.000000	0
3644	3733	0	7	FC201116	23520.000000	0
3645	11597	0	7	FC220310	417.000000	0
3646	20983	1	17	004174	74.400000	0
3647	13439	1	17	003251	570.000000	0
3648	20984	1	17	F237767	4955.960000	0
3649	20991	1	17	FA23060742	1410.000000	0
3650	20992	1	17	FA230610	6190.000000	0
3651	20988	1	17	2023FA1271	2640.000000	0
3652	21000	1	17	28123	423504.000000	0
3654	21010	1	17	25923	381955.000000	0
3653	21010	1	17	25923	560045.000000	0
3655	16485	0	7	FC221416	11560.000000	0
3656	20620	0	7	FC230813	600.000000	0
3657	20782	0	7	FC230841	150.000000	0
3658	20949	0	7	FC230877	300.000000	0
3659	20950	0	7	FC230878	880.000000	0
3660	20766	0	7	FC230835	700.000000	0
3661	20548	0	7	FC230801	1700.000000	0
3662	20012	0	7	FR230016	-320.000000	0
3662	20013	0	7	FC230698	1180.000000	0
3663	20495	0	7	FR230018	-560.000000	0
3663	20258	0	7	FC230748	1120.000000	0
3664	20840	0	7	FC230850	1500.000000	0
3665	20770	0	7	FC230836	200.000000	0
3666	19921	0	7	FC230679	13600.000000	0
3667	20999	0	7	FC230883	1080.000000	0
3668	21005	0	7	FC230885	1650.000000	0
3669	20555	0	7	FC230803	2400.000000	0
3670	21021	0	7	FC230887	90900.000000	0
3671	20323	0	7	FC230756	5020.000000	0
3673	20921	0	7	FC230866	2520.000000	0
3674	21123	0	7	FC230919	6000.000000	0
3675	21099	0	7	FC230910	1410.000000	0
3675	21127	0	7	FC230921	1125.000000	0
3677	21096	0	7	FC230908	6580.000000	0
2844	18901	0	7	FC230408	4050.000000	0
3678	18940	0	7	FC230417	666.500000	0
3679	18501	0	7	FC230318	2720.000000	0
3679	18768	0	7	FC230378	1600.000000	0
3680	18041	0	7	FC230217	2950.000000	0
3681	17701	0	7	FC230149	7100.000000	0
3682	18355	0	7	FC230293	6850.000000	0
3683	17839	0	7	FC230175	2500.000000	0
3683	17931	0	7	FC230196	1250.000000	0
3683	18062	0	7	FC230220	3750.000000	0
3684	17248	0	7	FC230066	450.000000	0
3684	17505	0	7	FC230117	6860.000000	0
3684	17854	0	7	FC230181	840.000000	0
3685	17615	0	7	FC230134	450.000000	0
3686	18144	0	7	FC230246	1800.000000	0
3686	19266	0	7	FC230481	1800.000000	0
3686	19864	0	7	FC230663	6220.000000	0
3687	21113	0	7	FC230915	30000.000000	0
3688	21059	0	7	FC230903	1190.000000	0
3689	21101	0	7	FC230911	2820.000000	0
3690	20585	0	7	FC230811	3500.000000	0
3691	20741	0	7	FC230830	1040.000000	0
3692	21091	0	7	FC230907	9680.000000	0
3693	20844	0	7	FC230851	2340.000000	0
3694	20848	0	7	FC230853	1680.000000	0
3625	21052	0	7	FC230901	1200.000000	0
3695	20928	0	7	FC230869	1000.000000	0
3696	21048	0	7	FC230899	2600.000000	0
3697	20847	0	7	FC230852	2800.000000	0
3698	20901	0	7	FC230863	19500.000000	0
3699	20803	0	7	FC230843	2304.000000	0
3700	20902	0	7	FC230864	1200.000000	0
3702	20927	0	7	FC230868	2000.000000	0
3704	20650	0	7	FC230816	2787.500000	0
3705	20694	0	7	FC230820	6400.000000	0
3706	20761	0	7	FC230833	2664.000000	0
3707	20777	0	7	FC230838	3900.000000	0
3708	21137	0	7	FC230924	3000.000000	0
3709	21083	0	7	FC230906	3000.000000	0
3710	21037	0	7	FC230896	360.000000	0
3711	20649	0	7	FC230815	7200.000000	0
3712	20278	0	7	FC230753	2000.040000	0
3701	20587	0	7	FC230812	6960.000000	0
3713	20276	0	7	FC230751	6560.080000	0
3714	20274	0	7	FC230749	6300.000000	0
3715	20275	0	7	FC230750	7140.000000	0
3716	20275	0	7	FC230750	7140.000000	0
3717	20897	0	7	FC230861	600.000000	0
3719	18923	0	7	FC230409	70479.360000	0
3720	18923	0	7	FC230409	2480.640000	0
3721	18899	0	7	FC230407	0.340000	0
3722	21119	0	7	FC230918	1440.000000	0
3723	21218	0	7	FC230942	5250.000000	0
3724	19903	0	7	FC230674	10700.000000	0
3725	18977	0	7	FC230425	2214.000000	0
3726	18500	0	7	FC230317	2350.000000	0
3727	19913	0	7	FC230677	202068.000000	0
3728	18387	0	7	FC230291	18764.000000	0
3728	19073	0	7	FC230442	1800.000000	0
3729	18350	0	7	FC230290	6153.600000	0
3730	18352	0	7	FC230292	12220.000000	0
3731	21226	0	7	FC230944	3600.000000	0
3732	19224	0	7	FC230474	5250.000000	0
3732	21235	0	7	FC230946	2100.000000	0
3733	21156	0	7	FC230929	2800.000000	0
3734	6003	0	7	FC210524	1200.000000	0
3734	15274	0	7	FR220036	-2120.000000	0
3734	14478	0	7	FC220967	2120.000000	0
3735	20368	0	7	FC230774	1200.000000	0
3736	2992	0	7	FC200881	75.000000	0
3736	10602	0	7	FC220112	50.000000	0
3736	15895	0	7	FC221286	1500.000000	0
3736	19117	0	7	FAV23005	-50.000000	0
3736	19173	0	7	FAV23006	-75.000000	0
3737	756	0	7	FC200196	1900.000000	0
3737	1427	0	7	FR200010	-1900.000000	0
3737	5926	0	7	FC210506	2500.000000	0
3737	7566	0	7	FR210017	-2500.000000	0
3737	963	0	7	FC200170	1250.000000	0
3738	3841	0	7	FC210029	750.000000	0
3738	4575	0	7	FR210004	-3480.000000	0
3738	4380	0	7	FC210175	3480.000000	0
3739	549	0	7	FC200138	300.000000	0
3739	597	0	7	FC200153	525.000000	0
3739	598	0	7	FR200003	-300.000000	0
3740	20819	0	7	FR230042	-2295.000000	0
3740	3725	0	7	FC201109	2295.000000	0
3740	4414	0	7	FC210181	3400.000000	0
3741	19302	0	7	FC230494	56750.000000	0
3741	20618	0	7	FR230038	-31700.000000	0
3741	20617	0	7	FR230037	-6600.000000	0
3741	20616	0	7	FR230036	-9600.000000	0
3741	20615	0	7	FR230035	-1800.000000	0
3741	20614	0	7	FR230034	-51600.000000	0
3741	20613	0	7	FR230033	-31200.000000	0
3741	20612	0	7	FR230032	-18600.000000	0
3741	20611	0	7	FR230031	-6120.000000	0
3741	20610	0	7	FR230030	-19800.000000	0
3741	20609	0	7	FR230029	-26880.000000	0
3741	20608	0	7	FR230028	-25000.000000	0
3741	20607	0	7	FR230027	-16420.000000	0
3741	20606	0	7	FR230026	-50000.000000	0
3741	20605	0	7	FR230025	-5222.000000	0
3741	20604	0	7	FR230024	-27160.000000	0
3741	20603	0	7	FR230023	-10098.000000	0
3741	20602	0	7	FR230022	-56750.000000	0
3741	19318	0	7	FC230510	31700.000000	0
3741	19317	0	7	FC230509	6600.000000	0
3741	19316	0	7	FC230508	9600.000000	0
3741	19315	0	7	FC230507	1800.000000	0
3741	19314	0	7	FC230506	51600.000000	0
3741	19313	0	7	FC230505	31200.000000	0
3741	19312	0	7	FC230504	18600.000000	0
3741	19311	0	7	FC230503	6120.000000	0
3741	19310	0	7	FC230502	19800.000000	0
3741	19309	0	7	FC230501	26880.000000	0
3741	19308	0	7	FC230500	25000.000000	0
3741	19307	0	7	FC230499	16420.000000	0
3741	19306	0	7	FC230498	50000.000000	0
3741	19305	0	7	FC230497	5222.000000	0
3741	19304	0	7	FC230496	27160.000000	0
3741	19303	0	7	FC230495	10098.000000	0
560	20522	0	7	FR230020	-80581.800000	0
560	20510	0	7	FR230019	-1585.000000	0
560	19359	0	7	FC230538	11354.400000	0
560	19358	0	7	FC230537	18100.000000	0
560	19356	0	7	FC230536	26443.400000	0
560	19355	0	7	FC230535	15804.000000	0
560	19354	0	7	FC230534	5700.000000	0
560	19352	0	7	FC230533	3180.000000	0
560	19351	0	7	FC230532	1585.000000	0
3742	5448	0	7	FC210407	13.550000	0
2861	9564	0	7	FR210027	-3360.000000	0
2861	11546	0	7	FC220298	3300.000000	0
1398	20646	0	7	FR230041	-4210.020000	0
1398	9426	0	7	FC211249	70.000000	0
1398	8939	0	7	FC211135	2500.000000	0
1398	8163	0	7	FC210989	1625.000000	0
1398	7315	0	7	FC210813	15.010000	0
497	18819	0	7	FAV23000	-12000.000000	0
497	7521	0	7	FC210857	12000.000000	0
3743	10599	0	7	FC220109	75000.000000	0
3743	20638	0	7	FR230039	-75000.000000	0
3744	18823	0	7	FAV23001	-14000.000000	0
3744	3958	0	7	FC210078	14000.000000	0
3745	19300	0	7	FC230492	3360.000000	0
3745	20640	0	7	FR230040	-3360.000000	0
3746	6076	0	7	FC210541	3566.000000	0
3746	6919	0	7	FR210015	-3566.000000	0
1196	11167	0	7	FR220007	-1800.000000	0
1196	11170	0	7	FC220230	1800.000000	0
3747	7433	0	7	FC210836	20400.000000	0
3747	18825	0	7	FAV23002	-20400.000000	0
3748	12533	0	7	FR220017	-1960.000000	0
3748	12481	0	7	FC220494	1960.000000	0
2409	12998	0	7	FR220021	-760.000000	0
2409	12895	0	7	FC220578	760.000000	0
1576	20707	0	7	FAV23009	-2450.040000	0
3750	18793	0	7	FC230387	17144.200000	0
3751	19815	0	7	FC230650	11830.000000	0
3751	19853	0	7	FC230658	260.000000	0
3752	20255	0	7	FC230746	1300.000000	0
3752	20573	0	7	FC230807	7550.000000	0
3753	21433	0	7	FC230990	505.000000	0
3754	21015	0	7	FC230886	800.000000	0
3755	21056	0	7	FC230902	780.000000	0
3756	21140	0	7	FC230925	384.000000	0
2298	21304	0	7	FC230962	32400.000000	0
3757	21104	0	7	FC230912	6470.000000	0
3758	21379	0	7	FC230977	3500.000000	0
3759	19863	0	7	FC230662	5165.000000	0
3760	21331	0	7	FC230968	53300.000000	0
3761	21242	0	7	FC230948	6300.000000	0
3762	21236	0	7	FC230947	18000.000000	0
3763	10724	0	7	FC220138	2400.000000	0
3763	21278	0	7	FC230956	23200.000000	0
2806	21278	0	7	FC230956	25600.000000	0
3764	21163	0	7	FC230930	1320.000000	0
3765	21207	0	7	FC230940	1500.000000	0
3766	21308	0	7	FC230965	14070.000000	0
3767	21179	0	7	FC230931	20600.000000	0
3768	18858	0	7	FC230397	25000.000000	0
3768	19083	0	7	FC230445	325.000000	0
3769	18275	0	7	FC230275	1440.000000	0
3769	18309	0	7	FC230281	13500.000000	0
3769	18693	0	7	FC230359	18454.000000	0
3769	18897	0	7	FC230405	3974.000000	0
3769	18916	0	7	FR230011	-720.000000	0
3769	19532	0	7	FC230586	7680.000000	0
3769	19799	0	7	FC230646	8104.000000	0
3770	21109	0	7	FC230914	3560.000000	0
3771	21285	0	7	FC230958	50000.000000	0
3772	21301	0	7	FC230959	29720.000000	0
3773	21225	0	7	FC230943	18666.000000	0
3774	21278	0	7	FC230956	25600.000000	0
3775	21278	0	7	FC230956	25600.000000	0
3777	21264	0	7	FC230954	6000.000000	0
3778	21302	0	7	FC230960	23125.000000	0
3779	21302	0	7	FC230960	26875.000000	0
3780	21461	0	7	FC230999	2400.000000	0
3781	19868	0	7	FC230666	1200.000000	0
3781	20117	0	7	FC230719	1250.000000	0
3781	20854	0	7	FC230854	960.000000	0
3781	20418	0	7	FC230784	1200.000000	0
3781	20922	0	7	FC230867	1200.000000	0
3781	21071	0	7	FC230905	1920.000000	0
3781	21185	0	7	FC230934	1290.000000	0
3782	19274	0	7	FC230487	12360.000000	0
3783	21312	0	7	FC230966	180.000000	0
3784	21376	0	7	FC230976	300.000000	0
3785	21256	0	7	FC230951	300.000000	0
3787	21480	0	7	FC231004	1050.000000	0
3788	21353	0	7	FC230099	80400.000000	0
3790	21536	0	7	FC231014	5000.000000	0
3791	18203	0	7	FC230257	816.000000	0
3792	18042	0	7	FC230218	840.000000	0
3793	21558	0	7	FC231018	20000.000000	0
3794	21572	0	7	FC231023	7500.000000	0
3795	21571	0	7	FC231022	1560.000000	0
3796	18727	0	7	FC230369	9925.000000	0
3796	18729	0	7	FC230370	6600.000000	0
3796	19012	0	7	FC230432	9600.000000	0
3796	19135	0	7	FC230455	7245.000000	0
3796	19202	0	7	FC230470	3825.000000	0
3796	19392	0	7	FC230547	2400.000000	0
3796	19437	0	7	FC230562	2800.000000	0
3796	19449	0	7	FC230566	360.000000	0
3796	19792	0	7	FC230641	4640.000000	0
3796	19947	0	7	FC230683	2605.000000	0
3797	19947	0	7	FC230683	7195.000000	0
3797	20137	0	7	FC230723	4992.000000	0
3797	20333	0	7	FC230767	2000.000000	0
3797	20581	0	7	FC230810	11200.000000	0
3797	20940	0	7	FC230875	5760.000000	0
3797	21028	0	7	FC230889	3853.000000	0
3798	18382	0	7	FC230264	24000.000000	0
3799	18599	0	7	FC230343	13200.000000	0
3800	19911	0	7	FC230675	6120.000000	0
3801	16317	0	7	FC221380	510.000000	0
3801	18257	0	7	FC230271	1953.000000	0
3801	18258	0	7	FC230272	11349.000000	0
3801	18260	0	7	FR230003	-4780.000000	0
3802	21003	0	7	FC230884	17872.000000	0
3803	21616	0	7	FC231035	1500.000000	0
3804	21145	0	7	FC230926	1687.500000	0
3805	21626	0	7	FC231039	1285.000000	0
3806	21660	0	7	FC231044	2400.000000	0
3807	21650	0	7	FC231032	1703.000000	0
3808	21634	0	7	FC231041	2720.000000	0
3809	21589	0	7	FC231029	1250.000000	0
3810	14856	0	7	FC221055	198000.000000	0
3810	14868	0	7	FC221058	6400.000000	0
3810	14984	0	7	FC221082	1920.000000	0
3810	15176	0	7	FC221130	720.000000	0
3810	15512	0	7	FC221203	640.000000	0
3810	15579	0	7	FC221223	640.000000	0
3810	16700	0	7	FC221461	20490.000000	0
3810	16866	0	7	FC221498	1280.000000	0
3810	19418	0	7	FC230555	900.000000	0
3810	19643	0	7	FC230612	350.000000	0
3810	20049	0	7	FC230706	9600.000000	0
3811	9964	0	7	FC211362	16840.800000	0
3813	21691	1	17	FA23001340	1300.000000	0
3814	21691	1	17	FA23001340	8.000000	0
3815	20742	0	7	FC230831	724800.000000	0
3816	19912	0	7	FC230676	86040.000000	0
3817	14472	0	7	FC220965	30789.820000	0
3817	14631	0	7	FC221003	1750.000000	0
3817	14632	0	7	FC221004	3130.350000	0
3818	14632	0	7	FC221004	12000.000000	0
3819	14632	0	7	FC221004	5369.650000	0
3819	14889	0	7	FC221065	2200.000000	0
3819	14988	0	7	FC221083	7123.350000	0
3820	14988	0	7	FC221083	19456.650000	0
3820	15444	0	7	FC221192	13290.000000	0
3820	15615	0	7	FC221230	4940.000000	0
3820	15962	0	7	FC221296	1760.000000	0
3820	15963	0	7	FC221297	173.350000	0
3821	21656	0	7	FC231043	26000.000000	0
3822	21679	0	7	FC231047	1680.000000	0
3823	21714	0	7	FC231054	1040.000000	0
3824	21732	0	7	FC231056	2200.000000	0
3825	21762	0	7	FC231064	1470.000000	0
3826	21661	0	7	FC231045	2300.000000	0
3827	16283	0	7	FC221199	316800.000000	0
3828	15963	0	7	FC221297	6626.650000	0
3828	15964	0	7	FC221298	2373.350000	0
3829	21810	1	17	FA2303511	1555.200000	0
3829	21811	1	17	FA2303283	8270.400000	0
3830	21737	1	17	005460	66.020000	0
3831	21009	1	17	26523	335000.000000	0
3832	21009	1	17	26523	150000.000000	0
3833	21649	0	7	FC231017	5000.000000	0
3834	21705	0	7	FC231053	1200.000000	0
3835	21781	0	7	FC231067	3600.000000	0
3836	21688	0	7	FC231049	27000.000000	0
3838	2795	0	7	FC200827	3300.000000	0
3839	2298	0	7	FC200660	1440.000000	0
3839	80	0	7	FC200020	220.000000	0
3841	3168	0	7	FC200940	1200.000000	0
3840	3127	0	7	FC200929	3360.000000	0
3842	21188	0	7	FC230936	1470.000000	0
3843	21423	0	7	FC230987	2040.000000	0
3844	21382	0	7	FC230979	4200.000000	0
3845	21334	0	7	FC230969	2400.000000	0
3846	21625	0	7	FC231038	1100.000000	0
3847	21500	0	7	FC231009	1100.000000	0
3848	21814	0	7	FC231075	1390.000000	0
3849	16922	0	7	FC230001	1625.000000	0
3849	17052	0	7	FC230030	3400.000000	0
3849	17119	0	7	FC230041	7432.000000	0
3850	19464	0	7	FC230571	4400.000000	0
3850	19467	0	7	FC230572	950.000000	0
3851	20933	0	7	FC230865	3000.000000	0
3851	20935	0	7	FC230870	5700.000000	0
3852	19107	0	7	FC230449	5700.000000	0
3853	17083	0	7	FC230035	2520.000000	0
3853	18140	0	7	FC230242	1200.000000	0
3853	18886	0	7	FC230403	2400.000000	0
3854	21740	0	7	FC231057	6300.000000	0
3855	21744	0	7	FC231059	27000.000000	0
3856	21796	0	7	FC231072	2520.000000	0
3857	21684	0	7	FC231048	7550.000000	0
3858	21562	0	7	FC231020	8100.000000	0
3859	21398	0	7	FC230981	13500.000000	0
3860	16426	0	7	FC221405	1680.000000	0
3860	16466	0	7	FC221412	11000.000000	0
3860	16862	0	7	FC221497	17340.000000	0
3860	17265	0	7	FC230068	8320.000000	0
3860	17957	0	7	FC230201	3200.000000	0
3860	18331	0	7	FC230284	8060.000000	0
3860	18332	0	7	FC230285	7680.000000	0
3860	18333	0	7	FC230286	18470.000000	0
3861	15510	0	7	FC221202	20744.600000	0
3861	17736	0	7	FC221253	192576.000000	0
3861	17737	0	7	FC230159	77760.000000	0
3861	19781	0	7	FC230638	92349.400000	0
3863	20930	0	7	FR230043	-60000.000000	0
3863	9179	0	7	FC211190	60000.000000	0
3863	5600	0	7	FR210012	-342010.000000	0
3863	3715	0	7	FC200487	342010.000000	0
3863	19060	0	7	FC230440	73224.000000	0
3865	21063	0	7	FC230904	20950.000000	0
3862	21032	0	7	FC230892	62833.600000	0
3867	21032	0	7	FC230892	43.400000	0
3868	21033	0	7	FC230893	288216.000000	0
2578	21034	0	7	FC230894	210000.000000	0
3869	21031	0	7	FC230891	349920.000000	0
3870	21039	0	7	FC230897	13680.000000	0
3871	19268	0	7	FC230483	11275.000000	0
3872	20329	0	7	FC230764	6730.000000	0
3873	21926	0	7	FC231100	3950.000000	0
3874	21954	0	7	FC231109	484.000000	0
3875	19862	0	7	FC230661	16889.500000	0
3876	21921	0	7	FC231099	1800.000000	0
3877	21863	0	7	FC231082	600.000000	0
3878	21703	0	7	FC231051	300.000000	0
3879	19686	0	7	FC230619	3600.000000	0
3880	21929	0	7	FC231101	150.000000	0
3880	22029	0	7	FR230046	-75.000000	0
3881	22002	0	7	FC231125	120.000000	0
3882	21637	0	7	FC231042	1700.000000	0
3883	21432	0	7	FC230989	8400.000000	0
3884	20939	0	7	FC230874	4660.000000	0
3885	20328	0	7	FC230763	14524.300000	0
3779	18054	0	7	FR230001	-3750.000000	0
3886	21028	0	7	FC230889	7850.800000	0
3886	21117	0	7	FC230917	9000.000000	0
3886	21234	0	7	FC230945	8000.000000	0
3886	21306	0	7	FC230964	24300.000000	0
3886	21388	0	7	FC230980	849.200000	0
3887	21401	0	7	FC230982	14400.000000	0
3888	21895	0	7	FC231091	1460.000000	0
3889	21911	0	7	FC231096	1400.000000	0
3890	21911	0	7	FC231096	0.040000	0
3891	21620	0	7	FC231036	12000.000000	0
3892	21621	0	7	FC231037	2400.000000	0
3893	21336	0	7	FC230970	1200.000000	0
3896	18109	0	7	FC230230	980.000000	0
3895	18082	0	7	FC230224	4500.000000	0
3895	18110	0	7	FC230231	2800.000000	0
3897	18307	0	7	FC230280	3525.000000	0
3898	18491	0	7	FC230316	1599.000000	0
3899	18491	0	7	FC230316	0.600000	0
3900	18242	0	7	FC230266	1599.600000	0
3900	18388	0	7	FC230299	6660.000000	0
3900	18153	0	7	FC230249	4940.000000	0
3901	16275	0	7	FC221365	51250.000000	0
3902	18502	0	7	FC230319	750.000000	0
3902	18544	0	7	FC230331	668.000000	0
3903	19513	0	7	FC230581	2720.000000	0
3903	19952	0	7	FC230685	4050.000000	0
3904	19170	0	7	FC230463	450.000000	0
3904	19065	0	7	FC230441	1260.000000	0
3904	19026	0	7	FC230435	2868.000000	0
3905	19127	0	7	FC230454	1750.000000	0
3906	19687	0	7	FC230621	1750.000000	0
3907	18880	0	7	FC230402	10000.000000	0
3908	19136	0	7	FC230456	4650.000000	0
3909	19006	0	7	FC230430	250.000000	0
3910	20865	0	7	FC230858	364.000000	0
3910	20823	0	7	FC230847	2720.000000	0
3911	20208	0	7	FC230736	1360.000000	0
3912	20864	0	7	FC230857	3084.000000	0
3913	22008	0	7	FC231127	3059.860000	0
3914	22008	0	7	FC231127	0.140000	0
3915	22007	0	7	FC231126	1019.990000	0
3916	22007	0	7	FC231126	0.010000	0
3917	21866	0	7	FC231083	5980.000000	0
3894	21676	0	7	FC231046	3840.000000	0
3918	18795	0	7	FC230389	53600.000000	0
3919	19783	0	7	FC230640	13691.000000	0
3919	19496	0	7	FC230580	34700.000000	0
3920	19781	0	7	FC230638	0.280000	0
3921	21873	0	7	FC231087	3400.000000	0
3922	21826	0	7	FC231077	550.000000	0
3923	21971	0	7	FC231114	2200.000000	0
3924	18180	1	17	FC230134	1500.000000	0
3924	21767	1	17	FC230080	1500.000000	0
3925	21840	0	7	FC231080	2700.000000	0
3926	21913	0	7	FC231097	5922.000000	0
3927	22103	0	7	FC231158	4500.000000	0
3928	22103	0	7	FC231158	3600.000000	0
3929	22113	0	7	FC231162	540.000000	0
3934	22074	0	7	FC231143	2400.000000	0
3935	19627	0	7	FC230607	5325.000000	0
3936	18234	0	7	FC230263	5535.000000	0
3937	17176	0	7	FC230052	1680.000000	0
3937	17216	0	7	FC230059	3060.000000	0
3937	17861	0	7	FC230182	1215.000000	0
3937	18123	0	7	FC230235	10045.000000	0
3938	18123	0	7	FC230235	14255.000000	0
3938	19404	0	7	FC230550	400.000000	0
3938	20537	0	7	FC230798	2160.000000	0
3939	21915	0	7	FC231098	1200.000000	0
3940	21881	0	7	FC231089	7200.000000	0
3941	21878	0	7	FC231088	440.000000	0
3942	21856	0	7	FC231081	360.000000	0
3930	21989	0	7	FC231120	5250.000000	0
3931	21989	0	7	FC231120	5250.000000	0
3932	21989	0	7	FC231120	5250.000000	0
3933	21989	0	7	FC231120	5250.000000	0
3943	21976	0	7	FC231116	2275.000000	0
3944	22016	0	7	FC231130	8200.000000	0
3945	22013	0	7	FC231128	1360.000000	0
3946	22014	0	7	FC231129	2400.000000	0
3947	22020	0	7	FC231131	25000.000000	0
3948	19860	0	7	FC230659	10568.000000	0
3949	20327	0	7	FC230762	1560.000000	0
3949	20936	0	7	FC230871	2900.000000	0
3949	21437	0	7	FC230994	7200.000000	0
3950	21388	0	7	FC230980	50000.000000	0
3951	18514	0	7	FC230322	9600.000000	0
3952	19558	0	7	FC230592	9600.000000	0
3953	12007	0	7	FC220389	1306.000000	0
3953	12267	0	7	FC220448	120.000000	0
3953	12715	0	7	FC220547	1735.000000	0
3953	12717	0	7	FR220019	-220.000000	0
3953	14011	0	7	FC220848	1059.000000	0
3954	21750	0	7	FC231060	2100.000000	0
3955	21988	0	7	FC231119	550.000000	0
3956	21984	0	7	FC231117	1104.000000	0
3957	21935	0	7	FC231102	480.000000	0
3957	21967	0	7	FC231113	385.600000	0
2812	22157	0	7	FC231175	5160.000000	0
3097	21824	0	7	FC231076	1400.000000	0
3958	22073	0	7	FC231142	840.000000	0
3959	21830	0	7	FC231078	1360.000000	0
3960	21543	0	7	FC231016	2760.000000	0
3961	22165	0	7	FC231177	1600.000000	0
3962	21752	0	7	FC231061	5000.000000	0
3963	21754	0	7	FC231062	10360.000000	0
3964	21612	0	7	FC231033	780.000000	0
3965	22120	0	7	FC231164	13750.000000	0
3966	22120	0	7	FC231164	10000.000000	0
3967	21035	0	7	FC230895	1120800.000000	0
3968	19524	0	7	FC230584	18300.000000	0
3968	19715	0	7	FC230625	1600.000000	0
3970	22228	0	7	FC231186	3500.000000	0
3971	22250	0	7	FC231191	1350.000000	0
3972	22241	0	7	FC231188	4160.000000	0
3972	22255	0	7	FC231192	3900.000000	0
3973	22347	0	7	FC231214	2475.000000	0
3974	21944	0	7	FC231106	2700.000000	0
3974	20968	0	7	FR230044	-72.000000	0
3975	21434	0	7	FC230991	10960.000000	0
3976	21581	0	7	FC231026	12285.000000	0
3977	22260	0	7	FC231194	12500.000000	0
3978	22363	0	7	FC231216	9920.000000	0
3979	22181	0	7	FC231181	3000.000000	0
3699	22389	0	7	FR230052	-3600.000000	0
3699	20432	0	7	FC230787	3600.000000	0
3980	20235	0	7	FC230742	1200.000000	0
3980	20454	0	7	FC230791	2400.000000	0
3980	21132	0	7	FC230922	4800.000000	0
3981	21201	0	7	FC230938	12000.000000	0
3981	21187	0	7	FC230935	8550.000000	0
3982	20103	0	7	FC230718	9000.000000	0
3983	19614	0	7	FC230605	37039.920000	0
3984	19614	0	7	FC230605	0.080000	0
3985	22320	0	7	FC231210	1100.000000	0
3986	22152	0	7	FC231173	4150.000000	0
3986	22234	0	7	FR230047	-4150.000000	0
3986	22298	0	7	FC231201	3230.000000	0
3987	22294	0	7	FC231199	25000.000000	0
3988	22284	0	7	FC231196	1350.000000	0
3989	21870	0	7	FC231085	6648.000000	0
3990	22396	0	7	FC231223	1940.000000	0
3991	22392	0	7	FC231221	2590.000000	0
3992	22068	0	7	FC231141	550.000000	0
3993	22394	0	7	FC231222	1300.000000	0
3994	22337	0	7	FC231212	1520.000000	0
3995	22286	0	7	FC231197	8700.000000	0
3996	20958	0	7	FC230879	28000.000000	0
3997	21362	0	7	FC230974	5200.000000	0
3998	21427	0	7	FC230988	26000.000000	0
3999	19272	0	7	FC230486	2724.600000	0
4000	19549	0	7	FC230591	909.600000	0
4001	19812	0	7	FC230649	1814.400000	0
4002	20050	0	7	FC230707	363.840000	0
4003	20668	0	7	FC230819	1360.800000	0
4004	21097	0	7	FC230909	1816.800000	0
4005	20388	0	7	FC230778	2200.000000	0
4006	16580	0	7	FC221431	960.000000	0
4006	20557	0	7	FC230805	3900.000000	0
3975	22598	0	7	FR230053	-1750.000000	0
3975	22597	0	7	FC231266	1750.000000	0
4007	21868	0	7	FC231084	12000.000000	0
4008	21871	0	7	FC231086	3528.000000	0
4009	22647	1	16	FAC20230107	249480.000000	0
4010	22648	1	17	04292023	864.000000	0
4011	22649	1	17	FA2304612	11640.000000	0
4012	22649	1	17	FA2304612	9.600000	0
4013	22098	0	7	FC231155	4800.000000	0
4014	22481	0	7	FC231240	7050.000000	0
4015	22475	0	7	FC231238	8100.000000	0
4016	16575	0	7	FC221430	960.000000	0
4016	18155	0	7	FC230250	1200.000000	0
4016	22682	0	7	FC231287	1200.000000	0
4017	20256	0	7	FC230747	6386.000000	0
4017	20352	0	7	FC230772	4286.000000	0
4017	20734	0	7	FC230826	7557.000000	0
4017	21030	0	7	FC230890	7680.000000	0
4018	18145	0	7	FC230247	3653.500000	0
4018	18796	0	7	FC230390	5940.000000	0
4018	19271	0	7	FC230485	16966.500000	0
4019	20214	0	7	FC230738	1115.000000	0
4019	22605	0	7	FC231267	664.000000	0
4020	22730	0	7	FC231296	1250.000000	0
4021	22077	0	7	FC231144	2190.000000	0
4021	22554	0	7	FC231254	708.000000	0
4022	22723	0	7	FC231294	1200.000000	0
4023	22523	0	7	FC231249	1470.000000	0
4024	22521	0	7	FC231248	6000.000000	0
4025	22501	0	7	FC231242	27000.000000	0
4026	22587	0	7	FC231263	1200.000000	0
4027	22292	0	7	FC231198	60.000000	0
4028	22430	0	7	FC231235	360.000000	0
4029	22486	0	7	FC231241	370.000000	0
4030	22400	0	7	FC231224	300.000000	0
4032	22123	0	7	FC231165	540.000000	0
4033	22184	0	7	FC231182	780.000000	0
4034	22041	0	7	FC231136	1125.000000	0
4035	22037	0	7	FC231135	1080.000000	0
4036	22582	0	7	FC231262	3200.000000	0
4037	15964	0	7	FC221298	1896.650000	0
4037	15966	0	7	FC221300	403.350000	0
4038	15966	0	7	FC221300	496.650000	0
4038	15967	0	7	FC221301	963.000000	0
4038	15968	0	7	FC221302	110.000000	0
4038	16054	0	7	FC221299	3450.000000	0
4038	16274	0	7	FC221364	70.000000	0
4038	17007	0	7	FC230021	15000.000000	0
4038	17008	0	7	FC230022	20000.000000	0
4038	17166	0	7	FC230051	1600.350000	0
4039	20963	0	7	FC230880	69270.000000	0
4040	9178	0	7	FC211189	74988.000000	0
4041	9178	0	7	FC211189	12.000000	0
4042	22558	0	7	FC231256	1790.000000	0
4043	22734	1	17	F241296	1261.820000	0
4043	22767	1	17	F240210	2636.710000	0
4044	21684	0	7	FC231048	7550.000000	0
4045	22549	0	7	FC231253	650.000000	0
4046	22789	0	7	FC231304	2400.000000	0
4047	22823	0	7	FC231315	1000.000000	0
4048	21388	0	7	FC230980	35000.000000	0
4049	22169	0	7	FC231178	2790.000000	0
4050	22699	0	7	FC231290	1100.000000	0
4051	22678	0	7	FC231286	2700.000000	0
4052	18767	0	7	FC230377	600.000000	0
4053	20884	0	7	FC230860	2700.000000	0
4054	21579	0	7	FC231025	800.000000	0
4055	19953	0	7	FC230686	3500.000000	0
4056	20776	0	7	FC230837	2720.000000	0
4057	20031	0	7	FC230702	4260.000000	0
4058	19629	0	7	FC230609	2800.000000	0
4059	20525	0	7	FC230797	3900.000000	0
4060	16176	0	7	FC221342	300.000000	0
4060	16388	0	7	FR220044	-300.000000	0
4060	20147	0	7	FC230725	2000.000000	0
4060	20218	0	7	FC230740	2520.000000	0
4060	20082	0	7	FC230713	2965.000000	0
4060	19876	0	7	FC230668	5160.000000	0
4061	19566	0	7	FC230594	870.000000	0
4061	19696	0	7	FC230623	1040.000000	0
4062	20378	0	7	FC230775	3500.000000	0
4062	20505	0	7	FC230796	60.000000	0
4062	20472	0	7	FC230792	2700.000000	0
4062	20829	0	7	FC230848	2700.000000	0
4063	21452	0	7	FC230997	550.000000	0
4063	21505	0	7	FC231010	2720.000000	0
4063	21605	0	7	FC231031	2720.000000	0
4063	21115	0	7	FC230916	2720.000000	0
4063	21148	0	7	FC230927	90.800000	0
4063	21215	0	7	FC230941	549.200000	0
4064	21215	0	7	FC230941	0.800000	0
4065	21106	0	7	FC230913	2220.000000	0
4066	18771	0	7	FC230380	2400.000000	0
4067	20335	0	7	FC230768	5780.000000	0
4069	18926	0	7	FC230412	7500.000000	0
4070	21125	0	7	FC230920	455.000000	0
4070	21181	0	7	FC230932	150.000000	0
4071	20740	0	7	FC230829	735.000000	0
4072	19366	0	7	FC230541	840.000000	0
4073	20101	0	7	FC230717	1350.000000	0
4074	22883	0	7	FC231327	760.000000	0
4075	21742	0	7	FC231058	2400.000000	0
4075	21800	0	7	FC231074	420.000000	0
4076	21800	0	7	FC231074	0.010000	0
4077	22815	0	7	FC231312	25000.000000	0
4078	22627	0	7	FC231278	680.000000	0
4079	20897	0	7	FC230861	5400.000000	0
4079	22558	0	7	FC231256	10710.000000	0
4079	22769	0	7	FC231302	12500.000000	0
4080	22370	0	7	FC231219	2360.000000	0
4081	22257	0	7	FC231193	1300.000000	0
4082	22957	0	7	FC231348	540.000000	0
4083	22840	0	7	FC231319	1615.000000	0
4084	22845	0	7	FC231321	13500.000000	0
4086	22954	0	7	FC231347	210.000000	0
4087	22829	0	7	FC231317	900.000000	0
4031	22811	0	7	FC231310	900.000000	0
4088	22765	0	7	FC231301	2600.000000	0
4089	20938	0	7	FC230873	9693.400000	0
4089	21415	0	7	FC230985	18772.100000	0
4090	22988	0	7	FC231356	1200.000000	0
4091	20311	0	7	FC230760	2430.000000	0
4091	20444	0	7	FC230788	1800.000000	0
4092	20579	0	7	FC230809	1400.000000	0
4092	20788	0	7	FC230842	220.000000	0
4092	21438	0	7	FC230995	748.000000	0
4092	21569	0	7	FC231021	920.000000	0
4092	21958	0	7	FC231110	208.000000	0
4092	22438	0	7	FC231236	1344.000000	0
4092	22711	0	7	FC231292	230.000000	0
4093	23020	0	7	FC231364	2270.000000	0
4094	22900	0	7	FC231330	2300.000000	0
4095	23049	1	17	FA230003691	2880.000000	0
4096	23046	0	7	FC231368	1440.000000	0
4097	23040	0	7	FC231367	2400.000000	0
4098	22964	0	7	FC231349	4600.000000	0
4099	19723	0	7	FC230628	680.000000	0
4099	21492	0	7	FC231005	1440.000000	0
4099	21512	0	7	FC231011	3600.000000	0
4099	21585	0	7	FC231027	1440.000000	0
4099	21615	0	7	FC231034	480.000000	0
4099	21720	0	7	FC231055	1440.000000	0
4099	21892	0	7	FC231090	1920.000000	0
4100	20997	0	7	FC230882	1200.000000	0
4100	21473	0	7	FC231001	9600.000000	0
4101	3699	0	7	FC200255	7740.000000	0
4102	20331	0	7	FC230765	7120.000000	0
4102	21439	0	7	FC230996	1350.000000	0
4103	23099	0	7	FC231374	9260.000000	0
4104	18450	0	7	FC230288	105000.000000	0
4105	21587	0	7	FC231028	105000.000000	0
4106	22086	0	7	FC231149	128196.000000	0
4107	22087	0	7	FC231150	54000.000000	0
4108	21906	0	7	FC231093	92520.000000	0
4109	21945	0	7	FC231107	6440.000000	0
4110	22085	0	7	FC231148	29700.000000	0
4111	22084	0	7	FC231147	30664.000000	0
4112	23074	0	7	FC231340	14724.000000	0
4113	22405	0	7	FC231227	3030.000000	0
4114	22982	0	7	FC231355	680.000000	0
4115	22915	0	7	FC231333	5590.000000	0
4116	23083	0	7	FC231373	264.000000	0
4117	23186	0	7	FC231391	350.000000	0
4118	22936	0	7	FC231338	1350.000000	0
4119	23159	0	7	FC231382	190.000000	0
4120	23000	0	7	FC231359	1050.000000	0
4121	22850	0	7	FC231322	1200.000000	0
4122	22739	0	7	FC231297	1250.000000	0
4124	23082	0	7	FC231372	2000.000000	0
4125	21388	0	7	FC230980	40000.000000	0
4126	23016	0	7	FC231362	8400.000000	0
4127	23014	0	7	FC231361	1000.000000	0
4128	22968	0	7	FC231351	4320.000000	0
4129	21276	0	7	FC230955	54000.000000	0
4130	18925	0	7	FC230411	2722.000000	0
4130	19494	0	7	FC230578	2700.000000	0
4130	19628	0	7	FC230608	2623.000000	0
4130	19657	0	7	FC230614	700.000000	0
4130	20153	0	7	FC230727	450.000000	0
4130	20277	0	7	FC230752	7891.000000	0
4131	20277	0	7	FC230752	1109.000000	0
4131	20699	0	7	FC230822	16186.000000	0
4131	21381	0	7	FC230978	900.000000	0
4132	20394	0	7	FC230780	840.000000	0
4134	22404	0	7	FC231226	6912.000000	0
4135	22358	0	7	FC231170	583200.000000	0
4136	22357	0	7	FC231169	717000.000000	0
4137	22366	0	7	FC231171	562200.000000	0
4138	23128	0	7	FC231377	4000.000000	0
4139	21797	0	7	FC231073	9220.000000	0
4140	17869	1	17	FC221463	15000.000000	0
4140	15725	1	17	FC221606	7500.000000	0
4141	22101	0	7	FC231156	10069.000000	0
4142	22101	0	7	FC231156	11.000000	0
4143	22615	0	7	FC231276	55501.000000	0
4144	22614	0	7	FC231275	64021.000000	0
4145	22612	0	7	FC231274	52873.000000	0
4146	22611	0	7	FC231273	36382.600000	0
4147	22610	0	7	FC231272	30742.600000	0
4148	22609	0	7	FC231271	28945.000000	0
4149	22608	0	7	FC231270	28757.800000	0
4150	22607	0	7	FC231269	24752.200000	0
4151	22606	0	7	FC231268	20749.000000	0
4152	22606	0	7	FC231268	11.000000	0
4152	22607	0	7	FC231269	11.000000	0
4152	22608	0	7	FC231270	11.000000	0
4152	22609	0	7	FC231271	15.000000	0
4152	22610	0	7	FC231272	11.000000	0
4152	22611	0	7	FC231273	11.000000	0
4152	22612	0	7	FC231274	11.000000	0
4152	22614	0	7	FC231275	11.000000	0
4152	22615	0	7	FC231276	11.000000	0
4153	22560	0	7	FC231154	215016.000000	0
4154	22555	0	7	FC231255	1700.000000	0
4155	23195	0	7	FC231393	7640.000000	0
4156	23190	0	7	FC231392	2400.000000	0
4157	23165	0	7	FC231384	1200.000000	0
4158	23163	0	7	FC231383	3000.000000	0
4159	23241	0	7	FC231402	25000.000000	0
4162	23064	0	7	FC231370	0.010000	0
4161	23064	0	7	FC231370	2099.990000	0
4163	23081	0	7	FC231371	7200.000000	0
4164	19481	0	7	FC230574	2880.000000	0
4165	21942	0	7	FC231104	11716.300000	0
4165	21816	0	7	FR230045	-915.000000	0
4166	23338	0	7	FC231424	1200.000000	0
4167	22965	0	7	FC231350	440.000000	0
4167	23171	0	7	FC231387	3600.000000	0
4167	23381	0	7	FC231436	39872.000000	0
4168	23387	0	7	FC231438	21350.000000	0
4169	23315	0	7	FC231418	1300.000000	0
4170	23247	0	7	FC231403	1200.000000	0
4171	22842	0	7	FC231320	175.000000	0
4172	19997	0	7	FC230694	2780.000000	0
4172	19998	0	7	FC230695	2400.000000	0
4173	23357	0	7	FC231429	1720.000000	0
4174	23290	0	7	FC231411	1650.000000	0
4175	23295	0	7	FC231413	1080.000000	0
4169	23602	0	7	FAV23011	-1040.000000	0
4169	23293	0	7	FC231412	1040.000000	0
4176	23332	0	7	FC231423	1600.000000	0
4123	23424	0	7	FC231447	700.000000	0
4177	22161	0	7	FC231176	59600.000000	0
4177	22946	0	7	FC231344	15400.000000	0
4178	23139	0	7	FC231380	500.000000	0
4179	23279	0	7	FC231408	680.000000	0
4180	23200	0	7	FC231395	1360.000000	0
4181	23300	0	7	FC231415	280.000000	0
4182	23581	0	7	FC231484	200.000000	0
4183	23452	0	7	FC231455	360.000000	0
4184	23585	0	7	FC231486	360.000000	0
4185	23584	0	7	FC231485	360.000000	0
4186	23488	0	7	FC231462	400.010000	0
4188	23351	0	7	FC231427	340.000000	0
4189	19915	0	7	FC230678	43860.000000	0
4190	21561	0	7	FC231019	36936.240000	0
4191	21561	0	7	FC231019	7025.760000	0
4192	22102	0	7	FC231157	3360.000000	0
3800	9732	0	7	FR210029	-1200.000000	0
3800	9735	0	7	FR210030	-2000.000000	0
3800	9738	0	7	FC211320	2000.000000	0
3800	9739	0	7	FC211321	1200.000000	0
4193	23157	0	7	FC231323	2192400.000000	0
4194	23122	0	7	FC231324	4291320.000000	0
4195	22322	0	7	FC231211	15600.000000	0
4196	22137	0	7	FC231168	4376.000000	0
4197	23704	0	7	FC240008	2600.000000	0
4198	23540	0	7	FC231474	2260.000000	0
4199	23552	0	7	FC231477	3320.000000	0
4200	23530	0	7	FC231470	1200.000000	0
4200	23538	0	7	FC231473	9400.000000	0
4201	23449	0	7	FC231454	975.000000	0
4202	23441	0	7	FC231451	4440.060000	0
4203	23553	0	7	FC231478	3050.000000	0
4204	23443	0	7	FC231452	2400.000000	0
4205	23445	0	7	FC231453	3600.000000	0
4208	23681	0	7	FC240005	1470.000000	0
4209	23435	0	7	FC231450	2370.000000	0
4210	23637	0	7	FC231510	360.000000	0
4211	23671	0	7	FC240003	4545.000000	0
4212	23542	0	7	FC231475	2520.000000	0
4214	17607	0	7	FC230133	2920.000000	0
4214	17908	0	7	FC230192	6720.000000	0
4214	18469	0	7	FC230310	4480.000000	0
4214	18030	0	7	FC230216	3950.000000	0
4214	18573	0	7	FC230336	2735.000000	0
4215	23765	1	17	F242233	1746.100000	0
4216	21009	1	17	26523	578200.000000	0
4217	21009	1	17	26523	150000.000000	0
4218	21009	1	17	26523	390720.000000	0
4219	23244	1	17	FA231017	3379.990000	0
4220	23680	1	17	FA231147	3809.990000	0
4221	23771	1	17	007819	570.000000	0
4222	21844	1	17	M2305437	2822.620000	0
4222	21765	1	17	M2307417	3337.750000	0
4222	20419	1	17	M2306395	13837.220000	0
4222	21007	1	17	M2303440	1953.690000	0
4222	21006	1	17	M2304284	9256.440000	0
4222	18835	1	17	M2302356	1239.790000	0
4222	21845	1	17	M2308329	4987.300000	0
4222	23773	1	17	M2309370	1746.000000	0
4222	23774	1	17	M2310499	5304.480000	0
4223	21237	1	17	FA232034	36180.000000	0
4223	20989	1	17	FA20230233	480.000000	0
4223	20120	1	17	FA20230188	10836.000000	0
4224	23095	1	17	231202593	1270.000000	0
4224	18168	1	17	230100259	1109.290000	0
4224	19880	1	17	230400911	450.000000	0
4224	20390	1	17	230601415	1646.680000	0
4224	22646	1	17	231002284	1270.010000	0
4225	22714	1	17	006846	190.000000	0
4226	22713	1	17	FA8553	210.000000	0
4227	22701	0	7	FC231291	1400.000000	0
4228	22003	1	17	1231173	180.000000	0
4229	22602	1	17	1231346	300.000000	0
4230	23743	0	7	FC240012	455.000000	0
4231	23717	0	7	FC240011	4200.000000	0
4232	22703	0	7	FC230949	69120.000000	0
4233	22702	0	7	FC230950	86400.000000	0
4234	23376	0	7	FC231434	729.000000	0
4235	23866	0	7	FC240034	1200.000000	0
4236	23169	0	7	FC231386	6750.000000	0
4238	23931	0	7	FC240046	5600.000000	0
4239	23892	0	7	FC240039	1200.000000	0
4240	23865	0	7	FC240033	360.000000	0
4241	23385	0	7	FC231437	680.000000	0
4242	23893	0	7	FC240040	1200.000000	0
4243	23902	0	7	FC240042	1205.000000	0
4244	20941	0	7	FC230876	10036.000000	0
4244	21436	0	7	FC230993	12335.000000	0
4245	21837	0	7	FC231079	1650.000000	0
4085	22896	0	7	FC231329	2000.000000	0
4246	21359	0	7	FC230973	1680.000000	0
4248	17166	0	7	FC230051	2949.650000	0
4248	19795	0	7	FC230642	1050.350000	0
3969	20857	0	7	FC230855	48480.000000	0
4249	22058	0	7	FC231139	17200.000000	0
4249	22061	0	7	FC231140	37500.000000	0
4249	22176	0	7	FC231179	900.000000	0
4250	19795	0	7	FC230642	1699.650000	0
4250	19796	0	7	FC230643	10860.000000	0
4250	19797	0	7	FC230644	18950.000000	0
4250	19798	0	7	FC230645	9130.000000	0
4250	20487	0	7	FC230794	4378.350000	0
4251	20487	0	7	FC230794	21.650000	0
4252	21540	0	7	FC231015	8580.000000	0
4252	21793	0	7	FC231070	5440.000000	0
4253	21474	0	7	FC231002	340.000000	0
4254	21523	0	7	FC231012	2719.800000	0
4254	21524	0	7	FC231013	1790.600000	0
4255	22207	0	7	FC231185	910.000000	0
4255	22579	0	7	FC231261	2720.000000	0
4256	21133	0	7	FC230923	2000.000000	0
4257	21154	0	7	FC230928	91.000000	0
4258	21279	0	7	FC230957	52000.000000	0
4259	18061	0	7	FC230219	9830.000000	0
4260	21365	0	7	FC230975	52000.000000	0
4261	19400	0	7	FC230548	2240.000000	0
4261	19448	0	7	FC230565	840.000000	0
4261	19601	0	7	FC230603	3360.000000	0
4261	19846	0	7	FC230657	7956.000000	0
4262	20995	0	7	FC230881	1500.000000	0
4262	21194	0	7	FC230937	3399.800000	0
4263	6870	0	7	FC210714	2500.000000	0
4263	6871	0	7	FC210715	5430.000000	0
4263	7016	0	7	FC210747	4240.000000	0
4263	7017	0	7	FC210748	4000.000000	0
4263	7220	0	7	FC210787	3580.000000	0
4264	3212	0	7	FC200953	4940.000000	0
4264	5853	0	7	FC210491	6740.000000	0
4264	6022	0	7	FC210530	4900.000000	0
4264	7251	0	7	FC210795	2880.000000	0
4265	23783	0	7	FC240019	3600.000000	0
4266	23897	0	7	FC240041	800.000000	0
4267	23837	0	7	FC240027	2520.000000	0
4268	23873	0	7	FC240036	25000.000000	0
4269	23842	0	7	FC240029	2400.000000	0
4270	23829	0	7	FC240025	5120.000000	0
4271	23131	0	7	FC231378	345.000000	0
4272	23411	0	7	FC231444	1155.000000	0
4273	23454	0	7	FC231456	500.000000	0
4275	22347	0	7	FC231214	1000.000000	0
4276	23988	0	7	FC240061	65000.000000	0
4277	24060	0	7	FC240067	1355.000000	0
4278	21305	0	7	FC230963	19800.000000	0
4279	22673	0	7	FC231284	3600.000000	0
4280	23826	0	7	FC240024	1170.000000	0
4281	23399	0	7	FC231440	1200.000000	0
4281	23003	0	7	FC231360	2170.000000	0
4282	22236	0	7	FC231187	3500.000000	0
4282	22496	0	7	FC231228	7800.000000	0
4283	23757	0	7	FC240014	250.000000	0
4284	22387	0	7	FR230051	-400.000000	0
4284	21941	0	7	FC231103	11400.000000	0
4285	22408	0	7	FC231230	27710.000000	0
4286	22945	0	7	FC231343	10460.000000	0
4287	23891	0	7	FC240038	12000.000000	0
4289	19782	0	7	FC230639	6312.000000	0
4289	15578	0	7	FC221222	27000.000000	0
4289	12366	0	7	FC220471	212934.000000	0
4290	20283	0	7	FC230755	1120.000000	0
4290	19679	0	7	FC230620	4200.000000	0
4291	24038	0	7	FC240065	1300.000000	0
4292	23506	0	7	FC231467	275.000000	0
4294	21257	0	7	FC230952	7050.000000	0
4295	22136	0	7	FC231167	3600.000000	0
4296	24039	0	7	FC240066	2700.000000	0
4297	23977	0	7	FC240056	50000.000000	0
4298	23977	0	7	FC240056	50000.000000	0
4299	23973	0	7	FC240054	16875.000000	0
4300	23971	0	7	FC240053	67500.000000	0
4022	22347	0	7	FC231214	800.000000	0
4301	22149	0	7	FC231172	2520.000000	0
4302	24213	0	7	FC240094	33200.000000	0
4303	24324	0	7	FC240119	2500.000000	0
4304	24323	0	7	FC240118	26000.000000	0
4305	24412	0	7	FC240135	10800.000000	0
4306	24403	0	7	FC240133	1152.000000	0
4308	24384	0	7	FC240131	3400.000000	0
4309	24208	0	7	FC240091	6506.000000	0
4310	24207	0	7	FC240090	25192.000000	0
4311	24149	0	7	FC240083	3060.000000	0
4312	24248	0	7	FC240104	3160.000000	0
4313	24118	0	7	FC240079	936.000000	0
4314	24405	0	7	FC240134	4080.000000	0
4315	18138	0	7	FC230240	12475.000000	0
4317	21696	0	7	FC231050	1363.200000	0
4317	22318	0	7	FC231209	166.760000	0
4101	3445	0	7	FR200023	-942300.000000	0
4101	24582	0	7	FC190912	942300.000000	0
4318	24495	0	7	FC240157	280.000000	0
4319	24450	0	7	FC240146	640.000000	0
4320	24584	0	7	FC240179	9000.000000	0
4321	24560	0	7	FC240170	2100.000000	0
4322	23145	0	7	FC231381	4540.800000	0
4323	24547	0	7	FC240167	16200.000000	0
4324	20721	0	7	FC230823	248532.000000	0
4325	18372	0	7	FC221481	86838.020000	0
4326	197	0	7	FC200048	50.500000	0
4328	22403	0	7	FC231225	3908.040000	0
4328	21946	0	7	FC231108	10770.040000	0
4329	23870	0	7	FC240035	375.000000	0
4330	24441	0	7	FC240142	50000.000000	0
4331	24443	0	7	FC240143	1700.000000	0
4332	24424	0	7	FC240139	25576.000000	0
4333	24421	0	7	FC240138	9600.000000	0
4334	24421	0	7	FC240138	9600.000000	0
4335	24286	0	7	FC240112	2520.000000	0
4336	24291	0	7	FC240114	4380.000000	0
4337	24349	0	7	FC240125	4050.000000	0
4338	24340	0	7	FC240124	6400.000000	0
4339	24211	0	7	FC240093	3288.000000	0
4340	24388	0	7	FC240132	2880.000000	0
4341	24370	0	7	FC240128	1470.000000	0
4344	24488	0	7	FC240155	19000.000000	0
4345	24489	0	7	FC240156	1600.000000	0
4346	24462	0	7	FC240147	2090.000000	0
4347	19268	0	7	FC230483	0.600000	0
4347	22746	0	7	FR230057	-2800.000000	0
4347	23058	0	7	FC231345	17635.000000	0
4347	23612	0	7	FC231493	13313.800000	0
4348	22409	0	7	FC231231	19623.900000	0
4349	23612	0	7	FC231493	0.600000	0
4350	23673	0	7	FC240004	1370.000000	0
4351	24713	0	6	FC231354	609363.870000	0
4352	23633	0	7	FC231508	70.000000	0
4353	24710	0	7	FC240205	242.000000	0
4354	24711	0	7	FC240206	480.000000	0
4355	22924	0	7	FC231336	325.000000	0
4355	23504	0	7	FC231466	1150.000000	0
4355	24499	0	7	FC240158	1298.000000	0
4355	24546	0	7	FC240166	400.000000	0
4356	21900	0	7	FC231092	2910.000000	0
4356	22373	0	7	FC231220	1400.000000	0
4356	22502	0	7	FC231243	400.000000	0
4357	22632	0	7	FC231279	4800.000000	0
4357	22796	0	7	FC231306	4000.000000	0
4357	22809	0	7	FC231309	3300.000000	0
4357	23208	0	7	FC231397	165.000000	0
4357	23176	0	7	FC231388	110.000000	0
4357	23060	0	7	FC231346	110.000000	0
4358	22296	0	7	FC231200	1360.000000	0
4358	22315	0	7	FC231208	2720.000000	0
4358	22893	0	7	FC231328	4080.000000	0
4359	18807	0	7	FR230009	-225.000000	0
4359	18618	0	7	FR230007	-1500.000000	0
4359	22024	0	7	FC231133	630.000000	0
4359	22191	0	7	FC231183	1599.600000	0
4360	21973	0	7	FC231115	8904.000000	0
4361	22111	0	7	FC231161	2720.000000	0
4361	22779	0	7	FC231258	714.000000	0
4361	22813	0	7	FC231311	3200.000000	0
4362	22990	0	7	FC231357	275.000000	0
4362	23134	0	7	FC231379	960.000000	0
4363	22538	0	7	FC231251	3300.000000	0
4363	22920	0	7	FC231335	5400.000000	0
4363	22456	0	7	FC231237	4050.000000	0
4364	18792	0	7	FC230386	17540.000000	0
4366	18850	0	7	FR230010	-1120.000000	0
4366	19270	0	7	FC230484	13375.000000	0
4367	19861	0	7	FC230660	8970.000000	0
4368	20326	0	7	FC230761	6595.000000	0
4368	20937	0	7	FC230872	4030.000000	0
4368	24393	0	7	FR240000	-70.000000	0
4369	21435	0	7	FC230992	33845.000000	0
4365	21943	0	7	FC231105	1500.000000	0
4365	22367	0	7	FC231217	820.000000	0
4370	24625	0	7	FC240182	1320.000000	0
4371	24426	0	7	FC240140	1950.000000	0
4372	24630	0	7	FC240185	10800.000000	0
4373	24520	0	7	FC240161	5680.000000	0
4103	24518	0	7	FC240160	1300.000000	0
4374	24518	0	7	FC240160	2080.000000	0
4375	24565	0	7	FC240172	5100.000000	0
4376	24517	0	7	FC240159	2100.000000	0
4377	24627	0	7	FC240184	1634.000000	0
4378	24646	0	7	FC240190	34954.000000	0
4379	23535	0	7	FC231472	1300.000000	0
4380	23595	0	7	FC231487	360.000000	0
4382	24626	0	7	FC240183	1360.000000	0
4383	21704	0	7	FC231052	11814.000000	0
4383	22272	0	7	FC231195	9936.000000	0
4383	22697	0	7	FC231289	6594.000000	0
4383	22725	0	7	FC231295	12000.000000	0
4384	22652	0	7	FC231282	1520.000000	0
4384	22793	0	7	FC231305	1600.000000	0
4385	20055	0	7	FC230709	3470.000000	0
4385	20429	0	7	FC230786	1910.000000	0
4385	20898	0	7	FC230862	2080.000000	0
4385	21578	0	7	FC231024	4020.000000	0
4385	21790	0	7	FC231069	2600.000000	0
4386	18882	0	7	FC230401	865.000000	0
4386	18960	0	7	FC230422	2600.000000	0
4386	19198	0	7	FC230468	910.000000	0
4387	24561	0	7	FC240171	3910.000000	0
4388	24678	0	7	FC240197	5900.000000	0
4389	23426	0	7	FC231435	5945.000000	0
4390	23426	0	7	FC231435	5945.000000	0
4391	23426	0	7	FC231435	4385.000000	0
4391	23360	0	7	FC231430	1560.000000	0
4392	24884	0	7	FC240247	7000.000000	0
4393	24884	0	7	FC240247	300.000000	0
4394	24595	0	6	FC231159	382763.280000	0
4395	24595	0	6	FC231159	17616.720000	0
4398	23984	0	7	FC240060	168000.000000	0
4399	24737	0	7	FC240209	2700.000000	0
4307	24758	0	7	FC240221	54000.000000	0
4400	24736	0	7	FC240208	7102.000000	0
4401	21960	0	7	FC231111	1350.000000	0
4402	24416	0	7	FC240136	1302.480000	0
4402	24864	0	7	FC240241	1200.000000	0
4403	24948	0	7	FC240260	1250.000000	0
4404	24900	0	7	FC240250	6000.000000	0
4405	24873	0	7	FC240244	6000.000000	0
4406	24759	0	7	FC240222	2040.000000	0
4407	24872	0	7	FC240243	30350.000000	0
4408	24833	0	7	FC240235	3750.000000	0
4408	23634	0	7	FC231509	378.000000	0
4409	24831	0	7	FC240234	2700.000000	0
4410	24776	0	7	FC240226	1470.000000	0
4411	22641	0	7	FC231280	19500.000000	0
4411	22575	0	7	FC231260	4500.000000	0
4412	23367	0	7	FC231433	1400.000000	0
4413	22412	0	7	FC231232	1500.000000	0
4413	22513	0	7	FC231246	2700.000000	0
4414	24225	0	7	FC240098	18600.000000	0
4414	24698	0	7	FC240202	1200.000000	0
4415	24751	0	7	FC240214	11662.640000	0
4415	24302	0	7	FC240116	1800.000000	0
4415	24084	0	7	FC240069	2720.000000	0
4416	21453	0	7	FC230998	2700.000000	0
4416	21598	0	7	FC231030	2700.000000	0
4416	21992	0	7	FC231121	4050.000000	0
4417	22676	0	7	FC231285	4200.000000	0
4418	22091	0	7	FC231153	1680.000000	0
4419	22129	0	7	FC231166	220.000000	0
4420	23018	0	7	FC231363	27000.000000	0
4420	23026	0	7	FC231365	1795.200000	0
4421	19000	0	7	FC230396	49818.000000	0
4422	19000	0	7	FC230396	1482.000000	0
4423	19001	0	7	FC230429	11400.000000	0
4424	24264	0	7	FC240109	243600.000000	0
4425	24263	0	7	FC240108	25200.000000	0
4426	24044	0	7	FC240050	201600.000000	0
4427	23948	0	7	FC240049	32568.000000	0
4428	22369	0	7	FC231218	7200.000000	0
4428	22917	0	7	FC231334	9600.000000	0
4430	23618	0	7	FC231499	24035.000000	0
4431	25123	0	7	FC240296	4631.250000	0
4432	25123	0	7	FC240296	4631.250000	0
4433	25123	0	7	FC240296	4631.250000	0
4434	25123	0	7	FC240296	4631.250000	0
4435	25099	0	7	FC240294	1200.000000	0
4429	21050	0	7	FC230900	80.000000	0
4429	21985	0	7	FC231118	3444.750000	0
4429	22055	0	7	FC231137	1152.000000	0
4429	22644	0	7	FC231281	1400.000000	0
4429	23355	0	7	FC231428	110.000000	0
4429	23772	0	7	FC240016	13200.040000	0
4436	25131	0	7	FC240299	3028.010000	0
4437	23778	0	7	FC240017	5400.000000	0
4437	24550	0	7	FC240168	32048.000000	0
4437	24646	0	7	FC240190	2546.000000	0
4437	24654	0	7	FC240192	360.000000	0
4437	25006	0	7	FC240275	7200.000000	0
4438	24892	0	7	FC240249	4800.000000	0
4439	25053	0	7	FC240283	3600.000000	0
4441	24966	0	7	FC240263	6000.000000	0
4442	25073	0	7	FC240288	700.000000	0
4444	24681	0	7	FC240198	720.000000	0
4445	25009	0	7	FC240276	720.000000	0
4446	24765	0	7	FC240223	350.000000	0
4447	23709	0	7	FC240009	180.000000	0
4449	23532	0	7	FC231471	650.000000	0
4450	21303	0	7	FC230961	13500.000000	0
4451	21303	0	7	FC230961	13500.000000	0
4452	21303	0	7	FC230961	13500.000000	0
4453	21303	0	7	FC230961	13500.000000	0
4454	21498	0	7	FC231008	2500.000000	0
4455	25141	0	7	FC240304	5200.000000	0
4456	25182	0	7	FC240312	360.000000	0
4206	24694	0	7	FC240201	620.000000	0
4459	25116	0	7	FC240295	900.000000	0
4459	25166	0	7	FC240306	2280.000000	0
4460	25171	0	7	FC240307	1535.040000	0
4458	25194	0	7	FC240315	4000.000000	0
4461	22564	0	7	FC231257	23520.000000	0
4463	23947	0	7	FC240048	144000.000000	0
4464	22946	0	7	FC231344	37545.000000	0
4464	23619	0	7	FC231500	1540.000000	0
4465	24088	0	7	FC240073	47480.000000	0
4466	22878	0	7	FC231313	2715.120000	0
4467	22878	0	7	FC231313	524.880000	0
4468	22879	0	7	FC231314	102276.000000	0
4469	24307	0	7	FC240115	1800.000000	0
4470	24721	0	6	FC231331	3268529.310000	0
4472	24184	0	7	FC240085	5400.000000	0
4473	24249	0	7	FC240105	300.000000	0
4474	24568	0	7	FC240175	52.000000	0
4475	24567	0	7	FC240174	70.000000	0
4476	24352	0	7	FC240126	720.000000	0
4477	22911	0	7	FC231332	242.000000	0
4478	24566	0	7	FC240173	8100.000000	0
4479	23956	0	7	FC240051	1350.000000	0
4480	24916	0	7	FC240252	860.000000	0
4481	24973	0	7	FC240264	1200.000000	0
4482	24890	0	7	FC240248	5700.000000	0
4483	24875	0	7	FC240245	6800.000000	0
4484	24771	0	7	FC240224	2720.000000	0
4485	24741	0	7	FC240210	16995.000000	0
4486	24812	0	7	FC240230	1040.000000	0
4487	24931	0	7	FC240256	3120.000000	0
4488	24338	0	7	FC240122	170.000000	0
4489	24529	0	7	FC240163	768.000000	0
4490	24244	0	7	FC240103	520.000000	0
4491	25235	0	7	FC240319	768.000000	0
4492	25242	0	7	FC240320	2400.000000	0
4493	24941	0	7	FC240259	512.000000	0
4494	25098	0	7	FC240293	50.000000	0
4495	24910	0	7	FC240251	2400.000000	0
4496	24975	0	7	FC240266	1360.000000	0
4497	21348	0	7	FC230795	3450.000000	0
4497	21339	0	7	FC230971	850.000000	0
4498	21339	0	7	FC230971	3628.000000	0
4498	21341	0	7	FC230972	2300.000000	0
4498	21475	0	7	FC231003	6000.000000	0
4498	22300	0	7	FC231202	9200.000000	0
4498	22340	0	7	FC231213	822.000000	0
4499	23941	0	7	FC240047	17760.000000	0
4500	24656	0	7	FC240193	512.000000	0
4457	24190	0	7	FC240086	1050.000000	0
4457	24470	0	7	FR240001	-1050.000000	0
4457	24472	0	7	FC240149	620.000000	0
4457	24837	0	7	FC240237	525.000000	0
4457	24933	0	7	FC240257	1325.000000	0
2591	18697	0	7	FC230361	700.000000	0
2591	20383	0	7	FC230776	340.000000	0
4501	23906	0	7	FC240043	6240.000000	0
4503	19096	0	7	FC230447	1500.000000	0
4504	24420	0	7	FC240137	1025.000000	0
4505	25344	0	7	FC240343	1131.000000	0
4506	24636	0	7	FC240188	271152.000000	0
4507	24635	0	7	FC240187	41743.060000	0
4508	24635	0	7	FC240187	294.260000	0
4509	24700	0	7	FC240204	16800.000000	0
4510	24815	0	7	FC240232	24000.000000	0
4443	24660	0	7	FC240195	1300.000000	0
4513	24087	0	7	FC240072	15245.000000	0
4515	25318	0	7	FC240331	560.000000	0
4516	25284	0	7	FC240325	1320.000000	0
4517	25005	0	7	FR240002	-426.660000	0
4517	25222	0	7	FC240316	1300.000000	0
4518	25039	0	7	FC240281	4960.000000	0
4519	25072	0	7	FC240287	13200.000000	0
4520	25072	0	7	FC240287	0.480000	0
4521	25092	0	7	FC240291	2600.000000	0
4522	25035	0	7	FC240279	700.000000	0
4523	24924	0	7	FC240253	3000.000000	0
4524	21206	0	7	FC230939	8599.800000	0
4525	18696	0	7	FC230360	4199.200000	0
4525	19574	0	7	FC230596	450.000000	0
4526	19598	0	7	FC230601	3125.000000	0
4526	19769	0	7	FC230635	3100.000000	0
4527	22177	0	7	FC231180	3250.000000	0
4019	8843	0	7	FR210020	-5000.000000	0
4019	3120	0	7	FC200927	160.000000	0
4019	4148	0	7	FC210126	575.000000	0
4019	4154	0	7	FC210127	200.000000	0
4019	4828	0	7	FC210275	830.000000	0
4019	5130	0	7	FC210336	230.000000	0
4019	5462	0	7	FC210409	660.000000	0
4019	6261	0	7	FC210583	780.000000	0
4019	6899	0	7	FC210720	630.000000	0
4019	7846	0	7	FC210934	675.000000	0
4019	8410	0	7	FC211036	260.000000	0
4528	8410	0	7	FC211036	230.000000	0
4528	25431	0	7	FR240005	-4790.950000	0
4528	14979	0	7	FC221081	620.000000	0
4528	14613	0	7	FC221001	324.000000	0
4528	12952	0	7	FC220591	950.000000	0
4528	13713	0	7	FC220775	640.000000	0
4528	12023	0	7	FC220394	699.000000	0
4528	10995	0	7	FC220193	775.000000	0
4528	10708	0	7	FC220134	423.000000	0
4528	9483	0	7	FC211266	130.000000	0
4529	23347	0	7	FC231426	1400.000000	0
4529	24522	0	7	FC240162	2160.000000	0
4529	25022	0	7	FC240278	2550.000000	0
4530	22477	0	7	FC231239	280.000000	0
4531	25369	0	7	FC240347	1250.000000	0
4532	25333	0	7	FC240339	7360.000000	0
4533	25419	0	7	FC240357	2400.000000	0
4534	24135	0	7	FC240081	26400.000000	0
4534	24310	0	7	FC240117	1500.000000	0
4534	24666	0	7	FC240196	6000.000000	0
4535	24146	0	7	FC240082	54000.000000	0
4536	25554	0	7	FC240382	1020.000000	0
4538	25502	0	7	FC240374	3600.000000	0
4539	25458	0	7	FC240365	1350.000000	0
4540	25525	0	7	FC240377	4453.330000	0
4541	25525	0	7	FC240377	4453.330000	0
4542	25525	0	7	FC240377	4453.340000	0
4543	25501	0	7	FC240373	2160.000000	0
4544	25518	0	7	FC240376	2000.000000	0
4545	23964	0	7	FC240052	2400.000000	0
4545	24576	0	7	FC240176	1548.000000	0
4546	25432	0	7	FC240361	4791.110000	0
4548	25257	0	7	FC240321	1700.000000	0
4549	25309	0	7	FC240329	1400.000000	0
4547	24849	0	7	FC240240	320.000000	0
4550	24051	0	7	FC240058	42480.000000	0
4551	25682	0	7	FC240059	21240.000000	0
4552	22107	0	7	FC231160	40414.000000	0
4553	22107	0	7	FC231160	1682.000000	0
4554	25555	0	7	FC240383	4000.000000	0
4557	17529	0	7	FC230121	2920.000000	0
4557	19660	0	7	FC230616	8934.960000	0
4558	25699	0	7	FC240416	4960.000000	0
4559	25690	0	7	FC240410	2400.000000	0
4560	25665	0	7	FC240403	680.000000	0
4561	25615	0	7	FC240394	860.000000	0
4562	23432	0	7	FC231449	1650.000000	0
4562	23480	0	7	FC231461	240.000000	0
4562	24085	0	7	FC240070	3300.000000	0
4562	24651	0	7	FC240191	480.000000	0
4562	24773	0	7	FC240225	768.000000	0
4563	25551	0	7	FC240381	3600.000000	0
4564	25616	0	7	FC240395	1360.000000	0
4565	25456	0	7	FC240364	2040.000000	0
4566	25454	0	7	FC240362	360.000000	0
4567	25455	0	7	FC240363	2400.000000	0
4568	25429	0	7	FC240359	6400.000000	0
4569	25430	0	7	FC240360	600.000000	0
4571	24376	0	7	FC240130	135000.000000	0
4572	25820	0	7	FC240436	1350.000000	0
4573	25808	0	7	FC240433	3500.000000	0
4574	25781	0	7	FC240428	1285.000000	0
4575	25739	0	7	FC240423	1360.000000	0
4577	11105	0	7	FC220217	300.000000	0
4578	25859	0	7	FC240443	700.000000	0
4579	25669	0	7	FC240404	6240.000000	0
4580	25770	0	7	FC240427	1360.000000	0
4168	25874	0	7	FR240008	-19414.290000	0
4168	24125	0	7	FC240080	19414.290000	0
4581	25865	0	7	FC240445	2500.000000	0
4582	22875	0	7	FC231325	2250.000000	0
4583	23389	0	7	FC231439	4890.000000	0
4583	23556	0	7	FC231479	2750.000000	0
4584	25745	0	7	FC240426	1000.000000	0
4585	25533	0	7	FC240379	100.000000	0
4585	25204	0	7	FR240004	-840.000000	0
4585	24727	0	7	FC240207	840.000000	0
4586	25325	0	7	FC240333	400.000000	0
4587	25694	0	7	FC240414	400.000000	0
4588	25137	0	7	FC240302	1200.000000	0
4589	24336	0	7	FC240120	78000.000000	0
4590	23991	0	7	FC240062	26000.000000	0
4591	21182	0	7	FC230933	1300.000000	0
4591	21262	0	7	FC230953	900.000000	0
4591	21496	0	7	FC231006	300.000000	0
4591	21497	0	7	FC231007	20.000000	0
4592	21497	0	7	FC231007	630.000000	0
4592	22114	0	7	FC231163	1680.000000	0
4592	23580	0	7	FC231483	840.000000	0
4593	25650	0	7	FC240400	2000.000000	0
4595	19514	0	7	FC230582	1525.000000	0
4595	20360	0	7	FC230773	1305.000000	0
4595	20735	0	7	FC230827	2835.000000	0
4596	24643	0	7	FC240189	1798.800000	0
4597	22970	0	7	FC231352	23680.000000	0
4598	23696	0	7	FC240006	9600.000000	0
4598	23814	0	7	FC240022	3600.000000	0
4600	24748	0	7	FC240213	2799.600000	0
4600	24537	0	7	FC240164	1360.000000	0
4600	24835	0	7	FC240236	1360.000000	0
4600	24260	0	7	FC240107	1400.000000	0
4601	23196	0	7	FC231394	510.000000	0
4601	23362	0	7	FC231431	960.000000	0
4601	23363	0	7	FC231432	1017.000000	0
4603	22622	0	7	FC231277	3171.000000	0
4604	21041	0	7	FC230898	1430.000000	0
4604	22381	0	7	FR230048	-1430.000000	0
4604	23298	0	7	FC231414	275.000000	0
4605	22592	0	7	FC231265	1350.000000	0
4605	22764	0	7	FC231300	5477.800000	0
4605	22541	0	7	FC231252	3270.000000	0
4605	22504	0	7	FC231244	1839.600000	0
4606	23714	0	7	FC240010	3600.000000	0
4607	25159	0	7	FC240305	1680.000000	0
4608	25877	0	7	FC240449	7572.000000	0
4609	20651	0	7	FC230817	1950.000000	0
4611	22935	0	6	FC231337	1737.680000	0
4612	22935	0	6	FC231337	61071.320000	0
4613	24090	0	7	FC240075	16118.000000	0
4614	25903	0	7	FC240458	1470.000000	0
4615	25980	0	7	FC240473	700.000000	0
4616	25950	0	7	FC240466	2600.000000	0
4617	25426	0	7	FC240358	700.000000	0
4618	17374	0	7	FC230090	125.000000	0
4619	10276	0	7	FC220030	1370.000000	0
4620	9927	0	7	FC211355	860.000000	0
4621	4874	0	7	FC210281	360.000000	0
4622	22743	0	7	FC231298	6000.000000	0
4623	25336	0	7	FC240342	2400.000000	0
4624	22301	0	7	FC231203	64800.000000	0
4625	9764	0	7	FC211326	2800.000000	0
4626	22519	0	7	FC231247	1200.000000	0
4627	25477	0	7	FC240367	4608.000000	0
4628	18964	0	7	FC230423	392.000000	0
4628	19104	0	7	FC230448	1560.000000	0
4628	19431	0	7	FC230556	2904.000000	0
4628	19475	0	7	FC230573	900.000000	0
4628	19531	0	7	FC230585	4001.600000	0
4628	19621	0	7	FC230606	380.000000	0
4628	19695	0	7	FC230622	3400.000000	0
4628	19819	0	7	FC230651	5196.000000	0
4628	19974	0	7	FC230690	450.000000	0
4628	19999	0	7	FC230696	2200.000000	0
4628	20083	0	7	FC230708	6180.000000	0
4628	20090	0	7	FC230715	2250.000000	0
4629	26047	0	7	FC240482	4500.000000	0
4632	24091	0	7	FC240076	5450.400000	0
4633	24693	0	7	FC240200	3805.800000	0
4634	24693	0	7	FC240200	3000.000000	0
4631	24476	0	7	FC240150	480.000000	0
4631	24744	0	7	FC240212	960.000000	0
4635	26184	1	17	202405222	6999.600000	0
4636	26183	1	17	172024	5625.600000	0
4637	25319	0	7	FC240332	1560.000000	0
4638	25952	0	7	FC240468	6210.000000	0
4639	25929	0	7	FC240463	3750.000000	0
4639	25951	0	7	FC240467	3750.000000	0
4640	26045	0	7	FC240480	5250.000000	0
4641	25923	0	7	FC240460	3900.000000	0
4642	25870	0	7	FC240447	4420.000000	0
4643	25880	0	7	FC240450	1360.000000	0
4644	26121	0	7	FC240502	1220.000000	0
4645	26046	0	7	FC240481	10800.000000	0
4646	23600	0	7	FC231207	1250.000000	0
4646	23617	0	7	FC231498	400.000000	0
4647	23824	0	7	FC240023	9200.000000	0
4647	23831	0	7	FC240026	6144.000000	0
4647	24372	0	7	FC240129	10822.000000	0
4648	25331	0	7	FC240337	8424.000000	0
4649	24754	0	7	FC240217	16794.000000	0
4650	26066	0	7	FC240487	665.000000	0
4652	26144	0	7	FC240506	2200.000000	0
4653	26085	0	7	FC240492	3400.000000	0
4654	24685	0	7	FC240199	1936.000000	0
4655	23558	0	7	FC231480	5400.000000	0
4656	25662	0	7	FC240402	4800.000000	0
4657	26296	0	7	FC240545	1200.000000	0
4658	24203	0	7	FC240088	5000.000000	0
4658	24284	0	7	FC240111	920.000000	0
4658	24360	0	7	FC240127	2600.000000	0
4659	26060	0	7	FC240486	1460.000000	0
4660	25704	0	7	FC240417	170.000000	0
4661	21388	0	7	FC230980	50000.000000	0
4662	21388	0	7	FC230980	50000.000000	0
4663	21388	0	7	FC230980	18430.800000	0
4663	21418	0	7	FC230986	1569.200000	0
4664	21418	0	7	FC230986	6830.800000	0
4664	21757	0	7	FC231063	3768.400000	0
4664	21769	0	7	FC231065	18860.000000	0
4664	21770	0	7	FC231066	3948.000000	0
4664	21997	0	7	FC231123	6592.800000	0
4665	21997	0	7	FC231123	50000.000000	0
4666	21997	0	7	FC231123	2207.200000	0
4666	22022	0	7	FC231132	1280.000000	0
4666	22056	0	7	FC231138	192.000000	0
4666	22154	0	7	FC231174	480.000000	0
4666	22199	0	7	FC231184	4200.000000	0
4666	22385	0	7	FR230050	-3500.000000	0
4666	22407	0	7	FC231229	25140.800000	0
4667	22407	0	7	FC231229	11619.200000	0
4667	22526	0	7	FC231250	1400.000000	0
4667	22573	0	7	FC231259	1800.000000	0
4667	22693	0	7	FC231288	10800.000000	0
4667	22758	0	7	FC231299	3375.000000	0
4667	22807	0	7	FC231308	505.800000	0
4668	22807	0	7	FC231308	10419.750000	0
4669	24257	0	7	FC240106	1800.000000	0
4669	24228	0	7	FC240099	4980.000000	0
4670	25177	0	7	FC240310	33600.000000	0
4670	25176	0	7	FC240309	113646.000000	0
4670	25173	0	7	FC240308	129264.000000	0
4674	25970	0	7	FC240470	2552.000000	0
4675	26095	0	7	FC240495	680.000000	0
4675	26359	0	7	FC240567	2400.000000	0
4676	26345	0	7	FC240563	500.000000	0
4677	26348	0	7	FC240564	140.000000	0
4678	14011	0	7	FC220848	365.600000	0
4678	16255	0	7	FC221360	2634.400000	0
4679	26394	0	7	FC240580	2040.000000	0
4680	25797	0	7	FC240432	170.000000	0
4681	26187	0	7	FC240515	680.000000	0
4682	26181	0	7	FC240514	3400.000000	0
4683	26175	0	7	FC240511	4200.000000	0
4685	26072	0	7	FC240488	1360.000000	0
4686	26176	0	7	FC240512	2800.000000	0
4687	26007	0	7	FC240476	4000.000000	0
4673	24606	0	7	FC240144	89400.000000	0
4672	19802	0	7	FC230648	25338.000000	0
4672	22088	0	6	FC231151	33264.000000	0
4672	22089	0	6	FC231152	10932.000000	0
4672	24449	0	7	FC240145	143400.000000	0
4688	26421	0	7	FC240586	2000.000000	0
4689	26420	0	7	FC240585	280.000000	0
4690	24940	0	7	FC240258	6720.000000	0
4690	24879	0	7	FC240246	19680.000000	0
4690	25193	0	7	FC240314	3250.000000	0
4691	23271	0	7	FC231407	5600.000000	0
4692	26112	0	7	FC240499	810.000000	0
4693	22807	0	7	FC231308	6074.450000	0
4693	22825	0	7	FC231316	2800.000000	0
4693	22834	0	7	FC231318	1280.000000	0
4693	22941	0	7	FC231339	14064.000000	0
4693	23062	0	7	FC231369	15600.000000	0
4693	23205	0	7	FC231396	2400.000000	0
4693	23233	0	7	FC231401	7781.550000	0
4694	25574	0	7	FC240387	24882.000000	0
4695	25744	0	7	FC240425	23520.000000	0
4696	24089	0	7	FC240074	18890.080000	0
4697	26464	0	7	FC240592	16500.000000	0
4698	24792	0	7	FC240228	5400.000000	0
4576	25840	0	7	FR240007	-124520.000000	0
4576	22415	0	7	FC231233	124520.000000	0
4576	25843	0	7	FC240439	62260.000000	0
4699	24752	0	7	FC240215	17811.100000	0
4700	25362	0	7	FC240346	1400.000000	0
4701	26519	0	7	FC240606	850.000000	0
4702	26508	0	7	FC240604	6080.000000	0
4703	25738	0	7	FC240422	3240.000000	0
4704	26037	0	7	FC240464	10440.000000	0
4705	23808	0	7	FC240020	2150.000000	0
4706	26566	0	7	FC240615	600.000000	0
4707	26569	0	7	FC240616	1800.000000	0
4708	26082	0	7	FC240490	3500.000000	0
4708	26209	0	7	FC240522	550.000000	0
4709	24974	0	7	FC240265	9600.000000	0
4710	25742	0	7	FC240424	74760.000000	0
4711	25580	0	7	FC240388	121.660000	0
4712	25580	0	7	FC240388	9.020000	0
4713	26599	0	7	FC240624	900.000000	0
4714	23233	0	7	FC231401	5202.450000	0
4714	23415	0	7	FC231446	2200.000000	0
4714	23545	0	7	FC231476	3600.000000	0
4714	23615	0	7	FC231496	200.000000	0
4714	23669	0	7	FC240002	2200.000000	0
4714	23703	0	7	FC240007	3560.000000	0
4714	23763	0	7	FC240015	13037.550000	0
4715	26055	0	7	FC240485	3400.000000	0
4716	26013	0	7	FC240477	340.000000	0
4717	26342	0	7	FC240562	350.000000	0
4718	26341	0	7	FC240561	1280.000000	0
4719	26199	0	7	FC240519	1360.000000	0
4720	26229	0	7	FC240528	4400.000000	0
4720	11670	0	7	FR220011	-7500.000000	0
4720	15690	0	7	FC221245	1320.000000	0
4720	19226	0	7	FC230475	1000.000000	0
4720	20171	0	7	FC230731	700.000000	0
4720	20384	0	7	FC230777	3248.010000	0
4720	21465	0	7	FC231000	1320.000000	0
4721	26353	0	7	FC240565	18000.000000	0
4722	26226	0	7	FC240525	2520.000000	0
4723	26227	0	7	FC240526	7050.000000	0
4724	26233	0	7	FC240530	9260.000000	0
4725	26474	0	7	FC240596	2040.000000	0
4726	26304	0	7	FC240548	9360.000000	0
4727	26367	0	7	FC240570	5048.000000	0
4728	26435	0	7	FC240588	3480.000000	0
4729	26375	0	7	FC240575	7200.000000	0
4730	24579	0	7	FC240177	286639.540000	0
4731	24339	0	7	FC240123	11700.000000	0
4732	26656	0	7	FC240636	72900.000000	0
4733	26679	0	7	FC240641	2250.000000	0
4734	26705	0	7	FC240646	10500.000000	0
4735	26722	0	7	FC240651	1350.000000	0
4736	26365	0	7	FC240569	1200.000000	0
4737	21907	0	7	FC231094	555720.000000	0
4738	21908	0	7	FC231095	63000.000000	0
4739	26746	0	7	FC240658	60.000000	0
4740	26383	0	7	FC240579	330.000000	0
4741	26215	0	7	FC240523	2100.000000	0
4742	23763	0	7	FC240015	3762.450000	0
4742	23781	0	7	FC240018	6000.000000	0
4742	23839	0	7	FC240028	12000.000000	0
4742	24172	0	7	FC240084	24300.000000	0
4742	24541	0	7	FC240165	3937.550000	0
4744	25037	0	7	FC240280	20000.000000	0
4743	25022	0	7	FC240278	90.000000	0
4743	25037	0	7	FC240280	15520.000000	0
4743	25187	0	7	FC240313	2800.000000	0
4745	26639	0	7	FC240634	2860.000000	0
4746	26552	0	7	FC240609	44000.000000	0
4747	26552	0	7	FC240609	44000.000000	0
4748	26658	0	7	FC240638	9600.000000	0
4749	26673	0	7	FC240640	1680.000000	0
4750	26558	0	7	FC240613	1350.000000	0
4751	26787	0	7	FC240669	1250.000000	0
4752	26613	0	7	FC240627	5400.000000	0
4753	26554	0	7	FC240611	2260.000000	0
4754	26552	0	7	FC240609	44500.000000	0
4756	26553	0	7	FC240610	27000.000000	0
4757	26553	0	7	FC240610	27000.000000	0
4758	25843	0	7	FC240439	62260.000000	0
4759	24440	0	7	FC240141	2520.000000	0
4760	24551	0	7	FC240169	1360.000000	0
4760	24699	0	7	FC240203	360.900000	0
4760	24842	0	7	FC240238	4080.000000	0
4761	24236	0	7	FC240101	620.000000	0
4761	24978	0	7	FC240267	257.000000	0
4761	25307	0	7	FC240328	240.000000	0
4762	24001	0	7	FC240064	17406.400000	0
4763	24077	0	7	FC240068	1360.000000	0
4763	25124	0	7	FC240297	2720.000000	0
4764	24218	0	7	FC240096	3390.000000	0
4765	24954	0	7	FC240261	400.000000	0
4766	26886	0	7	FC240681	6000.000000	0
4768	26918	0	7	FC240689	700.000000	0
4769	26885	0	7	FC240680	24150.000000	0
4770	26901	0	7	FC240685	540.000000	0
4771	26954	0	7	FC240699	120.000000	0
4773	26992	1	17	90017244	11580.000000	0
4774	26994	1	17	90017198	912.000000	0
4775	16348	0	7	FR220042	-877.500000	0
4775	16255	0	7	FC221360	3575.600000	0
4776	26995	1	17	90017193	9480.000000	0
4777	26985	0	7	FC240703	1700.000000	0
4778	25735	0	7	FC240421	20950.000000	0
4779	27021	1	17	01162024	990.000000	0
4780	27021	1	17	01162024	990.000000	0
4781	27022	1	17	FCS2401623	36999.980000	0
4782	27023	1	17	20240045	4599.840000	0
4783	27025	1	17	F244210	523.160000	0
4783	27024	1	17	F243876	1266.600000	0
4784	27026	1	17	F244700	3744.600000	0
4785	27027	1	17	FCS2402272	68399.990000	0
4786	27029	1	17	01292024	1980.000000	0
4788	27031	1	17	FA2401723	4399.200000	0
4787	25093	0	7	FC240292	6000.000000	0
4787	25729	0	7	FC240420	19323.400000	0
4787	25939	0	7	FC240465	1620.000000	0
4787	26173	0	7	FC240509	18180.000000	0
4787	26198	0	7	FC240518	1500.000000	0
4787	26223	0	7	FC240524	9300.000000	0
4787	26469	0	7	FC240593	6000.000000	0
4787	26470	0	7	FC240594	7500.000000	0
4788	27032	1	17	FA2401724	6220.800000	0
4789	25332	0	7	FC240338	10726.000000	0
4789	26507	0	7	FC240603	10720.000000	0
4789	27019	0	7	FC240717	59400.000000	0
4790	24481	0	7	FC240153	42300.000000	0
4791	27037	1	17	FA2400396	2010.000000	0
4792	27043	1	17	FA2400343	4705.000000	0
4793	27043	1	17	FA2400343	129.620000	0
4794	27044	1	17	FA240000091	6799.200000	0
4795	27045	1	17	001214	190.000000	0
4796	27046	1	17	352024	2808.000000	0
4797	27048	1	17	FA2400314	12211.200000	0
4799	26590	1	17	F243426	2795.520000	0
4800	27075	0	7	FC240728	150.000000	0
4801	27010	0	7	FC240708	970.000000	0
4798	26441	0	7	FR240010	-1440.000000	0
4798	25128	0	7	FC240298	3290.000000	0
4798	25825	0	7	FC240437	4120.000000	0
4802	17921	0	7	FC230194	475.000000	0
4802	18151	0	7	FC230248	2124.880000	0
4802	18253	0	7	FC230267	560.000000	0
4802	18346	0	7	FC230289	1700.000000	0
4802	18429	0	7	FC230306	2129.880000	0
4802	18486	0	7	FC230315	1700.000000	0
4802	18572	0	7	FC230335	1260.000000	0
4802	18669	0	7	FC230354	540.000000	0
4802	18678	0	7	FC230356	800.000000	0
4802	18700	0	7	FC230362	280.000000	0
4802	18816	0	7	FC230393	1579.840000	0
4802	19290	0	7	FC230490	3070.000000	0
4802	19541	0	7	FC230589	2660.000000	0
4802	19877	0	7	FC230669	638.000000	0
4802	20029	0	7	FC230701	430.000000	0
4802	20338	0	7	FC230769	2440.000000	0
4802	20804	0	7	FC230844	690.000000	0
4802	22082	0	7	FC231146	560.000000	0
4802	22426	0	7	FC231234	1880.000000	0
4802	23283	0	7	FC231409	380.000000	0
4802	24113	0	7	FC240077	1530.000000	0
4803	27096	1	17	FC240404	2100.000000	0
4804	27095	1	17	0555500615	2484.000000	0
4805	27097	1	17	90017254	7200.000000	0
4806	27099	1	17	FA24000457	1800.000000	0
4807	27101	1	17	FA24000480	2279.160000	0
4808	25111	1	17	FA2403026	32880.000000	0
4809	27102	1	17	20240096	33020.000000	0
4810	27102	1	17	20240096	33019.890000	0
4811	27105	1	17	F240665	168.000000	0
4812	27065	0	7	FC240723	2250.000000	0
4813	27081	0	7	FC240729	750.000000	0
4814	27120	1	17	F244974	1147.380000	0
4815	27121	1	17	FC245323	11744.400000	0
4816	26111	0	7	FC240498	4600.000000	0
4817	26133	0	7	FC240504	2000.000000	0
4818	27018	0	7	FC240716	1470.000000	0
4819	27115	0	7	FC240733	490.000000	0
4820	27136	0	7	FC240735	4860.000000	0
4821	27144	1	17	FA20240087	939.890000	0
4822	27147	1	17	FA24000579	1992.000000	0
4823	27150	0	7	FC240740	1750.000000	0
4824	27164	1	17	003700	190.000000	0
4825	26207	0	7	FC240521	46776.000000	0
4826	25334	0	7	FC240340	15851.160000	0
4827	25082	0	7	FC240290	6000.000000	0
4828	27192	1	17	202400599	179.970000	0
4829	26122	0	7	FC240503	64046.570000	0
4830	27225	0	7	FC240756	21.000000	0
4831	25328	0	7	FC240334	42946.000000	0
4832	27249	0	7	FC240761	475.000000	0
4833	27175	0	7	FC240747	315.000000	0
4834	27212	0	7	FC240752	1080.000000	0
4837	27250	0	7	FC240762	20700.000000	0
4839	26303	0	7	FC240547	2720.000000	0
4840	26731	0	7	FC240652	340.000000	0
4841	26313	0	7	FC240550	448.000000	0
4842	26443	0	7	FC240590	1560.000000	0
4843	27042	0	7	FC240721	1602.000000	0
4844	26927	0	7	FC240691	2230.000000	0
4845	26712	0	7	FC240648	1279.920000	0
4846	26710	0	7	FC240647	54000.000000	0
4847	26895	0	7	FC240683	13500.000000	0
4848	26773	0	7	FC240665	4480.000000	0
4849	26928	0	7	FC240692	7250.000000	0
4850	26926	0	7	FC240690	2040.000000	0
4851	26734	0	7	FC240654	13500.000000	0
4852	26956	0	7	FC240700	4119.000000	0
4853	26973	0	7	FC240701	7200.000000	0
4854	26734	0	7	FC240654	13500.000000	0
4855	27310	0	7	FC240785	10800.000000	0
4856	27304	0	7	FC240784	8600.000000	0
4857	27254	0	7	FC240763	1587.500000	0
4857	27337	0	7	FC240790	499.190000	0
4858	27317	0	7	FC240787	360.000000	0
4859	25619	0	7	FC240390	1200.000000	0
4859	25711	0	7	FC240419	4800.000000	0
4860	27245	0	7	FC240760	606.480000	0
4861	24802	0	7	FC240229	3420.000000	0
4862	25386	0	7	FC240350	2750.000000	0
4862	25928	0	7	FC240462	11629.000000	0
4862	26262	0	7	FC240541	8760.000000	0
4862	26358	0	7	FC240566	360.000000	0
4863	27232	0	7	FC240758	27000.000000	0
4864	27361	0	7	FC240797	106.500000	0
4865	27070	0	7	FC240725	775.000000	0
4866	24210	0	7	FC240092	1950.000000	0
4866	25001	0	7	FC240274	2600.000000	0
4867	25902	0	7	FC240457	24780.000000	0
4343	27385	0	7	FC240451	162080.000000	0
4342	27385	0	7	FC240451	600000.000000	0
4836	27385	0	7	FC240451	500000.000000	0
4868	26237	0	7	FC240532	42000.000000	0
4869	26238	0	7	FC240533	42000.000000	0
4870	26239	0	7	FC240534	42000.000000	0
4871	26236	0	7	FC240531	30000.000000	0
4872	25393	0	7	FC240351	10080.000000	0
4873	20747	0	7	FC230832	61560.000000	0
4874	25897	0	7	FC240452	9600.000000	0
4874	25918	0	7	FC240459	390.000000	0
4874	26626	0	7	FC240632	3600.000000	0
4876	23924	0	7	FC240044	4500.000000	0
4877	23857	0	7	FC240031	275.000000	0
4877	23858	0	7	FC240032	7250.000000	0
4875	25020	0	7	FC240277	19000.000000	0
4878	25488	0	7	FC240370	10500.000000	0
4878	23925	0	7	FC240045	2250.000000	0
4879	25691	0	7	FC240411	39000.000000	0
4879	25692	0	7	FC240412	2850.000000	0
4879	25693	0	7	FC240413	900.000000	0
4879	25695	0	7	FC240415	6000.000000	0
4880	20392	0	7	FC230779	1370.000000	0
4880	20480	0	7	FC230793	5300.000000	0
4880	20738	0	7	FC230828	5310.000000	0
4880	21408	0	7	FC230983	5780.000000	0
4880	21413	0	7	FC230984	1020.000000	0
4880	21999	0	7	FC231124	1900.000000	0
4880	22080	0	7	FC231145	1300.000000	0
4880	22243	0	7	FC231189	2200.000000	0
4880	22308	0	7	FC231206	1300.000000	0
4880	22589	0	7	FC231264	1900.000000	0
4880	22785	0	7	FC231303	1800.000000	0
4880	23126	0	7	FC231376	1900.000000	0
4880	23211	0	7	FC231398	450.000000	0
4881	26596	0	7	FC240623	5500.000000	0
3881	27419	0	7	FR240012	-125388.000000	0
3881	26097	0	7	FC240496	125388.000000	0
4160	26256	0	7	FC240540	4480.000000	0
3470	22728	0	7	FR230056	-10000.000000	0
3470	19367	0	7	FC230542	10000.000000	0
3470	27437	0	7	FR240013	-680.000000	0
3470	20876	0	7	FC230859	680.000000	0
3756	27438	0	7	FR240014	-3120.000000	0
3756	20812	0	7	FC230845	3120.000000	0
4883	26240	0	7	FC240535	42000.000000	0
4772	27445	0	7	FC240812	42.000000	0
4884	25858	0	7	FC240442	6090.000000	0
4885	26189	0	7	FC240516	3000.000000	0
4886	27385	0	7	FC240451	100000.000000	0
4887	27385	0	7	FC240451	100000.000000	0
4888	26194	0	7	FC240517	3000.000000	0
4889	24541	0	7	FC240165	9412.450000	0
4889	24742	0	7	FC240211	14280.000000	0
4889	24753	0	7	FC240216	1800.000000	0
4889	24848	0	7	FC240239	975.000000	0
4889	24925	0	7	FC240254	696.000000	0
4889	24959	0	7	FC240262	4000.000000	0
4889	25330	0	7	FC240336	7200.000000	0
4889	25351	0	7	FC240344	1350.000000	0
4889	25792	0	7	FC240430	4368.000000	0
4889	25979	0	7	FC240472	300.000000	0
4889	26336	0	7	FC240560	1960.000000	0
4889	26487	0	7	FC240597	1200.000000	0
4889	27014	0	7	FC240712	2458.550000	0
4890	26557	0	7	FC240612	840.000000	0
4890	26754	0	7	FC240660	4200.000000	0
4891	27014	0	7	FC240712	50000.000000	0
4892	26978	0	7	FC240702	42.000000	0
4892	27442	0	7	FR240015	-42.000000	0
4893	27485	0	7	FC240825	4320.000000	0
4894	27496	0	7	FC240827	1200.000000	0
4895	25596	0	7	FC240392	2500.000000	0
4896	25481	0	7	FC240368	2044.000000	0
4896	26406	0	7	FC240583	1190.000000	0
4896	27383	0	7	FC240800	700.000000	0
4897	26509	0	7	FC240605	12560.000000	0
4898	25329	0	7	FC240335	11060.000000	0
4899	25898	0	7	FC240453	18320.000000	0
4900	19082	0	7	FC230444	190.000000	0
4900	19108	0	7	FC230450	1800.000000	0
4900	19177	0	7	FC230465	5750.000000	0
4900	19368	0	7	FC230543	3800.000000	0
4900	19560	0	7	FC230593	11500.000000	0
4901	27559	0	7	FC240844	1800.000000	0
4902	27498	0	7	FC240829	1300.000000	0
4903	27520	0	7	FC240833	1300.000000	0
4904	25901	0	7	FC240456	15032.000000	0
4905	27566	0	7	FC240845	680.000000	0
4906	27582	0	7	FC240850	6000.000000	0
4907	27582	0	7	FC240850	6350.000000	0
4908	27138	0	7	FC240737	1110.000000	0
4909	26732	0	7	FC240653	1360.000000	0
4910	27140	0	7	FC240739	4750.000000	0
4911	26765	0	7	FC240663	1360.000000	0
4911	27193	0	7	FC240749	1360.000000	0
4912	27299	0	7	FC240781	28360.000000	0
4913	27233	0	7	FC240759	2750.000000	0
4914	27298	0	7	FC240780	4480.000000	0
4915	27139	0	7	FC240738	1600.000000	0
4916	25503	0	7	FC240375	1920.000000	0
4916	25974	0	7	FC240471	1920.000000	0
4917	27400	0	7	FC240803	3840.000000	0
4919	25983	0	7	FC240474	7800.000000	0
4918	20858	0	7	FC230856	660.000000	0
4918	25055	0	7	FC240284	2400.000000	0
4918	26079	0	7	FC240489	440.000000	0
4918	26263	0	7	FC240542	540.000000	0
4920	27484	0	7	FC240824	680.000000	0
4921	27655	0	7	FC240875	1200.000000	0
4922	24813	0	7	FC240231	2500.000000	0
4922	24927	0	7	FC240255	3749.920000	0
4923	23325	0	7	FC231419	2500.000000	0
4923	22719	0	7	FC231293	13000.000000	0
4923	23975	0	7	FC240055	12500.000000	0
4923	25485	0	7	FC240369	12500.000000	0
4924	21328	0	7	FC230967	5200.000000	0
4925	25068	0	7	FC240286	5040.000000	0
4925	25223	0	7	FC240317	2700.000000	0
4926	24289	0	7	FC240113	1360.000000	0
4926	24243	0	7	FC240102	1520.000000	0
4926	24216	0	7	FC240095	135000.000000	0
4926	24580	0	7	FC240178	1360.000000	0
4927	20209	0	7	FC230737	3500.000000	0
4927	21965	0	7	FC231112	1250.000000	0
4927	22877	0	7	FC231326	3735.000000	0
4927	24220	0	7	FC240097	1625.000000	0
4928	26300	0	7	FC240546	23200.000000	0
4929	26204	0	7	FC240520	2880.000000	0
4929	26767	0	7	FC240664	7200.000000	0
4930	25815	0	7	FC240435	1040.000000	0
4930	26326	0	7	FC240557	1200.000000	0
4931	27590	0	7	FC240855	4424.000000	0
4932	27759	0	7	FC240909	3600.000000	0
4933	26785	0	7	FC240668	26400.000000	0
4934	26553	0	7	FC240610	27000.000000	0
4935	27273	0	7	FC240770	54000.000000	0
4936	27745	0	7	FC240903	1200.000000	0
4937	25707	0	7	FC240418	20400.000000	0
4938	26396	0	7	FC240581	840.000000	0
4939	27822	0	7	FC240925	70.000000	0
4940	27799	0	7	FC240921	100.000000	0
4941	27683	0	7	FC240885	13520.000000	0
4941	27684	0	7	FC240886	19967.000000	0
4941	27685	0	7	FC240887	58195.600000	0
4941	27686	0	7	FC240888	15924.400000	0
4942	27686	0	7	FC240888	0.600000	0
4943	26247	0	7	FC240537	3600.000000	0
4943	26458	0	7	FC240591	1200.000000	0
4944	25732	0	7	FR240006	-732.000000	0
4944	25900	0	7	FC240455	8678.200000	0
4945	27401	0	7	FC240804	680.000000	0
4946	27703	0	7	FC240896	1360.000000	0
4947	27301	0	7	FC240783	5800.000000	0
4948	27615	0	7	FC240868	1800.000000	0
4949	27629	0	7	FC240871	6540.000000	0
4950	27696	0	7	FC240894	2165.000000	0
4951	27482	0	7	FC240822	2400.000000	0
4952	27757	0	7	FC240908	2160.000000	0
4953	27483	0	7	FC240823	2213.700000	0
4954	27541	0	7	FC240840	18900.000000	0
4955	27514	0	7	FC240832	2400.000000	0
4956	27667	0	7	FC240879	2040.000000	0
4957	27571	0	7	FC240847	6000.000000	0
4958	27584	0	7	FC240851	2700.000000	0
4959	27668	0	7	FC240880	2700.000000	0
4960	27385	0	7	FC240451	500000.000000	0
4961	27385	0	7	FC240451	500000.000000	0
4962	27422	0	7	FC240809	125388.000000	0
4963	27823	0	7	FC240926	3240.000000	0
4964	27853	0	7	FC240936	1300.000000	0
4965	25899	0	7	FC240454	11980.000000	0
4966	27385	0	7	FC240451	1357969.080000	0
4967	27385	0	7	FC240451	0.920000	0
4968	24114	0	7	FC240078	4300.000000	0
4968	24466	0	7	FC240148	1350.000000	0
4969	24871	0	7	FC240242	6800.000000	0
4969	25224	0	7	FC240318	6800.000000	0
4969	25539	0	7	FC240380	6800.000000	0
4969	25851	0	7	FC240440	6800.000000	0
4970	25377	0	7	FC240348	11020.000000	0
4970	25462	0	7	FC240366	880.000000	0
4970	25587	0	7	FC240389	520.000000	0
4971	25352	0	7	FC240345	3100.000000	0
4972	25526	0	7	FC240378	1097.000000	0
4972	25595	0	7	FC240391	1480.000000	0
4972	25793	0	7	FC240431	1032.000000	0
4972	25872	0	7	FC240448	1032.000000	0
4973	25671	0	7	FC240405	6798.000000	0
4974	25689	0	7	FC240409	2040.000000	0
4975	25812	0	7	FC240434	8200.000000	0
4975	25602	0	7	FC240393	2700.000000	0
4975	25378	0	7	FC240349	4500.000000	0
4976	26364	0	7	FC240568	2720.000000	0
4976	26014	0	7	FC240478	2720.000000	0
4976	26246	0	7	FC240536	550.000000	0
4977	25066	0	7	FC240285	1200.000000	0
4978	26942	0	7	FC240696	8532.000000	0
4978	27220	0	7	FC240755	1536.000000	0
4978	27359	0	7	FC240796	1740.000000	0
4979	26506	0	7	FC240602	2232.000000	0
4980	27888	0	7	FC240941	35.000000	0
4981	26949	0	7	FC240698	219265.460000	0
4982	27198	0	7	FC240607	5080.800000	0
4983	27904	0	7	FC240943	1355.000000	0
4984	27286	0	7	FC240776	5700.000000	0
4984	27622	0	7	FC240869	3096.000000	0
4985	26292	0	7	FC240543	1100.000000	0
4986	26490	0	7	FC240598	480.000000	0
4986	26703	0	7	FC240645	6540.000000	0
4987	27956	0	7	FC240958	500.000000	0
4988	27948	0	7	FC240957	1604.000000	0
4989	26407	0	7	FC240584	6000.000000	0
4990	26052	0	7	FC240484	33600.000000	0
4991	26661	0	7	FC240639	22500.000000	0
4992	23855	0	7	FC240030	784.000000	0
4993	27937	0	7	FC240955	6000.000000	0
4994	26263	0	7	FC240542	1260.000000	0
4994	27682	0	7	FC240884	2700.000000	0
4994	27987	0	7	FC240966	879.000000	0
4995	27278	0	7	FC240774	3643.440000	0
4996	27266	0	7	FC240767	2970.000000	0
4997	27263	0	7	FC240766	455520.000000	0
4998	27981	0	7	FC240962	4725.000000	0
4999	27974	0	7	FC240961	750.000000	0
5000	27927	0	7	FC240951	138.000000	0
5001	27962	0	7	FC240960	2447.040000	0
5002	28048	0	7	FC240977	3600.000000	0
5003	26174	0	7	FC240510	380.000000	0
5003	26177	0	7	FC240513	1665.000000	0
5003	26615	0	7	FC240628	3680.000000	0
5003	26632	0	7	FC240633	1300.000000	0
5003	26739	0	7	FC240656	799.980000	0
5004	27741	0	7	FC240902	1550.000000	0
5005	27014	0	7	FC240712	40000.000000	0
5006	26320	0	7	FC240552	1800.000000	0
5007	28074	0	7	FC240980	18000.000000	0
5008	27984	0	7	FC240965	1200.000000	0
5009	26618	0	7	FC240629	1745.000000	0
5010	25395	0	7	FC240353	4320.000000	0
5011	25394	0	7	FC240352	5184.000000	0
5012	28119	0	7	FC240992	540.000000	0
5013	25862	0	7	FC240444	200.000000	0
5014	28132	0	7	FC240995	1250.000000	0
5015	27402	0	7	FC240805	975.000000	0
5016	27831	0	7	FC240928	520.000000	0
5017	27435	0	7	FC240811	1120.000000	0
5018	27630	0	7	FC240872	200.000000	0
5019	27929	0	7	FC240952	3173.700000	0
5020	27842	0	7	FC240932	2880.000000	0
5021	27847	0	7	FC240934	3840.000000	0
5022	27860	0	7	FC240938	17700.000000	0
5023	27983	0	7	FC240964	4560.040000	0
5024	27830	0	7	FC240927	2400.000000	0
5025	27982	0	7	FC240963	3280.040000	0
5026	27480	0	7	FC240821	45000.000000	0
5027	26505	0	7	FC240601	14524.000000	0
5028	27609	0	7	FC240865	200.000000	0
5028	27942	0	7	FC240956	700.000000	0
5029	28163	0	7	FC241002	1200.000000	0
5030	26716	0	7	FC240649	6480.000000	0
5030	26757	0	7	FC240661	15260.000000	0
5030	26758	0	7	FC240662	280.000000	0
5030	26943	0	7	FC240697	3000.000000	0
5031	28208	0	7	FC241009	2280.000000	0
5032	28240	1	17	F241386	2376.000000	0
5033	28241	1	17	F241453	3696.000000	0
5034	28254	0	7	FC241018	1040.000000	0
5035	28242	0	7	FC241014	140.000000	0
5036	28117	0	7	FC240991	300.000000	0
5037	24984	0	7	FC240269	75360.000000	0
5039	10791	0	7	FC220148	4992.000000	0
5040	24658	0	7	FC240194	2060.000000	0
5041	26090	0	7	FC240493	6200.000000	0
5042	27059	0	7	FC240722	2720.000000	0
5042	27020	0	7	FC240718	750.000000	0
5042	26611	0	7	FC240626	1120.000000	0
5043	26094	0	7	FC240494	127.500000	0
5043	25990	0	7	FC240475	1560.000000	0
5044	26751	0	7	FC240659	1360.000000	0
5044	26624	0	7	FC240631	2720.000000	0
5045	26605	0	7	FC240625	710.000000	0
5045	26560	0	7	FC240614	2040.000000	0
5045	26293	0	7	FC240544	5700.000000	0
5046	27155	0	7	FC240743	1204.000000	0
5046	27089	0	7	FC240730	600.000000	0
5047	28319	0	7	FC241028	3200.000000	0
5048	28269	0	7	FC241020	1080.000000	0
5049	26503	0	7	FC240599	6210.000000	0
5050	27277	0	7	FC240773	4560.000000	0
5051	27276	0	7	FC240772	2280.000000	0
5052	23611	0	7	FC231492	22965.000000	0
5053	22943	0	7	FC231341	11380.000000	0
5057	24985	0	7	FC240270	1797.600000	0
5058	24985	0	7	FC240270	2.400000	0
5059	25491	0	7	FC240372	72000.000000	0
5060	25282	0	7	FC240323	6300.000000	0
5060	26589	0	7	FC240622	570300.000000	0
5063	28331	0	7	FC241032	7132.800000	0
4562	28380	0	7	FAV24001	-3300.000000	0
4562	24231	0	7	FC240100	3300.000000	0
5064	23031	0	7	FC231366	17400.000000	0
5064	23179	0	7	FC231389	1500.000000	0
5064	23511	0	7	FC231468	1200.000000	0
5064	24337	0	7	FC240121	14850.000000	0
5065	23430	0	7	FC231448	8300.000000	0
5066	25134	0	7	FC240300	6000.000000	0
5066	25135	0	7	FC240301	6600.000000	0
5067	25558	0	7	FC240386	27700.000000	0
5067	25628	0	7	FC240397	16760.000000	0
5068	26314	0	7	FC240551	48000.000000	0
5069	28412	0	7	FC241051	1360.000000	0
5070	28405	0	7	FC241050	4320.000000	0
5071	28327	0	7	FC241030	540.000000	0
5072	28421	0	7	FC241053	850.000000	0
5073	28110	0	7	FC240990	480.000000	0
5074	28147	0	7	FC240997	680.000000	0
5075	28157	0	7	FC241001	780.000000	0
5076	28097	0	7	FC240986	1280.000000	0
5077	28106	0	7	FC240989	1080.000000	0
5078	28093	0	7	FC240985	5160.000000	0
5079	28361	0	7	FC241040	3400.000000	0
5080	28174	0	7	FC241004	240.000000	0
5082	22944	0	7	FC231342	19380.080000	0
5082	23620	0	7	FC231501	11555.880000	0
5083	23620	0	7	FC231501	312.000000	0
5084	28489	0	7	FC241069	384.000000	0
5085	26122	0	7	FC240503	4662.180000	0
5086	27268	0	7	FC240768	912.000000	0
5087	27599	0	7	FC240863	72000.000000	0
5088	23407	0	6	FC231443	3066.000000	0
5088	23408	0	6	FC231204	31866.000000	0
5089	27721	0	7	FC240897	1120.000000	0
5090	27922	0	7	FC240950	280.000000	0
5090	28371	0	7	FC241044	1470.000000	0
5091	28024	0	7	FC240971	897.000000	0
5092	28485	0	7	FC241068	1200.000000	0
5093	27773	0	7	FC240912	340.000000	0
5094	27909	0	7	FC240944	900.000000	0
5094	27858	0	7	FC240937	540.000000	0
5095	28063	0	7	FC240978	2280.020000	0
5096	28214	0	7	FC241010	6400.000000	0
5097	28185	0	7	FC241006	7680.000000	0
5099	27687	0	7	FC240889	5410.000000	0
5100	27098	0	7	FC240732	799.980000	0
5100	27448	0	7	FC240813	2359.960000	0
5100	27708	0	7	FR240016	-1600.000000	0
5101	26472	0	7	FC240595	4730.000000	0
5102	27678	0	7	FC240882	11808.000000	0
5102	27680	0	7	FC240883	13170.000000	0
5103	23809	0	7	FC240021	1900.000000	0
5103	25658	0	7	FC240401	380.000000	0
5103	26310	0	7	FC240549	1900.000000	0
5104	27016	0	7	FC240714	3229.800000	0
5105	27323	0	7	FC240789	6091.200000	0
5106	28349	0	7	FR240023	-240.000000	0
5106	28604	0	7	FC241098	2480.000000	0
5107	27354	0	7	FC240793	96495.000000	0
5108	27354	0	7	FC240793	8505.000000	0
5109	27013	0	7	FC240711	7884.600000	0
5110	28639	0	7	FC241109	3000.000000	0
5111	28232	0	7	FC240559	61320.000000	0
5112	27213	0	7	FC240753	10800.000000	0
5112	27260	0	7	FC240764	16200.000000	0
5113	28670	0	7	FC241118	1280.000000	0
5114	27040	0	7	FC240720	2400.000000	0
5114	27074	0	7	FC240727	1550.000000	0
5114	27271	0	7	FC240769	70.000000	0
5114	27390	0	7	FC240801	6000.000000	0
5114	27528	0	7	FC240835	9881.000000	0
5116	28036	0	7	FC240974	10680.000000	0
5117	27598	0	7	FC240862	105000.000000	0
5119	28037	0	7	FC240975	135216.000000	0
5120	26397	0	7	FC240582	154459.200000	0
5121	27091	0	7	FC240731	1500.000000	0
5121	27171	0	7	FC240746	15600.000000	0
5121	27281	0	7	FC240775	23550.000000	0
5121	27557	0	7	FC240843	360.000000	0
5122	28030	0	7	FC240973	300289.600000	0
5123	28030	0	7	FC240973	0.080000	0
5124	24086	0	7	FC240071	4005.000000	0
5124	24755	0	7	FC240218	1200.000000	0
5124	26504	0	7	FC240600	4880.000000	0
5124	27012	0	7	FC240710	6516.000000	0
5124	27588	0	7	FC240853	1510.000000	0
5125	27840	0	7	FC240931	1350.000000	0
5126	28622	0	7	FC241106	3780.000000	0
5128	28766	0	7	FC241134	2550.000000	0
5127	28773	0	7	FC241136	20000.000000	0
5129	27288	0	7	FC240777	56310.000000	0
5129	27290	0	7	FC240778	183624.000000	0
5129	27291	0	7	FC240779	47910.000000	0
5130	27418	0	7	FC240808	26400.000000	0
5131	28760	0	7	FC241133	1360.000000	0
5132	28432	0	7	FC241057	1200.000000	0
5133	28430	0	7	FC241056	5383.000000	0
5134	28395	0	7	FC241049	680.000000	0
5135	28506	0	7	FC241074	2040.000000	0
5136	28353	0	7	FC241037	1505.000000	0
5137	28672	0	7	FC241119	6000.000000	0
5138	28503	0	7	FC241073	2720.000000	0
5140	28315	0	7	FC241027	1360.000000	0
5139	28527	0	7	FC241078	4760.000000	0
5141	28525	0	7	FC241077	27000.000000	0
5142	28523	0	7	FC241076	2040.000000	0
5143	28449	0	7	FC241063	1408.000000	0
5144	28354	0	7	FC241038	1300.000000	0
5145	28618	0	7	FC241104	27000.000000	0
5146	28907	0	7	FC241172	3000.000000	0
5147	28805	0	7	FC241143	56900.000000	0
5148	28896	0	7	FC241168	1285.000000	0
4858	27320	0	7	FC240788	180.000000	0
5150	27712	0	7	FR240018	-540.000000	0
5150	28752	0	7	FC241132	2400.000000	0
5151	2224	0	7	FC200639	12675.000000	0
5152	28894	0	7	FC241167	12000.000000	0
5153	27688	0	7	FC240890	10780.000000	0
5154	28970	0	7	FC241185	3100.000000	0
5155	26684	0	7	FC240643	840.000000	0
5156	28947	0	7	FC241181	1018.080000	0
5157	28996	0	7	FC241189	1250.000000	0
5158	29033	0	7	FC241204	96.000000	0
5159	29034	0	7	FC241205	150.000000	0
5160	24035	0	7	FC240000	213540.000000	0
5161	26718	0	7	FC240650	3000.000000	0
5162	24036	0	7	FC240001	261000.000000	0
5163	25335	0	7	FC240341	18080.080000	0
5164	27633	0	7	FC240873	53920.000000	0
5164	28373	0	7	FC241046	221860.000000	0
5165	29062	0	7	FC241211	3000.000000	0
5166	29047	0	7	FC241209	5400.000000	0
5167	27593	0	7	FC240858	2400.000000	0
5168	3492	0	7	FC201041	198.500000	0
5168	6257	0	7	FC210582	546.000000	0
5168	6347	0	7	FR210013	-90.000000	0
5169	1377	0	7	FC200374	250.000000	0
5170	794	0	7	FC200207	180.000000	0
5171	2319	0	7	FC200670	1450.000000	0
5172	29128	1	17	FA2403119	7826.400000	0
5173	29127	1	17	2024337	4999.920000	0
5174	28904	0	7	FC241171	1200.000000	0
5174	28946	0	7	FC241180	10800.000000	0
5175	29089	0	7	FC241217	242.000000	0
5176	25285	0	7	FC240326	2475000.000000	0
5176	25286	0	7	FC240327	59660.000000	0
5176	26777	0	7	FC240666	90650.000000	0
5177	29020	0	7	FC241200	528.000000	0
5178	27011	0	7	FC240709	4500.000000	0
5178	27587	0	7	FC240852	2600.000000	0
5179	28837	0	7	FC241147	2700.000000	0
5180	28206	0	7	FC241008	2560.080000	0
5181	29163	0	7	FC241240	2340.000000	0
5182	29114	0	7	FC241223	1500.000000	0
5183	29159	0	7	FC241238	1040.000000	0
5184	29057	0	7	FC241210	120.000000	0
5185	29108	0	7	FC241220	520.000000	0
5186	29216	0	7	FC241251	1250.000000	0
5187	29157	0	7	FC241237	3000.000000	0
5188	28643	0	7	FC241113	44000.000000	0
5189	28065	0	7	FC240979	4000.000000	0
5190	29008	0	7	FC241194	640.000000	0
5191	28998	0	7	FC241190	1580.000000	0
5192	28769	0	7	FC241135	1680.000000	0
5193	28640	0	7	FC241110	27000.000000	0
5194	28773	0	7	FC241136	20500.000000	0
5195	28641	0	7	FC241111	32400.000000	0
5196	28676	0	7	FC241112	50000.000000	0
5197	28801	0	7	FC241139	34680.000000	0
5198	28803	0	7	FC241141	3900.000000	0
5199	28872	0	7	FC241153	3380.000000	0
5200	28960	0	7	FC241182	3900.000000	0
5201	28676	0	7	FC241112	58000.000000	0
5202	28962	0	7	FC241184	6120.000000	0
5203	28920	0	7	FC241174	3500.020000	0
5204	28643	0	7	FC241113	44000.000000	0
5205	28979	0	7	FC241186	8100.000000	0
5206	28643	0	7	FC241113	44500.000000	0
5207	28961	0	7	FC241183	3200.000000	0
5208	29228	0	7	FC241253	780.000000	0
5209	29139	0	7	FC241232	27000.000000	0
5210	27154	0	7	FC240742	1200.000000	0
5210	27488	0	7	FC240826	760.000000	0
5211	29205	0	7	FC241249	750.000000	0
5212	29277	0	7	FC241266	1040.000000	0
5213	27230	0	7	FC240757	4075.000000	0
5214	27589	0	7	FC240854	19143.720000	0
5215	23772	0	7	FC240016	7799.960000	0
5215	23993	0	7	FC240063	442.000000	0
5215	24201	0	7	FC240087	2250.000000	0
5215	25679	0	7	FC240406	133800.000000	0
5215	25680	0	7	FC240407	27900.000000	0
5215	26099	0	7	FC240497	2880.000000	0
5215	27153	0	7	FC240741	210000.000000	0
5215	27768	0	7	FC240911	21000.000000	0
5215	28154	0	7	FC241000	4098.000000	0
5216	28194	1	16	FA20230375	21600.000000	0
5216	28196	1	17	FA20240011	13440.000000	0
5216	28195	1	17	FA20240003	780.000000	0
5216	28198	1	17	FA20240084	3960.000000	0
5216	28199	1	17	FA20240083	22500.000000	0
5216	28197	1	17	FA20240081	3024.000000	0
5216	28210	1	17	FA20240159	8040.000000	0
5218	28248	1	17	FA20240318	56160.000000	0
5219	28849	0	7	FC241152	1164.480000	0
5220	29260	0	7	FC241263	18000.000000	0
5221	29260	0	7	FC241263	17520.000000	0
5222	28424	0	7	FC241054	10140.000000	0
5223	29342	0	7	FC241283	280.000000	0
5224	29354	0	7	FC241286	720.000000	0
5225	28570	0	7	FC241092	288000.000000	0
5226	29276	0	7	FC241265	108.000000	0
5227	29258	0	7	FC241262	1059.100000	0
5228	23750	0	7	FC240013	2154.000000	0
5229	29375	1	17	M2311472	2844.540000	0
5229	29376	1	17	M2312427	1887.560000	0
5229	29377	1	17	M2401496	4618.270000	0
5229	29378	1	17	M2402422	5867.230000	0
5229	29379	1	17	M2403471	6668.590000	0
5230	29380	1	17	02822024	3960.000000	0
5231	29389	1	17	FA2404096	7765.200000	0
5232	29395	1	17	90017276	7680.000000	0
5233	25785	0	7	FC240429	16200.000000	0
4815	27122	1	17	F245818	1164.100000	0
5234	27122	1	17	F245818	6354.620000	0
5234	29396	1	17	F246268	1533.000000	0
5234	29397	1	17	F246694	758.380000	0
5234	29398	1	17	F247327	2888.160000	0
5235	29394	0	7	FC241295	3920.000000	0
5236	27921	0	7	FC240949	6400.000000	0
5237	28460	0	7	FC241065	2040.000000	0
5238	29072	0	7	FC241214	4660.000000	0
5239	29040	0	7	FC241206	6000.000000	0
5240	29023	0	7	FC241201	9400.000000	0
5241	29076	0	7	FC241216	3400.000000	0
5242	27275	0	7	FC240771	1300.000000	0
5243	27689	0	7	FC240891	10015.000000	0
5244	27262	0	7	FC240765	1500.000000	0
5245	29131	0	7	FC241228	2870.000000	0
5246	25490	0	7	FC240371	21600.000000	0
5247	25398	0	7	FC240354	157620.000000	0
5248	27407	0	7	FC240806	7536.000000	0
5249	29478	0	7	FC241317	4080.000000	0
5250	29504	0	7	FC241324	2040.000000	0
5251	29406	0	7	FC241297	7640.000000	0
5258	29462	0	7	FC241312	21600.000000	0
5259	29462	0	7	FC241312	21600.000000	0
5260	28167	0	7	FC241003	15000.000000	0
5261	29475	0	7	FC241315	672.000000	0
5262	29528	0	7	FC241327	3840.000000	0
5263	29485	0	7	FC241319	3750.000000	0
5263	29492	0	7	FC241321	400.000000	0
5264	27920	0	7	FC240948	11920.000000	0
5264	28369	0	7	FC241042	22700.000000	0
5264	29134	0	7	FC241231	3820.000000	0
5265	29027	0	7	FC241202	270.000000	0
5266	27180	0	7	FC240748	840.000000	0
5267	29551	0	7	FC241332	300.000000	0
5268	29368	0	7	FC241289	208.000000	0
5269	27876	0	7	FC240940	18472.000000	0
5270	29014	0	7	FC241197	51075.650000	0
5271	29014	0	7	FC241197	620.350000	0
5272	27796	0	7	FC240920	63835.430000	0
5273	29563	0	7	FC241335	1300.000000	0
5274	28875	0	7	FC241156	3900.000000	0
5275	29162	0	7	FC241239	1680.000000	0
5276	29145	0	7	FC241234	6500.000000	0
5277	29350	0	7	FC241285	2060.000000	0
5278	29322	0	7	FC241278	2213.700000	0
5279	29425	0	7	FC241304	1200.000000	0
5280	29391	0	7	FC241294	3500.000000	0
5281	29275	0	7	FC241264	5020.000000	0
5282	29185	0	7	FC241245	3000.000000	0
5283	29243	0	7	FC241257	4900.000000	0
5284	29241	0	7	FC241256	1920.000000	0
5285	29617	0	7	FC241350	2630.000000	0
5286	29338	0	7	FC241282	12000.000000	0
5287	29316	0	7	FC241275	13500.000000	0
5288	29316	0	7	FC241275	13500.000000	0
5289	29487	0	7	FC241320	717.600000	0
5290	29613	0	7	FC241348	4050.000000	0
5291	28838	0	7	FC241148	3480.000000	0
5293	26824	0	7	FC240678	1500.000000	0
5293	27008	0	7	FC240707	3000.000000	0
5294	27157	0	7	FC240744	10920.000000	0
5294	27300	0	7	FC240782	5600.000000	0
5295	26583	0	7	FC240620	12500.000000	0
5296	26536	0	7	FC240608	6600.000000	0
5297	26737	0	7	FC240655	11750.000000	0
5298	26232	0	7	FC240529	2500.000000	0
5299	26742	0	7	FC240657	3690.000000	0
5299	25052	0	7	FC240282	6050.000000	0
5299	26681	0	7	FC240642	2700.000000	0
5299	26894	0	7	FC240682	2650.000000	0
5300	27163	0	7	FC240745	1260.000000	0
5300	27353	0	7	FC240792	1400.000000	0
5300	27533	0	7	FC240837	13984.600000	0
5301	27460	0	7	FC240815	2241.200000	0
5301	27613	0	7	FC240867	1360.000000	0
5301	27753	0	7	FC240906	1747.200000	0
5302	27219	0	7	FC240754	990.000000	0
5302	27313	0	7	FC240786	2040.000000	0
5302	27466	0	7	FC240818	4322.000000	0
5302	27479	0	7	FC240820	2700.000000	0
5303	26988	0	7	FC240704	6840.000000	0
5304	27464	0	7	FC240817	10373.600000	0
5304	27131	0	7	FC240734	1360.000000	0
5305	26581	0	7	FC240619	137720.000000	0
5305	26651	0	7	FC240635	1360.000000	0
5305	26914	0	7	FC240688	2720.000000	0
5305	27071	0	7	FC240726	2720.000000	0
5305	27195	0	7	FC240750	1360.000000	0
5306	25410	0	7	FC240356	3653.100000	0
5306	25632	0	7	FC240399	2720.000000	0
5306	25683	0	7	FC240408	550.000000	0
5306	25826	0	7	FC240438	1119.720000	0
5307	29706	0	7	FC241372	1250.000000	0
5308	29716	0	7	FC241374	4160.000000	0
5309	29716	0	7	FC241374	4000.000000	0
5310	29685	0	7	FC241367	1400.000000	0
5311	29669	0	7	FC241362	70.000000	0
5312	26327	0	7	FC240558	14400.000000	0
5313	27014	0	7	FC240712	40000.000000	0
5314	24479	0	7	FC240151	176054.400000	0
5315	26379	0	7	FC240577	102248.400000	0
5316	26378	0	7	FC240576	373443.600000	0
5317	24480	0	7	FC240152	29910.000000	0
5318	26368	0	7	FC240571	224316.000000	0
5319	26369	0	7	FC240572	19824.000000	0
5320	26370	0	7	FC240573	5016.000000	0
5321	26371	0	7	FC240574	5016.000000	0
5322	26795	0	7	FC240673	87900.000000	0
5323	24482	0	7	FC240154	84600.000000	0
5324	26696	0	7	FC240644	2319.800000	0
5324	26899	0	7	FC240684	4005.000000	0
5325	29625	0	7	FC241353	3000.000000	0
5326	29320	0	7	FC241277	7000.000000	0
5327	29769	0	7	FC241390	3616.480000	0
5328	29752	0	7	FC241383	5308.000000	0
5329	29633	0	7	FC241354	27000.000000	0
5330	29789	0	7	FC241400	3252.000000	0
5332	29797	0	7	FC241403	6120.000000	0
5333	27663	0	7	FC240878	7680.000000	0
5333	28391	0	7	FC241048	6144.000000	0
5333	28468	0	7	FC241066	2750.000000	0
5333	28775	0	7	FC241137	6000.000000	0
5334	29480	0	7	FC241318	5383.000000	0
5335	29477	0	7	FC241316	27000.000000	0
5336	29851	0	7	FC241415	750.000000	0
5337	29801	0	7	FC241404	1350.000000	0
5331	27017	0	7	FC240715	3400.000000	0
5331	27591	0	7	FC240856	15217.800000	0
5331	27918	0	7	FC240946	5640.000000	0
5331	28372	0	7	FC241045	6360.000000	0
5338	29494	0	7	FC241322	4440.000000	0
5339	28874	0	7	FC241155	1300.000000	0
5340	29554	0	7	FC241333	800.000000	0
5341	29569	0	7	FC241337	1560.000000	0
5342	29545	0	7	FC241331	1360.000000	0
5343	29000	0	7	FC241191	600.000000	0
5344	28007	0	7	FR240020	-183.000000	0
5344	27919	0	7	FC240947	11564.040000	0
5345	29739	0	7	FC241380	432.000000	0
5346	29934	1	17	202401100	358.240000	0
5347	29935	1	17	F20241052	9720.000000	0
5348	29937	1	17	90017617	2640.000000	0
5349	29938	1	16	F248700	6306.550000	0
5350	29940	1	17	240187	10310.400000	0
5351	29943	1	17	FA2405031	6804.000000	0
5352	29945	1	17	FA2410077	30960.000000	0
5353	29948	1	17	F241678	600.000000	0
5354	29949	1	17	M2407476	74910.650000	0
5354	29950	1	17	M2406335	5801.780000	0
5354	29951	1	17	M2405490	9276.610000	0
5354	29952	1	17	M2404393	32505.460000	0
5229	29952	1	17	M2404393	17343.310000	0
5355	29952	1	17	M2404393	4744.380000	0
5356	29955	1	17	M2410531	56503.850000	0
5356	29953	1	17	M2409406	10823.350000	0
5356	29954	1	17	M2408523	20286.140000	0
5356	29952	1	17	M2404393	1189.660000	0
5357	29914	0	7	FC241429	2160.000000	0
5358	27818	0	7	FC240924	1550.000000	0
5359	29848	0	7	FC241413	7680.000000	0
5360	29109	0	7	FC241221	4200.000000	0
5361	29709	0	7	FC241373	1500.000000	0
5361	29830	0	7	FC241409	400.000000	0
5360	29313	0	7	FC241274	900.000000	0
5362	29408	0	7	FC241298	4320.000000	0
5363	29960	0	7	FC241438	3960.000000	0
5365	29838	0	7	FC241411	20000.000000	0
5366	29927	0	7	FC241433	2600.000000	0
5367	28437	0	7	FC241058	3999.000000	0
5367	28887	0	7	FC241163	2879.280000	0
5368	28873	0	7	FC241154	2925.000000	0
5370	26149	0	7	FC240507	52848.000000	0
5370	26150	0	7	FC240508	174000.000000	0
5371	29987	0	7	FC241443	3600.000000	0
5372	30088	1	17	04542024	2100.000000	0
5373	30089	1	17	2024929	310.000000	0
5374	30090	1	17	3052024	52830.960000	0
5375	30091	1	17	FA20240669	12600.000000	0
5376	27964	1	17	FA2410450	36019.200000	0
5376	30097	1	17	FA2410030	316.800000	0
5376	30093	1	17	FA2406188	1920.000000	0
5376	30094	1	17	FA2405405	1920.000000	0
5376	30095	1	17	FA2405561	2112.000000	0
5376	30096	1	17	FA2401937	4199.760000	0
5377	30092	1	17	FA2417789	50792.400000	0
5378	30098	1	17	FA20240002	393360.000000	0
5379	30099	1	17	FC242149	3360.000000	0
5381	30100	1	17	F249972	1802.940000	0
5382	30101	1	16	F250725	1192.800000	0
5383	30101	1	16	F250725	19.440000	0
5384	30102	1	17	3552024	1996.800000	0
5385	30103	1	17	20240276	250.000000	0
5386	30104	1	17	007933	192.500000	0
5387	30105	1	17	0000107	100.000000	0
5388	30112	1	16	2402370	1015.990000	0
5389	30113	1	17	2404208	7294.310000	0
5390	29868	0	7	FC241418	2250.000000	0
5391	29637	0	7	FC241355	680.000000	0
5392	29794	0	7	FC241402	1360.000000	0
5393	29867	0	7	FC241417	680.000000	0
5394	30114	1	17	90017393	3840.000000	0
5395	29825	0	7	FC241408	2080.000000	0
5396	29607	0	7	FC241347	680.000000	0
5397	29603	0	7	FC241346	3570.000000	0
5398	29768	0	7	FC241389	8980.000000	0
5399	29673	0	7	FC241363	1400.000000	0
5400	27568	0	7	FC240846	650.000000	0
5401	29383	0	7	FC241291	760.000000	0
5402	30117	1	17	02512024	4200.000000	0
5403	29870	0	7	FC241419	5700.000000	0
5404	30041	0	7	FC241463	4080.000000	0
5405	29998	0	7	FC241449	432.000000	0
5406	29978	0	7	FC241442	1650.000000	0
5408	30183	1	16	FA2405181	129.980000	0
5413	30190	1	16	FA20240436	1896.960000	0
5414	27930	0	7	FC240953	16746.000000	0
5415	30196	1	17	3562024	998.400000	0
5377	30197	1	16	FA2415084	25200.000000	0
5416	25315	0	7	FC240272	1560.000000	0
5416	25316	0	7	FC240330	98100.000000	0
5417	24993	0	7	FC240271	28339.200000	0
5418	29032	0	7	FC241203	2524.630000	0
5418	30175	0	7	FC241495	3320.000000	0
5419	28840	0	7	FC241150	44100.000000	0
5420	30255	0	7	FC241207	2322336.000000	0
5421	28892	0	7	FC241165	90000.000000	0
5424	30008	0	7	FC241454	1560.000000	0
5425	29969	0	7	FC241440	3020.000000	0
5426	29988	0	7	FC241444	2160.000000	0
5427	30040	0	7	FC241462	1100.000000	0
5428	30025	0	7	FC241459	1500.000000	0
5429	30078	0	7	FC241471	800.000000	0
5430	29991	0	7	FC241447	27000.000000	0
5431	29990	0	7	FC241446	2400.000000	0
5432	29900	0	7	FC241426	2080.000000	0
5433	29838	0	7	FC241411	17000.000000	0
5434	29838	0	7	FC241411	17000.000000	0
5435	29415	0	7	FC241301	47091.600000	0
5412	30253	0	7	FC241208	183600.000000	0
5409	30233	0	7	FC240841	1339800.000000	0
5410	30237	0	7	FC240988	61200.000000	0
5411	30239	0	7	FC240987	688800.000000	0
5252	30243	0	7	FC241085	248400.000000	0
5253	30251	0	7	FC241089	116728.320000	0
5254	30247	0	7	FC241087	320280.000000	0
5255	30249	0	7	FC241088	1220580.000000	0
5257	30245	0	7	FC241086	136800.000000	0
5407	30235	0	7	FC240842	1404.000000	0
5436	30241	0	7	FC241084	295200.000000	0
5437	29414	0	7	FC241300	295200.000000	0
5438	24816	0	7	FC240233	175248.000000	0
5439	28726	0	7	FC241126	34848.000000	0
5364	28839	0	7	FC241149	25920.000000	0
5440	26792	0	7	FC240670	27576.000000	0
5441	28089	0	7	FC240983	180420.000000	0
5442	26793	0	7	FC240671	86520.000000	0
5443	28090	0	7	FC240984	419958.000000	0
5444	26794	0	7	FC240672	84600.000000	0
5445	28087	0	7	FC240982	43200.000000	0
5446	30257	0	7	FC241386	3595200.000000	0
5447	28732	0	7	FC241128	1728.000000	0
5448	29070	0	7	FC241213	2790.000000	0
5450	29787	0	7	FC241399	86400.000000	0
5451	28442	0	7	FC241060	6682.000000	0
5452	29238	0	7	FC241255	189846.000000	0
5453	26050	0	7	FC240483	15552.000000	0
5454	26033	0	7	FC240479	6358.740000	0
5455	26033	0	7	FC240479	258.060000	0
5456	28283	0	7	FC241021	1529.440000	0
5456	28359	0	7	FC241039	800.000000	0
5456	29156	0	7	FC241236	1279.400000	0
5456	29921	0	7	FC241431	1428.960000	0
5457	28012	0	7	FC240970	5076.000000	0
5458	28619	0	7	FC241105	4582.000000	0
5459	28619	0	7	FC241105	0.800000	0
5460	23340	0	7	FC231425	9500.000000	0
5460	23427	0	7	FR230060	-9500.000000	0
5460	25556	0	7	FC240384	11200.000000	0
5460	25557	0	7	FC240385	20428.000000	0
5460	25629	0	7	FC240398	17500.000000	0
5461	27778	0	7	FC240916	696.000000	0
5462	27749	0	7	FC240904	6960.000000	0
5463	27763	0	7	FC240910	2088.000000	0
5464	26118	0	7	FC240501	279371.470000	0
5465	26118	0	7	FC240501	14394.530000	0
5466	25178	0	7	FC240311	9000.000000	0
5466	28492	0	7	FR240026	-9000.000000	0
5466	28077	0	7	FC240981	7560.000000	0
5466	28310	0	7	FC241025	11344.000000	0
5466	28497	0	7	FC241071	9000.000000	0
5466	28534	0	7	FC241081	625.000000	0
5467	28689	0	7	FC241122	15000.000000	0
5468	30064	0	7	FC241468	240.000000	0
5469	30305	1	17	M2411485	1843.460000	0
5470	28370	0	7	FC241043	12215.870000	0
5471	28912	0	7	FC241173	21900.000000	0
5472	26380	0	7	FC240578	66600.000000	0
5473	28309	0	7	FC241024	1159.800000	0
5474	27896	0	7	FC240942	3600.000000	0
5475	30385	0	7	FC250028	27000.000000	0
5476	30288	0	7	FC250002	2080.000000	0
5477	30424	1	17	FC242291	3360.000000	0
5478	30430	1	17	FA20240412	6000.000000	0
5479	9879	1	17	2021443	950.000000	0
5480	29132	0	7	FC241229	52608.000000	0
5480	29774	0	7	FC241394	8560.000000	0
5481	27794	0	7	FC240918	582.400000	0
5481	27844	0	7	FC240933	1360.000000	0
5481	27659	0	7	FC240876	5824.000000	0
5482	27624	0	7	FC240870	6800.000000	0
5482	28153	0	7	FC240999	16320.000000	0
5483	27793	0	7	FC240917	1143.000000	0
5483	27701	0	7	FC240895	10280.600000	0
5484	28565	0	7	FC241090	2720.000000	0
5484	28183	0	7	FC241005	2720.000000	0
5485	27795	0	7	FC240919	582.400000	0
5485	28006	0	7	FC240969	4514.000000	0
5485	27611	0	7	FC240866	2720.000000	0
5485	27752	0	7	FC240905	6261.200000	0
5486	28903	0	7	FC241170	550.000000	0
5486	29097	0	7	FC241219	2720.000000	0
5486	28440	0	7	FC241059	2720.000000	0
5486	28699	0	7	FC241123	1794.000000	0
5487	27204	0	7	FC240751	1040.000000	0
5487	27532	0	7	FC240836	5382.000000	0
5487	27462	0	7	FC240816	1794.000000	0
5488	27653	0	7	FC240874	4050.000000	0
5488	28343	0	7	FC241035	7800.000000	0
5489	29125	0	7	FC241225	2167.520000	0
5490	28334	0	7	FC241033	1360.000000	0
5490	28341	0	7	FC241034	1293.600000	0
5491	28513	0	7	FC241075	2380.000000	0
5491	28817	0	7	FC241146	2720.000000	0
5491	28921	0	7	FC241175	3080.000000	0
5492	28578	0	7	FC241093	8010.000000	0
5493	28366	0	7	FC241041	5800.000000	0
5494	27804	0	7	FC240922	582.400000	0
5495	28425	0	7	FC241055	9080.000000	0
5495	28530	0	7	FC241079	2040.000000	0
5495	28790	0	7	FC241138	6220.000000	0
5496	28040	0	7	FC240976	8320.000000	0
5497	27537	0	7	FC240838	3584.400000	0
5497	27669	0	7	FC240881	15282.000000	0
5497	27815	0	7	FC240923	1143.000000	0
5498	27344	0	7	FC240791	30000.000000	0
5499	28750	0	7	FC241131	1300.000000	0
5500	27932	0	7	FC240954	8970.000000	0
5500	27958	0	7	FC240959	5040.000000	0
5500	28236	0	7	FC241012	5340.000000	0
5501	28027	0	7	FC240972	570.000000	0
5502	25283	0	7	FC240324	34080.000000	0
5503	29775	0	7	FC241395	7275.000000	0
5504	29318	0	7	FC241276	5278.680000	0
5505	30167	0	7	FC241384	3528.000000	0
5506	28249	0	7	FC241017	5040.000000	0
5507	29791	0	7	FC241401	1920.000000	0
5508	29884	0	7	FC241423	275.000000	0
5509	29915	0	7	FC241430	650.000000	0
5510	29989	0	7	FC241445	1360.000000	0
5511	30195	0	7	FC241501	27000.000000	0
5512	30291	0	7	FC250003	9400.000000	0
5513	29130	0	7	FC241227	8340.000000	0
5513	29776	0	7	FC241396	12120.000000	0
5514	30274	0	7	FC241509	2720.000000	0
5515	30463	0	7	FC250047	1140.000000	0
5516	30495	0	7	FC250052	750.000000	0
5517	30390	0	7	FC250031	432.000000	0
5518	30318	0	7	FC250008	360.000000	0
5519	28682	0	7	FC241121	3500.000000	0
5519	29201	0	7	FC241247	3500.000000	0
5519	29431	0	7	FC241305	7000.000000	0
5519	29850	0	7	FC241414	3500.000000	0
5519	29853	0	7	FC241416	3500.000000	0
5520	30506	0	7	FC250053	1544.400000	0
5521	30314	0	7	FC250006	2265.000000	0
5522	30546	0	7	FC250061	6440.000000	0
5523	30533	0	7	FC250059	6000.000000	0
5524	28902	0	7	FC241169	5200.000000	0
5524	29622	0	7	FC241351	7800.000000	0
5525	27662	0	7	FC240877	5200.000000	0
5526	27035	0	7	FC240719	420.000000	0
5526	29307	0	7	FC241272	420.000000	0
5527	28936	0	7	FC241177	2750.000000	0
5528	27724	0	7	FC240898	1720.000000	0
5529	29786	0	7	FC241398	450.000000	0
5529	30148	0	7	FC241491	8160.000000	0
5529	30644	0	7	FC250086	1040.000000	0
5530	30133	0	7	FC241484	1370.000000	0
5531	30133	0	7	FC241484	1.980000	0
5532	30626	0	7	FC250083	7765.000000	0
5533	30456	0	7	FC250046	2550.000000	0
5534	30665	0	7	FC250093	2400.000000	0
5535	30386	0	7	FC250029	1080.000000	0
5536	30379	0	7	FC250024	27000.000000	0
5537	30711	0	7	FC250107	5250.000000	0
5538	29763	0	7	FC241387	640.000000	0
5538	30160	0	7	FC241494	360.000000	0
5538	30336	0	7	FC250014	360.000000	0
5539	30315	0	7	FC250007	700.000000	0
5539	30669	0	7	FC250095	18000.000000	0
5539	30700	0	7	FC250105	256.000000	0
5540	30383	0	7	FC250027	7220.000000	0
5541	30449	0	7	FC250041	7920.000000	0
5542	29404	0	7	FC241296	7680.000000	0
5543	30378	0	7	FC250023	2700.000000	0
5544	30397	0	7	FC250032	54000.000000	0
5545	30326	0	7	FC250012	1750.000000	0
5546	30490	0	7	FC250051	800.000000	0
5547	30452	0	7	FC250043	27000.000000	0
5548	30192	0	7	FC241499	680.000000	0
5549	29845	0	7	FC241412	2399.400000	0
5550	30799	0	7	FC250129	780.000000	0
5553	30800	0	7	FC250130	6000.000000	0
5554	30771	0	7	FC250124	29400.000000	0
5556	30767	0	7	FC250123	10500.000000	0
5557	27578	0	7	FC240848	5250.000000	0
5558	28614	0	7	FC241102	4290.000000	0
5559	28238	0	7	FC241013	4800.000000	0
5560	28638	0	7	FC241108	21000.000000	0
5561	28418	0	7	FC241052	9000.000000	0
5562	28548	0	7	FC241082	1137.000000	0
5562	28878	0	7	FC241159	1670.000000	0
5562	29074	0	7	FC241215	3301.000000	0
5563	29090	0	7	FC241218	6800.000000	0
5564	29565	0	7	FC241336	1376.000000	0
5564	29018	0	7	FC241199	5718.800000	0
5564	29336	0	7	FC241281	5382.000000	0
5565	29543	0	7	FC241330	600.000000	0
5565	29737	0	7	FC241379	1360.000000	0
5565	29524	0	7	FC241326	3154.000000	0
5565	29256	0	7	FC241260	1794.000000	0
5565	29365	0	7	FC241287	2720.000000	0
5566	30420	0	7	FC250037	2400.000000	0
5567	29237	0	7	FC241254	1350.000000	0
5568	29446	0	7	FC241308	2700.000000	0
5568	29594	0	7	FC241343	6000.000000	0
5569	27580	0	7	FC240849	9999.600000	0
5569	28138	0	7	FC240996	1120.400000	0
5570	25624	0	7	FC240396	4490.000000	0
5570	26436	0	7	FC240589	1725.000000	0
5570	27137	0	7	FC240736	2250.000000	0
5571	30532	0	7	FC250058	2825.000000	0
5572	30637	0	7	FC250085	18480.000000	0
5573	30685	0	7	FC250100	1520.000000	0
5574	30755	0	7	FC250116	1750.000000	0
5423	30015	0	7	FC241455	2880.000000	0
5575	30683	0	7	FC250098	4500.000000	0
5576	30739	0	7	FC250114	44000.000000	0
5577	30653	0	7	FC250091	6000.000000	0
5578	30739	0	7	FC250114	44000.000000	0
5579	30739	0	7	FC250114	44500.000000	0
5580	30387	0	7	FC250030	12430.000000	0
5581	30592	0	7	FC250074	4135.000000	0
5582	30692	0	7	FC250102	2700.000000	0
5583	30921	0	7	FC250165	1440.000000	0
5584	28003	0	7	FC240968	12273.000000	0
5585	30937	0	7	FC250168	1250.000000	0
5586	30917	0	7	FC250164	12000.000000	0
5587	30872	0	7	FC250148	6000.000000	0
5588	30837	0	7	FC250137	19500.000000	0
5590	30353	0	7	FC250019	10150.000000	0
5591	31008	0	7	FC250183	2700.000000	0
5592	29942	0	7	FC241435	15000.000000	0
5593	29133	0	7	FC241230	19101.400000	0
5593	29773	0	7	FC241393	17885.500000	0
5594	29719	0	7	FC241375	700.000000	0
5595	31029	0	7	FC250187	4079.980000	0
5596	31029	0	7	FC250187	0.020000	0
5597	31039	0	7	FC250189	5760.000000	0
5598	30470	0	7	FR250000	-19440.000000	0
5598	30313	0	7	FC250005	19440.000000	0
5598	28651	0	7	FC241114	18000.000000	0
5598	28653	0	7	FC241115	5640.000000	0
5598	28655	0	7	FC241116	900.000000	0
5598	28813	0	7	FC241144	19440.000000	0
5598	28994	0	7	FC241188	6840.000000	0
5598	29206	0	7	FC241250	12056.000000	0
5598	29366	0	7	FC241288	1800.000000	0
5598	29455	0	7	FC241310	3600.000000	0
5598	29501	0	7	FC241323	11340.000000	0
5599	28567	0	7	FC241091	3000.000000	0
5599	28938	0	7	FC241179	2235.000000	0
5600	30004	0	7	FC241453	47640.000000	0
5601	30854	0	7	FC250144	690.000000	0
5602	30855	0	7	FC250145	690.000000	0
5603	30273	0	7	FC241508	10465.000000	0
5604	27014	0	7	FC240712	40000.000000	0
5605	31135	0	7	FC250216	1300.000000	0
5606	30356	0	7	FC250020	4992.000000	0
5607	29679	0	7	FC241364	1625.000000	0
5607	30116	0	7	FC241481	5750.000000	0
5608	29878	0	7	FC241421	595.000000	0
5609	31095	0	7	FC250206	200.000000	0
5610	31076	0	7	FC250201	690.000000	0
5611	31024	0	7	FC250185	432.000000	0
5612	31169	0	7	FC250228	5400.000000	0
5613	30930	0	7	FC250166	8240.000000	0
5614	30940	0	7	FC250169	10766.000000	0
5615	29882	0	7	FC241422	1090.000000	0
5616	30688	0	7	FC250101	27000.000000	0
5617	28816	0	7	FC241145	23700.000000	0
5617	29294	0	7	FC241268	19440.000000	0
5618	29537	0	7	FC241329	18000.000000	0
5619	29588	0	7	FC241341	2200.000000	0
5619	29590	0	7	FC241342	1440.000000	0
5619	29623	0	7	FC241352	5850.000000	0
5620	28498	0	7	FC241072	4200.000000	0
5620	29224	0	7	FC241252	2600.000000	0
5620	29734	0	7	FC241378	1600.000000	0
5620	29835	0	7	FC241410	1555.000000	0
5620	30026	0	7	FC241460	2600.000000	0
5621	31146	0	7	FC250222	3600.000000	0
5622	31243	0	7	FC250248	4800.000000	0
5623	29726	0	7	FC241376	2700.000000	0
5623	30720	0	7	FC250110	3600.000000	0
5623	31255	0	7	FC250251	1400.000000	0
5625	31292	0	7	FC250259	1350.000000	0
5626	30682	0	7	FC250097	2800.000000	0
5627	30662	0	7	FC250092	2400.000000	0
5628	31079	0	7	FC250202	2600.000000	0
5629	31003	0	7	FC250181	11440.200000	0
5630	30979	0	7	FC250177	4427.400000	0
5631	31044	0	7	FC250190	2250.000000	0
5632	30325	0	7	FC250011	2559.360000	0
5633	31259	0	7	FC250252	2400.000000	0
5634	28284	0	7	FC241022	8400.000000	0
5635	31354	0	7	FC250273	2400.000000	0
5636	31390	0	7	FC250288	240.000000	0
5637	31389	0	7	FC250287	9000.000000	0
5638	30455	0	7	FC250045	45000.000000	0
5639	31415	0	7	FC250294	394.560000	0
5640	30298	0	7	FC250004	3000.000000	0
5640	30551	0	7	FC250062	540.000000	0
5641	30858	0	7	FC250146	18000.000000	0
5642	31378	0	7	FC250283	2400.000000	0
5643	31339	0	7	FC250269	1500.000000	0
5644	30080	0	7	FC241473	172766.400000	0
5645	30084	0	7	FC241475	221316.000000	0
5646	30085	0	7	FC241476	442956.000000	0
5647	30072	0	7	FC241469	84882.960000	0
5648	30351	0	7	FC250017	4170.000000	0
5649	30574	0	7	FC250069	350.000000	0
5649	30864	0	7	FC250147	500.000000	0
5649	31381	0	7	FC250285	2044.000000	0
5650	31176	0	7	FC250230	3100.000000	0
5651	31129	0	7	FC250214	3750.000000	0
5652	31086	0	7	FC250204	1200.000000	0
5653	30954	0	7	FC250173	2250.000000	0
5654	31130	0	7	FC250215	1280.000000	0
5655	27777	0	7	FC240915	31936.020000	0
5655	26423	0	7	FC240587	68.000000	0
5655	27783	0	7	FR240019	-68.000000	0
5655	27775	0	7	FC240913	18900.000000	0
5655	27776	0	7	FC240914	2582.200000	0
5656	31223	0	7	FC250240	1665.000000	0
5657	31279	0	7	FC250256	400.000000	0
5658	31104	0	7	FC250208	10600.000000	0
5659	28260	0	7	FC241019	865.000000	0
5659	28741	0	7	FC241129	7124.000000	0
5659	29556	0	7	FR240028	-2643.990000	0
5660	30055	0	7	FC241464	560.000000	0
5661	27755	0	7	FC240907	21026.000000	0
5661	28477	0	7	FR240025	-12056.000000	0
5661	29583	0	7	FC241339	8100.000000	0
5661	29765	0	7	FC241388	7200.000000	0
5661	29823	0	7	FC241406	200.000000	0
5661	29824	0	7	FC241407	3840.000000	0
5661	29993	0	7	FC241448	18000.000000	0
5661	30154	0	7	FC241493	2880.000000	0
5662	30412	0	7	FC250035	6970.000000	0
5663	30134	0	7	FC241485	25920.000000	0
5664	30895	0	7	FC250157	3400.000000	0
5665	30781	0	7	FC250127	3500.000000	0
5665	31379	0	7	FC250284	3500.000000	0
5666	30621	1	17	F250832	1875.720000	0
5667	24512	1	17	F237363	0.280000	0
5668	31553	1	17	1250050	209.990000	0
5669	7836	1	17	1210492	0.010000	0
5670	31550	0	7	FC250331	21000.000000	0
5671	29334	0	7	FC241280	780.000000	0
5671	29470	0	7	FC241313	1040.000000	0
5672	28607	0	7	FC241099	4800.000000	0
5672	28980	0	7	FC241187	1000.000000	0
5673	31572	0	7	FC250333	1200.000000	0
5674	29280	0	7	FC241267	3600.000000	0
5674	29442	0	7	FC241307	6000.000000	0
5674	29689	0	7	FC241368	960.000000	0
5675	27014	0	7	FC240712	10897.450000	0
5675	27497	0	7	FC240828	4000.000000	0
5675	27538	0	7	FC240839	1400.000000	0
5675	27592	0	7	FC240857	720.000000	0
5675	27988	0	7	FC240967	1280.000000	0
5675	28297	0	7	FC241023	7000.000000	0
5675	28347	0	7	FR240022	-720.000000	0
5675	28531	0	7	FC241080	2016.900000	0
5675	28626	0	7	FC241107	1400.000000	0
5675	28930	0	7	FC241176	2790.400000	0
5675	29178	0	7	FC241243	2250.000000	0
5675	29248	0	7	FC241259	400.000000	0
5675	29434	0	7	FC241306	2000.000000	0
5675	29558	0	7	FC241334	1200.000000	0
5675	29656	0	7	FC241359	1125.000000	0
5675	29748	0	7	FC241381	1171.200000	0
5675	30079	0	7	FC241472	320.000000	0
5676	31349	0	7	FC250271	1300.000000	0
5677	31590	1	17	FA250000811	5700.000000	0
5678	29668	0	7	FC241361	3000.000000	0
5678	29694	0	7	FC241370	630.000000	0
5679	28712	0	7	FC241124	12600.000000	0
5680	26935	0	7	FC240693	1900.000000	0
5680	27015	0	7	FC240713	3400.000000	0
5680	27474	0	7	FC240819	2280.000000	0
5680	29171	0	7	FC241241	975.000000	0
5680	29473	0	7	FC241314	760.000000	0
5681	29877	0	7	FC241420	595.000000	0
5681	31111	0	7	FR250004	-595.000000	0
5681	31114	0	7	FC250209	595.000000	0
5682	30060	0	7	FC241467	90432.000000	0
5683	30059	0	7	FC241466	26148.000000	0
5684	30086	0	7	FC241477	723480.000000	0
5685	30087	0	7	FC241478	991200.000000	0
5686	30081	0	7	FC241474	177847.680000	0
5687	30140	0	7	FC241488	105000.000000	0
5688	29257	0	7	FC241261	1600.800000	0
5689	31611	0	7	FC250339	2400.000000	0
5690	31475	0	7	FC250313	550.000000	0
5691	31419	0	7	FC250295	2400.000000	0
5692	26084	0	7	FC240491	122400.000000	0
5694	30845	0	7	FC250142	9600.000000	0
5695	30723	0	7	FC250111	60000.000000	0
5697	29246	0	7	FC241258	5760.000000	0
5698	30696	0	7	FC250104	5400.000000	0
5699	30272	0	7	FC241507	14342.900000	0
5700	31675	0	7	FC250357	2000.000000	0
5701	27917	0	7	FC240945	12406.000000	0
5701	29004	0	7	FC241192	34246.920000	0
5701	30002	0	7	FC241451	104320.000000	0
5701	30003	0	7	FC241452	9450.000000	0
5701	30275	0	7	FC241510	14600.000000	0
5703	30734	0	7	FC250112	4875.000000	0
5704	28889	0	7	FC241164	10200.000000	0
5704	29016	0	7	FC241198	5000.000000	0
5705	29385	0	7	FC241292	3199.200000	0
5705	29616	0	7	FC241349	4089.600000	0
5706	30840	0	7	FC250138	3500.000000	0
5707	27545	0	7	FC240807	10889.010000	0
5708	27380	0	7	FC240799	1500.000000	0
5708	27398	0	7	FC240802	1625.000000	0
5709	29905	0	7	FC241427	1200.000000	0
5709	30077	0	7	FC241470	475.000000	0
5711	28841	0	7	FC241151	2700.000000	0
5712	30524	0	7	FC250056	25182.000000	0
5713	31919	0	7	FC250413	2520.000000	0
5292	29772	0	7	FC241392	5646.650000	0
5710	29772	0	7	FC241392	10053.350000	0
5714	31557	1	17	FA2500637	6530.400000	0
5715	31594	1	17	FA20250103	790.560000	0
5716	31595	1	17	VFE2500004021	1279.920000	0
5717	30324	0	7	FC250010	8400.000000	0
5717	30488	0	7	FC250050	358.800000	0
5717	30594	0	7	FC250075	5260.000000	0
5718	31164	0	7	FC250225	1600.000000	0
5718	31559	0	7	FR250006	-800.000000	0
5719	30816	0	7	FC250134	2400.000000	0
5720	31801	0	7	FC250379	3480.000000	0
5721	30885	0	7	FC250156	9120.000000	0
5721	31166	0	7	FC250227	23080.000000	0
5721	31525	0	7	FC250327	960.000000	0
5722	7773	0	7	FC210923	4000.000000	0
5722	8152	0	7	FC210988	4239.960000	0
5722	8618	0	7	FC211072	4239.960000	0
5722	8845	0	7	FR210021	-3432.500000	0
5722	9089	0	7	FC211171	4440.000000	0
5722	15037	0	7	FC221099	4110.000000	0
5723	31745	0	7	FC240667	1823844.000000	0
5723	31743	0	7	FC240618	456000.000000	0
5724	30427	0	7	FC250038	1806.000000	0
5725	31053	0	7	FC250195	4756.500000	0
5726	30899	0	7	FC250159	6750.000000	0
5726	30903	0	7	FC250160	6750.000000	0
5727	31576	0	7	FC250334	528.000000	0
5728	31199	0	7	FC250233	625.000000	0
5729	31702	0	7	FC250362	2300.000000	0
5730	31668	0	7	FC250354	1178.000000	0
5702	31582	0	7	FC250336	1000.000000	0
5731	31521	0	7	FC250326	2800.000000	0
5732	31516	0	7	FC250324	4700.000000	0
5733	30001	0	7	FC241450	10785.000000	0
5733	30276	0	7	FC241511	20844.000000	0
5734	30057	0	7	FC241465	540.000000	0
5735	29977	0	7	FC241441	6798.000000	0
5736	30446	0	7	FC250040	3480.000000	0
5737	31283	0	6	FC241502	40990.320000	0
5738	31727	0	7	FC240303	168600.000000	0
5738	22303	0	6	FC231205	134611.200000	0
5739	22303	0	6	FC231205	388.800000	0
5740	32134	0	7	FC250468	1560.000000	0
5741	30713	0	7	FC250108	912.000000	0
5742	31070	0	7	FC250200	805.000000	0
5744	31541	0	7	FC250330	1400.000000	0
5745	32095	0	7	FC250457	2870.400000	0
5746	31541	0	7	FC250330	0.040000	0
5747	32030	0	7	FC250442	7500.000000	0
5748	32063	0	7	FC250451	1500.000000	0
5749	32055	0	7	FC250449	1500.000000	0
5750	30860	0	7	FC250084	9600.000000	0
5751	32066	0	7	FC250452	750.000000	0
5752	30615	0	7	FC250080	500.000000	0
5753	31455	0	7	FC250307	1260.000000	0
5754	31400	0	7	FC250290	35100.000000	0
5755	30152	0	7	FC241492	14400.000000	0
5756	30668	0	7	FC250094	2400.000000	0
5756	30780	0	7	FC250126	1215.000000	0
5756	30890	0	7	FR250002	-570.000000	0
5757	31359	0	7	FC250275	30909.600000	0
5758	31359	0	7	FC250275	1490.400000	0
5759	32154	0	7	FC250474	6440.000000	0
5760	32126	0	7	FC250465	1200.000000	0
5761	32235	0	7	FC250494	3600.000000	0
5762	32245	0	7	FC250498	3920.000000	0
5762	32251	0	7	FC250500	1040.000000	0
5763	32190	0	7	FC250479	960.000000	0
5764	31102	0	7	FC250207	18930.000000	0
5765	32124	0	7	FC250463	11520.000000	0
5766	32074	0	7	FC250453	5940.000000	0
5767	30283	0	7	FC250001	400.000000	0
5767	30842	0	7	FC250140	5090.400000	0
5768	31151	0	7	FC250223	640.000000	0
5768	31234	0	7	FC250246	2400.000000	0
5769	32214	0	7	FC250486	7000.000000	0
5769	32248	0	7	FC250499	1400.000000	0
5770	32307	0	7	FC250511	1040.000000	0
5771	30144	0	7	FC241490	30780.000000	0
5772	30773	0	7	FC250125	16270.000000	0
5772	30766	0	7	FC250122	550.000000	0
5772	30764	0	7	FC250121	2750.000000	0
5772	30763	0	7	FC250120	30000.000000	0
5773	32007	0	7	FC250436	5000.000000	0
5774	32057	0	7	FC250450	1700.000000	0
5775	32041	0	7	FC250444	2400.000000	0
5776	31978	0	7	FC250430	3220.000000	0
5777	31963	0	7	FC250427	2400.000000	0
5778	32006	0	7	FC250435	1440.000000	0
5779	31962	0	7	FC250426	1400.000000	0
5780	31828	0	7	FC250384	8125.000000	0
5781	31913	0	7	FC250411	1680.000000	0
5782	31884	0	7	FC250402	2800.000000	0
5783	31943	0	7	FC250419	4420.000000	0
5784	32333	0	7	FC250517	8160.000000	0
5785	32332	0	7	FC250516	4800.000000	0
5786	30877	0	7	FC250153	4100.000000	0
5786	31364	0	7	FC250279	2760.000000	0
5787	31888	0	7	FC250404	185.000000	0
5788	32159	0	7	FC250475	1080.000000	0
5789	32141	0	7	FC250470	80.000000	0
5790	30607	0	7	FC250078	1500.000000	0
5791	32370	0	7	FC250527	528.000000	0
5792	30876	0	7	FC250152	8560.000000	0
5792	31363	0	7	FC250278	3240.000000	0
5793	31268	0	7	FC250253	810.010000	0
5794	31268	0	7	FC250253	0.010000	0
5795	31968	0	7	FC250428	8174.000000	0
5795	32362	0	7	FC250524	950.000000	0
5798	30714	0	7	FC250109	13296.000000	0
5799	28877	0	7	FC241158	7000.000000	0
5800	29175	0	7	FC241242	1400.000000	0
5801	29573	0	7	FC241338	1587.800000	0
5801	28876	0	7	FC241157	4480.000000	0
5802	29417	0	7	FC241302	15000.000000	0
5803	29659	0	7	FC241360	7150.000000	0
5803	29684	0	7	FC241366	3946.200000	0
5804	28138	0	7	FC240996	919.600000	0
5805	29728	0	7	FC241377	6000.000000	0
5806	28747	0	7	FC241130	21700.000000	0
5807	29300	0	7	FC241270	1250.000000	0
5807	29702	0	7	FC241371	179.400000	0
5808	29192	0	7	FC241246	6800.000000	0
5809	28665	0	7	FC241117	5400.000000	0
5809	29181	0	7	FC241244	5400.000000	0
5809	29511	0	7	FC241325	900.000000	0
5810	29387	0	7	FC241293	3500.000000	0
5810	28122	0	7	FC240993	750.000000	0
5811	29010	0	7	FC241195	27674.960000	0
5812	29785	0	7	FC241397	1429.400000	0
5813	29964	0	7	FC241439	780.000000	0
5813	29922	0	7	FC241432	1350.000000	0
5813	30177	0	7	FC241496	6750.000000	0
5814	29909	0	7	FC241428	1360.000000	0
5815	30139	0	7	FC241487	1350.000000	0
5816	30179	0	7	FC241497	2700.000000	0
5817	30181	0	7	FC241498	2890.000000	0
5818	29651	0	7	FC241357	16960.000000	0
5819	25925	0	7	FC240461	17740.000000	0
5819	26228	0	7	FC240527	2900.000000	0
5819	29148	0	7	FC241235	5779.200000	0
5821	29889	0	7	FC241425	7017.200000	0
5822	30280	0	7	FC250000	1200.000000	0
5823	31138	0	7	FC250217	3855.000000	0
5823	31996	0	7	FC250432	1275.000000	0
5824	32065	1	17	56425	1000.000000	0
5825	32065	1	17	56425	9000.000000	0
5826	32336	1	16	250201	2600.000000	0
5827	31281	0	7	FC250257	2075.000000	0
5828	31515	0	7	FC250323	4842.000000	0
5828	31868	0	7	FC250393	9950.000000	0
5830	29771	0	7	FC241391	9860.000000	0
5830	30270	0	7	FC241505	1900.000000	0
5831	32384	0	7	FC250529	3000.000000	0
5832	32453	0	7	FC250550	1200.000000	0
5833	29596	0	7	FC241344	280.500000	0
5833	29641	0	7	FC241356	1200.000000	0
5834	32410	0	7	FC250537	3840.000000	0
5835	28884	0	7	FC241162	800.000000	0
5836	30875	0	7	FC250151	13442.960000	0
5837	31091	0	7	FC250205	192000.000000	0
5837	31699	0	7	FC250361	9000.000000	0
5838	32243	0	7	FC250497	3360.000000	0
5839	32152	0	7	FC250472	717.000000	0
5840	32469	0	7	FC250556	3320.000000	0
5841	30271	0	7	FC241506	11540.000000	0
5842	27726	0	7	FC240899	2600.000000	0
5843	28802	0	7	FC241140	9750.000000	0
5844	29534	0	7	FC241328	960.000000	0
5844	29585	0	7	FC241340	3000.000000	0
5845	30401	0	7	FC250033	5040.000000	0
5846	32514	0	7	FC250568	18000.000000	0
5847	30943	0	7	FC250171	3150.000000	0
5848	32547	0	7	FC250577	1300.000000	0
5849	32457	0	7	FC250552	450.000000	0
5850	30878	0	7	FC250154	13500.000000	0
5850	31365	0	7	FC250280	3176.840000	0
5851	31492	0	7	FC250316	1800.000000	0
5852	31192	0	7	FC250231	300.000000	0
5853	30565	0	7	FC250066	7488.000000	0
5853	30566	0	7	FC250067	172800.000000	0
5855	32513	0	7	FC250567	1870.000000	0
5856	32294	0	7	FC250439	227662.800000	0
5857	29303	0	7	FC241271	591.000000	0
5858	32614	0	7	FC250600	480000.000000	0
5859	32614	0	7	FC250600	480000.000000	0
5854	31739	0	7	FC240322	17552.000000	0
5854	31741	0	7	FC240617	9596.000000	0
5860	31874	0	7	FC250397	8940.000000	0
5861	32065	1	17	56425	9999.980000	0
5862	31598	1	17	202500077	3840.000000	0
5863	31551	1	17	FAC20250204	7063.100000	0
5864	31591	1	17	250100224	499.920000	0
5864	32088	1	17	250300597	139.990000	0
5865	30510	1	17	241002214	58.000000	0
5866	32033	1	17	F2501820	3676.200000	0
5867	30527	1	17	M2412451	4730.410000	0
5867	31560	1	17	M2501566	7054.270000	0
5868	30511	1	17	FA2423166	3767.400000	0
5868	31564	1	17	FA2501750	264.000000	0
5868	32090	1	17	FA2505257	1154.400000	0
5869	32064	1	17	90018058	15660.000000	0
5870	30736	0	7	FC250113	1335.000000	0
5870	30977	0	7	FC250176	360.000000	0
5871	31069	0	7	FC250199	840.000000	0
5872	28320	0	7	FC241029	4000.000000	0
5872	28804	0	7	FC241142	1750.000000	0
5872	29007	0	7	FC241193	475.000000	0
5873	31741	0	7	FC240617	4.000000	0
5874	29946	0	7	FC241437	44418.000000	0
5875	29749	0	7	FC241382	6120.000000	0
5876	32798	0	7	FC250647	780.000000	0
5877	32543	0	7	FC250576	948.000000	0
5878	32662	0	7	FC250613	170.000000	0
5879	32523	0	7	FC250570	948.000000	0
5880	32784	0	7	FC250643	432.000000	0
5881	32747	0	7	FC250635	1500.000000	0
5882	32611	0	7	FC250598	402.000000	0
5883	32721	0	7	FC250628	5940.000000	0
5884	32713	0	7	FC250627	3900.000000	0
5885	32726	0	7	FC250629	2400.000000	0
5886	31032	0	7	FC250188	16200.000000	0
5886	31352	0	7	FC250272	1600.000000	0
5887	31970	0	7	FC250118	14915.800000	0
5887	31459	0	7	FC250308	23746.510000	0
5887	31460	0	7	FC250309	51007.970000	0
5888	32465	0	7	FC250555	2320.000000	0
5889	32575	0	7	FC250583	1839.980000	0
5890	31973	0	7	FC250429	1360.000000	0
5891	32534	0	7	FC250573	6000.000000	0
5892	32387	0	7	FC250530	7540.000000	0
5893	32421	0	7	FC250540	9600.000000	0
5894	31890	0	7	FC250405	1560.000000	0
5895	32563	0	7	FC250580	6250.000000	0
5896	32522	0	7	FC250569	1560.000000	0
5897	31596	1	17	FA2501103	8787.120000	0
5898	32768	0	7	FC250642	2780.000000	0
5899	30964	0	7	FC250175	878.000000	0
5900	31248	0	7	FC250249	1350.000000	0
5901	31165	0	7	FC250226	30300.000000	0
5902	31446	0	7	FC250303	3000.000000	0
5904	32790	0	7	FC250645	6800.000000	0
5905	32967	0	7	FC250687	1200.000000	0
5906	32857	0	7	FC250663	1500.000000	0
5907	31952	0	7	FC250422	2400.000000	0
5908	32904	0	7	FC250673	100.000000	0
5909	32586	0	7	FC250592	500.000000	0
5910	32900	0	7	FC250671	948.000000	0
5911	32935	0	7	FC250678	350.000000	0
5912	32932	0	7	FC250674	1500.000000	0
5913	32786	0	7	FC250644	1080.000000	0
5914	32821	0	7	FC250653	560.000000	0
5915	31773	0	7	FC250370	4560.000000	0
5916	31616	0	7	FC250341	3750.000000	0
5917	33049	0	7	FC250706	14400.000000	0
5919	32265	0	7	FC250504	5244.000000	0
5918	31763	0	7	FC250368	127200.000000	0
5920	32681	0	7	FC250618	3900.000000	0
5921	32753	0	7	FC250636	60000.000000	0
5922	32598	0	7	FC250594	2080.000000	0
5923	32816	0	7	FC250652	2400.000000	0
5924	32422	0	7	FC250541	528.000000	0
5925	32765	0	7	FC250641	6000.000000	0
5926	32688	0	7	FC250620	11180.000000	0
5927	32730	0	7	FC250631	81000.000000	0
5928	32800	0	7	FC250649	27000.000000	0
5929	32759	0	7	FC250639	3800.000000	0
5930	32838	0	7	FC250658	3800.000000	0
5931	32634	0	7	FC250604	4800.000000	0
5932	32799	0	7	FC250648	30000.000000	0
5933	32791	0	7	FC250646	7500.000000	0
5934	33115	0	7	FC250724	528.000000	0
5935	33027	0	7	FC250702	3600.000000	0
5936	32990	0	7	FC250693	38400.000000	0
5937	32990	0	7	FC250693	90000.000000	0
5938	33060	0	7	FC250708	16200.000000	0
5939	33098	0	7	FC250718	9122.390000	0
5940	33098	0	7	FC250718	0.010000	0
5941	33053	0	7	FC250707	1500.000000	0
5942	33086	0	7	FC250715	6600.000000	0
5944	32052	0	7	FC250447	26400.000000	0
5945	32339	0	7	FC250519	3000.000000	0
5946	33049	0	7	FC250706	16908.000000	0
5946	33142	0	7	FR250017	-2508.000000	0
5948	31873	0	7	FC250396	8560.000000	0
5948	32581	0	7	FC250588	5200.000000	0
5949	31202	0	7	FC250235	33948.000000	0
5950	24607	0	6	FC231068	502200.000000	0
5951	31206	0	7	FC250237	1538.400000	0
5951	31313	0	7	FC250265	49200.000000	0
5952	33106	0	7	FC250720	4220.000000	0
5953	33165	0	7	FC250736	44100.000000	0
5954	30553	0	7	FC250063	4050.000000	0
5955	33177	0	7	FC250737	2840.000000	0
5956	33165	0	7	FC250736	44100.000000	0
5957	32151	0	7	FC250471	18930.000000	0
5958	33031	0	7	FC250703	1578.000000	0
5959	32538	0	7	FC250574	3000.000000	0
5959	33180	0	7	FC250738	3160.000000	0
5960	31892	0	7	FC250406	4478.880000	0
5960	33235	0	7	FR250018	-319.920000	0
5960	30580	0	7	FC250070	319.920000	0
5961	27517	0	7	FC240831	2960.000000	0
5961	29068	0	7	FC241212	968.000000	0
5962	33218	0	7	FC250751	242.000000	0
5963	32842	0	7	FC250659	45840.000000	0
5964	31119	0	7	FC250212	1500.000000	0
5964	31139	0	7	FC250218	4650.000000	0
5966	31212	0	7	FC250238	320.000000	0
5966	31242	0	7	FC250247	160.000000	0
5967	31046	0	7	FC250192	76800.000000	0
5968	31045	0	7	FC250191	76800.000000	0
5969	32893	0	7	FC250669	4000.080000	0
5970	31599	1	17	FA2501145	4599.600000	0
5971	32521	1	17	FA2502470	8287.200000	0
5972	32931	1	17	202500191	7680.000000	0
5973	32089	1	17	FA25037783	1500.000000	0
5974	32511	1	17	FC2500715	1200.000000	0
5975	32628	1	17	2025438	750.000000	0
5976	16867	1	16	FA23014617	5799.840000	0
5976	23086	1	16	FA23095610	880.010000	0
5977	28679	0	7	FC241120	54000.000000	0
5978	31721	0	7	FC240110	286296.000000	0
5978	31723	0	7	FC240181	79440.000000	0
5978	31725	0	7	FC240180	71778.000000	0
5979	30932	0	7	FC250167	108204.000000	0
5982	32399	0	7	FC250424	386628.000000	0
5983	33090	0	7	FC250717	955.000000	0
5984	33089	0	7	FC250716	30000.000000	0
5985	33004	0	7	FC250696	1435.200000	0
5986	32996	0	7	FC250695	3440.000000	0
5987	32849	0	7	FC250660	3900.000000	0
5988	32926	0	7	FC250676	2040.000000	0
5989	33007	0	7	FC250697	13520.000000	0
5990	33108	0	7	FC250721	2040.000000	0
5991	33076	0	7	FC250713	7800.000000	0
5992	33362	0	7	FC250796	1680.000000	0
5993	33226	0	7	FC250753	3000.000000	0
5994	33134	0	7	FC250728	144.000000	0
5995	33111	0	7	FC250723	450.000000	0
5996	33012	0	7	FC250699	800.000000	0
5997	33148	0	7	FC250732	140.000000	0
5998	33191	0	7	FC250744	42.000000	0
5999	31875	0	7	FC250398	4200.000000	0
6000	31632	0	7	FC250346	49315.200000	0
6000	31636	0	7	FC250348	6480.000000	0
6001	31362	0	7	FC250277	20917.110000	0
6002	31799	0	7	FC250378	5040.000000	0
6003	31534	0	7	FC250329	2800.000000	0
6004	32512	0	7	FC250566	5600.000000	0
6004	32593	0	7	FC250593	2400.000000	0
6005	32216	0	7	FC250487	1680.000000	0
6006	31907	0	7	FC250409	3700.000000	0
6006	32321	0	7	FR250014	-2074.950000	0
6007	32192	0	7	FC250480	2074.980000	0
6008	32192	0	7	FC250480	0.020000	0
6009	31201	0	7	FC250234	98403.000000	0
6012	31733	0	7	FC241095	22325.000000	0
6012	31735	0	7	FC241096	46255.000000	0
6012	31737	0	7	FC241097	14445.000000	0
6013	32231	0	7	FC250488	5040.000000	0
6015	33522	0	7	FC250842	800.000000	0
6016	32496	0	7	FC250562	2729.570000	0
6010	32282	0	7	FC250509	4560.000000	0
6017	33228	0	7	FC250754	1360.000000	0
6018	32286	0	7	FC250510	98400.000000	0
5743	33251	0	7	FC250765	18750.000000	0
6019	33251	0	7	FC250765	18750.000000	0
6019	33269	0	7	FC250774	960.000000	0
6020	33164	0	7	FC250735	3400.000000	0
6021	33200	0	7	FC250747	1360.000000	0
6022	33534	0	7	FC250845	3278.400000	0
6023	33503	0	7	FC250836	2210.000000	0
6024	33619	1	17	004584	192.500000	0
6025	33471	0	7	FC250827	3168.000000	0
6026	33581	0	7	FC250857	6000.000000	0
6027	33214	0	7	FC250750	287.040000	0
6028	33238	0	7	FC250756	319.920000	0
6029	33400	0	7	FC250806	528.000000	0
6030	30873	0	7	FC250149	12140.000000	0
6030	31361	0	7	FC250276	4500.000000	0
6031	31141	0	7	FC250219	1730.000000	0
6031	31323	0	7	FC250268	3600.000000	0
6032	31872	0	7	FC250395	7912.680000	0
6033	32632	0	7	FC250603	3500.000000	0
6034	30850	0	7	FC250143	319.920000	0
6035	31827	0	7	FC250383	1410.000000	0
6035	32328	0	7	FR250015	-160.000000	0
6035	32103	0	7	FC250459	160.000000	0
6036	33739	0	7	FC250896	1980.000000	0
6037	31426	0	7	FC250297	10050.000000	0
6037	31660	0	7	FC250352	13320.000000	0
6037	31931	0	7	FC250415	3420.000000	0
6037	31932	0	7	FC250416	2394.000000	0
6037	31933	0	7	FC250417	9000.000000	0
6038	33639	0	7	FC250870	1280.000000	0
6039	33681	0	7	FC250883	1500.000000	0
6039	33685	0	7	FC250885	1500.000000	0
6040	33229	0	7	FC250755	43840.000000	0
6041	33063	0	7	FC250709	29700.000000	0
6042	31451	0	7	FC250305	2500.000000	0
6043	30604	0	7	FC250077	6000.000000	0
6043	30684	0	7	FC250099	5040.000000	0
6044	30350	0	7	FC250016	2720.000000	0
6044	30408	0	7	FC250034	550.000000	0
6044	30526	0	7	FC250057	2005.840000	0
6044	30815	0	7	FC250133	4080.000000	0
6045	30523	0	7	FC250055	2260.000000	0
6046	29459	0	7	FC241311	12797.970000	0
6046	31170	0	7	FC250229	3010.000000	0
6047	30619	0	7	FC250081	1350.000000	0
6048	30380	0	7	FC250025	15000.000000	0
6049	29691	0	7	FC241369	2432.400000	0
6050	30357	0	7	FC250021	1600.000000	0
6050	30623	0	7	FC250082	450.000000	0
6050	31482	0	7	FC250314	980.000000	0
6051	30522	0	7	FC250054	2700.000000	0
6052	31195	0	7	FC250232	2200.000000	0
6052	31343	0	7	FC250270	225.000000	0
6053	30993	0	7	FC250180	2250.000000	0
6053	30915	0	7	FC250163	1360.000000	0
6054	29652	0	7	FC241358	13500.000000	0
6055	31057	0	7	FC250196	1500.000000	0
6056	31356	0	7	FC250274	6000.000000	0
6057	30955	0	7	FC250174	4350.000000	0
6058	29452	0	7	FC241309	7500.000000	0
6059	30941	0	7	FC250170	15000.000000	0
6060	31051	0	7	FC250194	6210.000000	0
6061	30914	0	7	FC250162	4980.000000	0
6061	31320	0	7	FC250267	2400.000000	0
6062	31278	0	7	FC250255	15000.000000	0
6063	31309	0	7	FC250263	840.000000	0
6064	31062	0	7	FC250197	15000.000000	0
6065	31439	0	7	FC250301	1080.000000	0
6065	31852	0	7	FC250389	3644.000000	0
6065	30563	0	7	FC250065	988.200000	0
6065	30639	0	7	FR250001	-2700.000000	0
6065	30586	0	7	FC250071	2700.000000	0
6065	30597	0	7	FC250076	450.000000	0
6065	30321	0	7	FC250009	1429.400000	0
6066	30451	0	7	FC250042	6492.000000	0
6067	32568	0	7	FC250581	34250.000000	0
6068	30453	0	7	FC250044	6000.000000	0
6068	30561	0	7	FC250064	15000.000000	0
6069	30329	0	7	FC250013	6000.000000	0
6069	30706	0	7	FC250106	15090.000000	0
6069	30803	0	7	FC250131	1040.000000	0
6070	30352	0	7	FC250018	10880.000000	0
6071	30645	0	7	FC250087	8700.000000	0
6071	30481	0	7	FC250048	6996.400000	0
6071	30487	0	7	FC250049	320.000000	0
6072	29821	0	7	FC241405	1350.000000	0
6072	30130	0	7	FC241483	6000.000000	0
6072	30128	0	7	FC241482	1920.000000	0
6073	30435	0	7	FC250039	11254.000000	0
6074	31300	0	7	FC250262	1500.000000	0
6075	30989	0	7	FC250179	4080.000000	0
6075	31219	0	7	FC250239	550.000000	0
6075	31275	0	7	FC250254	4080.000000	0
6076	30980	0	7	FC250178	2205.000000	0
6076	31250	0	7	FC250250	375.000000	0
6077	33396	0	7	FC250804	1500.000000	0
6078	33454	0	7	FC250821	4800.000000	0
6079	33455	0	7	FC250822	1400.000000	0
6080	33455	0	7	FC250822	0.040000	0
6081	33532	0	7	FC250844	1400.000000	0
6082	33381	0	7	FC250800	6459.600000	0
6083	33579	0	7	FC250820	30000.000000	0
6084	33397	0	7	FC250805	1560.000000	0
6085	33611	0	7	FC250862	700.000000	0
6086	33615	0	7	FC250864	5220.000000	0
6087	33417	0	7	FC250811	15000.000000	0
6088	33508	0	7	FC250838	15000.000000	0
6089	32319	0	7	FC250515	1200.000000	0
6089	32320	0	7	FR250013	-700.000000	0
6089	32902	0	7	FC250672	9600.000000	0
6090	32392	0	7	FC250533	480.000000	0
6091	32277	0	7	FC250507	58204.800000	0
6092	33496	0	7	FC250833	1500.000000	0
6093	33577	0	7	FC250856	5916.000000	0
6094	33489	0	7	FC250830	160.000000	0
6095	33573	0	7	FC250855	320.000000	0
6096	33416	0	7	FC250810	1080.000000	0
6097	32106	0	7	FC250460	8064.000000	0
6097	32351	0	7	FC250522	15044.000000	0
6098	28728	0	7	FC241127	1350.000000	0
6099	29944	0	7	FC241436	450.000000	0
6100	32042	0	7	FC250445	2600.000000	0
6100	33085	0	7	FC250714	3680.000000	0
6101	33189	0	7	FC250742	18930.000000	0
6102	33109	0	7	FC250722	1500.000000	0
6103	32964	0	7	FC250686	1560.000000	0
6104	33857	0	7	FC250930	3000.000000	0
6105	33884	0	7	FC250936	3054.560000	0
6106	24713	0	6	FC231354	67441.080000	0
6107	33928	0	7	FC250949	4200.000000	0
6108	33869	0	7	FC250933	4200.000000	0
6111	33736	0	7	FC250892	3000.000000	0
6112	33648	0	7	FC250873	1500.000000	0
6113	33896	0	7	FC250939	528.000000	0
6114	33949	0	7	FC250954	528.000000	0
6115	33957	0	7	FC250957	3000.000000	0
6116	33944	0	7	FC250952	4200.000000	0
6109	33918	0	7	FC250946	2040.000000	0
6117	33344	1	17	20250050	4899.940000	0
6118	32083	1	17	FC250710	1100.000000	0
6119	33474	1	17	F2500640	16999.990000	0
6120	33395	1	17	250501177	300.000000	0
6121	32085	1	17	FA2506128	240.000000	0
6121	32087	1	17	FA2506127	889.200000	0
6122	32520	1	17	FC250928	3360.000000	0
6123	33694	0	7	FC250888	1200.000000	0
6123	33733	0	7	FC250891	4200.000000	0
6123	33844	0	7	FC250927	8400.000000	0
6123	33885	0	7	FC250937	4200.000000	0
6124	31028	0	7	FC250186	720.000000	0
6125	33993	0	7	FC250966	3000.000000	0
6126	33827	0	7	FC250915	3600.000000	0
6127	33461	0	7	FC250824	1300.000000	0
6128	33462	0	7	FC250825	612.000000	0
6129	31714	0	7	FC241458	72900.000000	0
6130	31464	0	7	FC250310	12000.000000	0
6131	32238	0	7	FC250496	50052.000000	0
6131	31142	0	7	FC250220	5760.000000	0
6132	33774	0	7	FC250899	3500.000000	0
6133	33670	0	7	FC250879	30000.000000	0
6134	33651	0	7	FC250874	4200.000000	0
6135	33631	0	7	FC250868	11820.880000	0
6136	33652	0	7	FC250875	4800.000000	0
6137	33655	0	7	FC250876	13760.120000	0
6138	33833	0	7	FC250918	2800.000000	0
6139	33792	0	7	FC250901	3400.000000	0
6140	33795	0	7	FC250902	1190.000000	0
6141	33591	0	7	FC250859	15000.000000	0
6142	33591	0	7	FC250859	15000.000000	0
6143	19883	0	7	FC230670	3800.000000	0
6143	20180	0	7	FC230733	6900.000000	0
6144	32194	0	7	FC250481	4034.920000	0
6145	30830	0	7	FC250135	2880.000000	0
6145	31115	0	7	FC250210	2480.020000	0
6145	31708	0	7	FC250363	1330.000000	0
6146	34055	0	7	FC250982	800.000000	0
6147	34055	0	7	FC250982	0.020000	0
6148	34170	0	7	FC251008	16392.000000	0
6149	31865	0	7	FC250391	24624.000000	0
6150	32970	0	7	FC250689	5520.000000	0
6151	32695	0	7	FC250622	360.000000	0
6151	32762	0	7	FC250640	60000.000000	0
6151	33481	0	7	FC250828	560.000000	0
6152	33199	0	7	FC250746	30000.000000	0
6152	33204	0	7	FC250748	1200.000000	0
6153	33673	0	7	FC250882	29700.000000	0
6154	33960	0	7	FC250958	7280.000000	0
6155	33960	0	7	FC250958	0.040000	0
6156	33999	0	7	FC250968	800.000000	0
6157	32757	0	7	FC250638	7500.000000	0
6158	32400	0	7	FC250503	228084.000000	0
6159	30897	0	7	FC250158	33546.000000	0
6159	32234	0	7	FC250493	82170.000000	0
6172	31507	0	7	FC250320	15830.000000	0
6172	31508	0	7	FC250321	3600.000000	0
6173	32830	0	7	FC250654	16200.000000	0
6173	32831	0	7	FC250655	12650.000000	0
6174	34044	0	7	FC250979	1356.000000	0
6175	33693	0	7	FC250887	1496.000000	0
6176	32365	0	7	FC250526	3600.000000	0
6176	32391	0	7	FC250532	22860.000000	0
6176	32416	0	7	FC250538	3300.000000	0
6176	32418	0	7	FC250539	1100.000000	0
6176	32458	0	7	FC250553	3600.000000	0
6176	32539	0	7	FC250575	20000.000000	0
6176	32680	0	7	FC250617	32400.000000	0
6176	32677	0	7	FC250615	150.000000	0
6176	32679	0	7	FC250616	4860.000000	0
6177	33140	0	7	FC250729	4225.000000	0
6179	34206	0	7	FC251018	4000.000000	0
6180	34124	0	7	FC250998	73500.000000	0
6181	34330	0	7	FC251051	700.000000	0
6183	31015	0	7	FR250003	-1749.750000	0
6183	30874	0	7	FC250150	1750.000000	0
6183	31878	0	7	FC250394	11200.000000	0
6184	32398	0	7	FC250518	55200.000000	0
6185	32398	0	7	FC250518	2400.000000	0
6186	34317	0	7	FC250853	24000.000000	0
6187	33431	0	7	FC250814	3360.000000	0
6188	30265	0	7	FC241503	67200.000000	0
6189	30265	0	7	FC241503	30.000000	0
6187	34449	0	7	FC250846	28676.000000	0
6190	34449	0	7	FC250846	61272.480000	0
6193	34355	0	7	FC251057	1680.000000	0
6194	32492	0	7	FC250560	11897.000000	0
6195	34000	0	7	FC250969	6000.000000	0
6196	33789	0	7	FC250900	900.000000	0
6197	33701	0	7	FC250889	3000.000000	0
6198	34106	0	7	FC250994	1400.000000	0
6199	34144	0	7	FC251002	2100.000000	0
6200	34101	0	7	FC250992	1400.000000	0
6201	34101	0	7	FC250992	0.040000	0
6202	34069	0	7	FC250985	3100.000000	0
6203	34114	0	7	FC250996	22800.000000	0
6204	34025	0	7	FC250975	4000.000000	0
6205	34227	0	7	FC251025	2400.000000	0
6206	34284	0	7	FC251039	30000.000000	0
6207	34111	0	7	FC250995	14200.000000	0
6208	34205	0	7	FC251017	16435.200000	0
6209	34244	0	7	FC251030	15000.000000	0
6210	34195	0	7	FC251015	1360.000000	0
6211	34304	0	7	FC251044	10900.000000	0
6212	34264	0	7	FC251036	57200.000000	0
6213	31944	0	7	FC250420	7750.000000	0
6213	32097	0	7	FC250458	7174.520000	0
6213	32483	0	7	FC250558	6000.000000	0
6214	33498	0	7	FC250834	24300.000000	0
6215	32582	0	7	FC250589	8220.000000	0
6215	33841	0	7	FC250924	1470.000000	0
6216	34472	0	7	FC251087	794.990000	0
6217	34475	0	7	FC251088	3000.000000	0
6218	33402	0	7	FC250807	1620.000000	0
6219	31766	0	7	FC250369	24000.000000	0
6220	31555	0	7	FC250332	3740.000000	0
6221	31672	0	7	FC250356	700.000000	0
6221	32000	0	7	FC250434	350.000000	0
6221	32876	0	7	FC250666	1758.000000	0
6221	33598	0	7	FC250860	1550.720000	0
6222	31712	0	7	FC241457	740880.000000	0
6223	31718	0	7	FC241456	842301.600000	0
6224	32437	0	7	FC250547	4176.000000	0
6224	33445	0	7	FC250819	816.000000	0
6225	34476	0	7	FC251089	1740.000000	0
6226	34492	0	7	FC251098	80.000000	0
6227	28882	0	7	FC241160	11200.000000	0
6227	30267	0	7	FC241504	750.000000	0
6230	33776	1	17	FA2503642	7320.000000	0
6231	32091	1	17	M2503408	2779.800000	0
6232	32933	1	17	FC251067	3000.000000	0
6232	33345	1	17	FC251244	3360.000000	0
6233	34637	0	7	FC251131	826.000000	0
6234	34605	0	7	FC251124	2400.000000	0
6235	34480	0	7	FC251090	6000.000000	0
6236	34393	0	7	FC251071	850.000000	0
6237	32579	0	7	FC250586	18439.980000	0
6238	34046	0	7	FC250981	800.000000	0
6239	28883	0	7	FC241161	3120.000000	0
6239	30194	0	7	FC241500	3300.000000	0
6240	30651	0	7	FC250089	66000.000000	0
6240	30652	0	7	FC250090	32000.000000	0
6241	34138	0	7	FC250977	12000.000000	0
6242	34614	0	7	FC251127	2800.000000	0
6243	33945	0	7	FC250953	3600.000000	0
6244	32925	0	7	FC250675	7860.000000	0
6244	33208	0	7	FC250749	1500.000000	0
6245	33798	0	7	FC250903	225.000000	0
6246	34706	0	7	FC251148	18930.000000	0
6247	34727	0	7	FC251153	4400.000000	0
6248	34381	0	7	FC251066	100.000000	0
6249	34374	0	7	FC251065	1500.000000	0
6250	34528	0	7	FC251107	750.000000	0
6251	34610	0	7	FC251126	1500.000000	0
6252	33279	0	7	FC250779	1600.000000	0
6252	33840	0	7	FC250923	3200.000000	0
6252	34495	0	7	FC251101	1600.000000	0
6253	32578	0	7	FC250585	1660.000000	0
6254	32889	0	7	FC250668	3600.000000	0
6254	32952	0	7	FC250681	6840.000000	0
6254	33196	0	7	FC250745	7500.000000	0
6254	33260	0	7	FC250770	1800.000000	0
6254	33264	0	7	FC250772	3600.000000	0
6254	33371	0	7	FC250798	10800.000000	0
6255	33181	0	7	FC250739	6144.000000	0
6256	33267	0	7	FC250773	3360.000000	0
6256	32225	0	7	FR250008	-1949.940000	0
6256	25852	0	7	FC240441	1949.940000	0
6257	25852	0	7	FC240441	0.060000	0
6258	33586	0	7	FC250858	3000.000000	0
6258	34442	0	7	FC251082	4500.000000	0
6259	34214	0	7	FC251021	1900.000000	0
6260	34811	0	7	FC251173	1040.000000	0
6261	33951	0	7	FC250955	88608.000000	0
6261	33953	0	7	FC250956	3312.000000	0
6262	34581	0	7	FC251120	1000.000000	0
6263	34581	0	7	FC251120	0.020000	0
6264	34433	0	7	FC251079	1370.000000	0
6265	34385	0	7	FC251067	5500.000000	0
6266	34329	0	7	FC251050	10400.000000	0
6267	34070	0	7	FC250986	2000.000000	0
6268	34070	0	7	FC250986	0.040000	0
6269	33605	0	7	FC250861	26025.000000	0
6269	33370	0	7	FC250797	1800.000000	0
6269	33323	0	7	FC250790	4500.000000	0
6270	33824	0	7	FC250912	5525.000000	0
6271	34949	0	7	FC251212	2600.000000	0
6272	34947	0	7	FC251211	2400.000000	0
6273	34855	0	7	FC251188	25138.000000	0
6274	33482	0	7	FC250829	3000.000000	0
6274	33512	0	7	FC250839	540.000000	0
6274	33529	0	7	FC250843	3000.000000	0
6274	33613	0	7	FC250863	1500.000000	0
6274	33682	0	7	FC250884	1200.000000	0
6275	33812	0	7	FC250909	30000.000000	0
6276	34854	0	7	FC251187	3700.000000	0
6178	34311	0	7	FC251047	6000.000000	0
6277	33803	0	7	FC250905	1500.000000	0
6278	33386	0	7	FC250802	117774.700000	0
6279	33386	0	7	FC250802	6329.300000	0
6280	33640	0	7	FC250871	4497.600000	0
6281	33640	0	7	FC250871	302.400000	0
6282	33105	0	7	FC250719	3500.000000	0
6282	33221	0	7	FC250752	143.520000	0
6282	33319	0	7	FC250789	360.000000	0
6283	32897	0	7	FC250619	1050.000000	0
6284	34994	0	7	FC251223	6000.000000	0
6285	34944	0	7	FC251210	25080.000000	0
6286	34226	0	7	FC251024	1200.000000	0
6287	34116	0	7	FC250997	1000.000000	0
6288	31224	0	7	FC250241	1465.000000	0
6289	32583	0	7	FC250590	3886.800000	0
6289	33280	0	7	FC250780	4629.600000	0
6289	33842	0	7	FC250925	2226.400000	0
6290	33853	0	7	FC250928	650.000000	0
6290	34086	0	7	FC250989	375.000000	0
6291	31866	0	7	FC250392	20000.000000	0
6292	31866	0	7	FC250392	15520.000000	0
6293	33278	0	7	FC250778	14677.100000	0
6295	30650	0	7	FC250088	3229.200000	0
6296	32054	0	7	FC250448	8073.000000	0
6298	35201	0	7	FC251276	19920.000000	0
6297	31651	0	7	FC250349	1260.000000	0
6299	32991	0	7	FC250694	2055.000000	0
6300	34201	0	7	FC251016	420.000000	0
6300	34849	0	7	FC251185	450.000000	0
6301	35225	0	7	FC251283	2040.000000	0
6302	35146	0	7	FC251264	3000.000000	0
6303	35203	0	7	FC251278	2100.000000	0
6304	35108	0	7	FC251247	2560.000000	0
6305	35119	0	7	FC251251	8100.000000	0
6306	33985	0	7	FC250963	4200.000000	0
6306	34029	0	7	FC250976	3000.000000	0
6306	34043	0	7	FC250978	6800.000000	0
6306	34402	0	7	FC251073	9800.000000	0
6307	34221	0	7	FC251022	340.000000	0
6308	31999	0	7	FC250433	27948.000000	0
6309	32498	0	7	FC250564	31062.000000	0
6310	34356	0	7	FC251058	36390.000000	0
6311	34487	0	7	FC251094	73800.000000	0
6313	33821	0	7	FC250911	26480.000000	0
6314	34486	0	7	FC251093	251100.000000	0
6315	30756	0	7	FC250117	74106.000000	0
6315	31449	0	7	FC250304	2670.000000	0
6316	31777	0	7	FC250371	14175.000000	0
6317	30568	0	7	FC250068	2200.000000	0
6317	30587	0	7	FC250072	7200.000000	0
6317	30611	0	7	FC250079	4400.000000	0
6317	30693	0	7	FC250103	1040.000000	0
6317	30745	0	7	FC250115	10160.000000	0
6317	30788	0	7	FC250128	2760.000000	0
6317	30833	0	7	FC250136	6800.000000	0
6317	31011	0	7	FC250184	880.000000	0
6317	31049	0	7	FC250193	2400.000000	0
6317	31116	0	7	FC250211	12000.000000	0
6317	31127	0	7	FC250213	160.000000	0
6318	33746	0	7	FC250897	15000.000000	0
6318	34126	0	7	FC250999	13100.000000	0
6319	33147	0	7	FC250731	860.000000	0
6320	33924	0	7	FC250947	1300.000000	0
6321	30588	0	7	FC250073	5400.000000	0
6322	34907	0	7	FC251175	40500.000000	0
6323	31405	0	7	FC250292	2879.930000	0
6323	31502	0	7	FC250318	760.000000	0
6323	31629	0	7	FC250344	2600.000000	0
6324	32487	0	7	FC250559	1520.000000	0
6324	32630	0	7	FC250602	3010.000000	0
6324	33434	0	7	FC250816	4244.960000	0
6325	34295	0	7	FC251043	1840.000000	0
6326	30381	0	7	FC250026	968.000000	0
6326	31289	0	7	FC250258	1120.000000	0
6326	31912	0	7	FC250410	1210.000000	0
6326	32859	0	7	FC250664	2400.000000	0
6326	32987	0	7	FR250016	-1280.000000	0
6327	34425	0	7	FC251078	828.000000	0
6328	34812	0	7	FC251174	3000.000000	0
6329	34723	0	7	FC251151	870.000000	0
6330	34778	0	7	FC251166	8585.000000	0
6331	35354	0	7	FC251322	1440.000000	0
6332	35300	0	7	FC251306	26250.000000	0
6333	35143	0	7	FC251263	700.000000	0
6334	33277	0	7	FC250777	350.000000	0
6335	32281	0	7	FC250508	5954.400000	0
6336	33521	0	7	FC250841	960.000000	0
6337	34544	0	7	FC251111	7200.000000	0
6338	33811	0	7	FC250908	113702.400000	0
6339	33437	0	7	FC250817	104097.600000	0
6340	31402	0	7	FC250291	16381.930000	0
6341	31402	0	7	FC250291	448.070000	0
6342	34537	0	7	FC251109	914.000000	0
6343	34713	0	7	FC251149	280.000000	0
6343	35002	0	7	FC251226	1500.000000	0
6343	35153	0	7	FC251266	320.000000	0
6345	34668	1	17	2507600	1436.500000	0
6346	34620	1	17	FA2504653	4454.400000	0
6347	33325	1	17	M2505522	1180.130000	0
6348	34916	1	17	FA25092367	3600.000000	0
6349	35081	1	17	F2504760	2256.620000	0
6350	35317	1	17	FA25092419	600.000000	0
6351	34859	0	7	FC251190	2400.000000	0
6352	34975	0	7	FC251217	900.000000	0
6352	34988	0	7	FC251221	975.000000	0
6353	34777	0	7	FC251165	1816.000000	0
6354	35009	0	7	FC251228	800.000000	0
6355	34884	0	7	FC251197	2500.000000	0
6356	34639	0	7	FC251132	1400.000000	0
6357	34639	0	7	FC251132	0.040000	0
6358	34659	0	7	FC251136	1884.000000	0
6359	34791	0	7	FC251170	2160.000000	0
6360	35349	0	7	FC251320	5000.000000	0
6361	35159	0	7	FC251268	60000.000000	0
6362	34925	0	7	FC251206	30000.000000	0
6363	35120	0	7	FC251252	2040.000000	0
6364	35029	0	7	FC251233	30000.000000	0
6365	35117	0	7	FC251249	8800.000000	0
6366	34534	0	7	FC251108	8250.000000	0
6367	35169	0	7	FC251270	6000.000000	0
6368	35323	0	7	FC251314	11140.000000	0
6369	34722	0	7	FC251150	30000.000000	0
6371	34067	0	7	FC250984	6000.000000	0
6371	34368	0	7	FC251062	8400.000000	0
6371	34437	0	7	FC251081	6804.000000	0
6372	35068	0	7	FC251242	400.000000	0
6373	35366	0	7	FC251323	140.000000	0
6374	35131	0	7	FC251260	100.000000	0
6375	35198	0	7	FC251275	400.000000	0
6376	33500	0	7	FC250835	3930.000000	0
6377	34786	0	7	FC251169	14160.000000	0
6378	35267	0	7	FC251294	8100.000000	0
6379	35556	0	7	FC251373	1080.000000	0
6380	34412	0	7	FC251076	349200.000000	0
6381	35514	0	7	FC251363	7020.000000	0
6382	35466	0	7	FC251352	1300.000000	0
6383	35428	0	7	FC251342	10660.000000	0
6384	35539	0	7	FC251369	11820.000000	0
6385	35000	0	7	FC251225	480.000000	0
6386	35431	0	7	FC251343	2880.000000	0
6387	35634	0	7	FC251389	20000.000000	0
6388	35634	0	7	FC251389	5400.000000	0
6389	34621	1	16	FA20250480	2108.640000	0
6390	31716	0	7	FC250365	48000.000000	0
6110	34360	0	7	FC251059	4560.000000	0
6110	35590	0	7	FC251378	4560.000000	0
6391	27671	0	7	FC240864	14292.000000	0
6392	35665	0	7	FC251396	1350.000000	0
6393	33838	0	7	FC250921	13247.080000	0
6394	35350	0	7	FC251321	2000.000000	0
6396	34135	1	17	M2506421	9829.970000	0
6397	34426	1	17	FA2514567	100000.000000	0
6398	34426	1	17	FA2514567	59831.000000	0
6395	35437	0	7	FC251345	6000.000000	0
6399	35318	1	17	90018518	7680.000000	0
6400	35285	0	7	FC251300	1400.000000	0
6401	35296	0	7	FC251303	2800.000000	0
6403	35595	0	7	FC251380	3400.000000	0
6404	35610	0	7	FC251385	2640.000000	0
6405	35297	0	7	FC251304	1900.000000	0
6406	35498	0	7	FC251359	6000.000000	0
6407	35716	0	7	FC251408	2360.000000	0
6408	35613	0	7	FC251386	6000.000000	0
6409	34193	0	7	FC251013	240.000000	0
6410	32577	0	7	FC250584	920.000000	0
6410	33276	0	7	FC250776	7140.000000	0
6410	33837	0	7	FC250920	360.000000	0
6410	34493	0	7	FC251099	4680.000000	0
6410	35422	0	7	FC251336	2800.000000	0
6411	35791	0	7	FC251425	822.000000	0
6412	35720	0	7	FC251409	3840.000000	0
6413	35271	0	7	FC251298	152268.000000	0
6415	34436	0	7	FC251080	4800.000000	0
6415	34511	0	7	FC251086	69699.900000	0
6416	34336	0	7	FC251053	2240.000000	0
6416	34452	0	7	FC251084	1620.000000	0
6416	34606	0	7	FC251125	1140.000000	0
6414	32497	0	7	FC250563	34482.000000	0
6414	33067	0	7	FC250710	7920.000000	0
6414	33555	0	7	FC250849	5664.000000	0
6414	33557	0	7	FC250850	5340.000000	0
6414	34491	0	7	FC251097	112680.000000	0
6414	34488	0	7	FC251095	112680.000000	0
6414	34364	0	7	FC251061	13468.000000	0
6414	34363	0	7	FC251060	46246.400000	0
6417	34656	0	7	FC251135	4500.000000	0
6418	33898	0	7	FC250940	18930.000000	0
6419	35383	0	7	FC251329	4500.000000	0
6420	34252	0	7	FC251033	6420.000000	0
6422	35708	0	7	FC251405	841.470000	0
6423	34551	0	7	FC251114	6144.000000	0
6423	35123	0	7	FC251254	13564.000000	0
6424	35773	0	7	FC251419	3480.000000	0
6425	35702	0	7	FC251404	2686.800000	0
6425	35812	0	7	FC251433	880.000000	0
6426	35666	0	7	FC251397	280.000000	0
6426	35846	0	7	FC251445	1100.000000	0
6427	35917	0	7	FC251458	1280.000000	0
6428	35807	0	7	FC251428	800.000000	0
6429	35787	0	7	FC251424	1300.000000	0
6430	35696	0	7	FC251403	3480.000000	0
6431	34003	0	7	FC250971	8640.000000	0
6431	34063	0	7	FC250983	19000.000000	0
6431	34255	0	7	FC251034	2400.000000	0
6431	34285	0	7	FC251040	3360.000000	0
6432	34800	0	7	FC251171	6000.000000	0
6433	35752	0	7	FC251414	1200.000000	0
6434	35735	0	7	FC251411	1950.000000	0
6435	35777	0	7	FC251422	6520.000000	0
6436	34688	0	7	FC251142	1500.000000	0
6436	34689	0	7	FC251143	750.000000	0
6437	34497	0	7	FC251103	3608.400000	0
6438	35322	0	7	FC251313	5293.440000	0
6439	33836	0	7	FC250919	15340.000000	0
6440	33283	0	7	FC250781	10740.000000	0
6441	32877	0	7	FC250667	6280.000000	0
6442	31901	0	7	FC250408	1140.000000	0
6443	32345	0	7	FC250520	5480.000000	0
6443	31958	0	7	FC250425	581.800000	0
6444	32409	0	7	FC250536	550.000000	0
6444	32236	0	7	FC250495	1794.000000	0
6445	32444	0	7	FC250548	2260.000000	0
6445	32206	0	7	FC250485	6000.000000	0
6445	32116	0	7	FC250462	2600.000000	0
6446	32435	0	7	FC250545	4670.000000	0
6446	32220	0	7	FC250489	2400.000000	0
6447	32138	0	7	FC250469	992.000000	0
6448	31883	0	7	FC250401	4019.000000	0
6449	32394	0	7	FC250534	4080.000000	0
6449	32227	0	7	FR250010	-600.000000	0
6449	31792	0	7	FC250376	3200.000000	0
6450	31918	0	7	FC250412	2700.000000	0
6451	32128	0	7	FC250466	600.000000	0
6451	32079	0	7	FC250454	8160.000000	0
6452	32529	0	7	FC250571	5539.600000	0
6453	32434	0	7	FC250544	1153.000000	0
6453	32462	0	7	FC250554	10377.000000	0
6453	32111	0	7	FC250461	9171.000000	0
6453	32125	0	7	FC250464	1270.000000	0
6454	32153	0	7	FC250473	1452.000000	0
6454	32086	0	7	FC250456	3670.000000	0
6455	34194	0	7	FC251014	9000.000000	0
6455	33456	0	7	FC250823	9000.000000	0
6456	32309	0	7	FC250513	1650.000000	0
6457	31392	0	7	FC250289	780.000000	0
6457	31876	0	7	FC250399	2691.000000	0
6458	31843	0	7	FC250387	3380.000000	0
6459	31386	0	7	FC250286	2800.000000	0
6460	32703	0	7	FC250625	1400.000000	0
6460	32700	0	7	FC250624	5899.800000	0
6460	32557	0	7	FC250579	7205.000000	0
6461	33409	0	7	FC250808	15129.800000	0
6462	31526	0	7	FC250328	3080.000000	0
6462	31851	0	7	FC250388	5895.600000	0
6462	31928	0	7	FC250414	450.000000	0
6463	32613	0	7	FC250599	6800.000000	0
6464	33284	0	7	FC250782	8160.000000	0
6465	33642	0	7	FC250872	9520.000000	0
6466	31518	0	7	FC250325	5840.000000	0
6467	31663	0	7	FC250353	1452.000000	0
6467	31842	0	7	FC250386	4080.000000	0
6468	31420	0	7	FC250296	12000.000000	0
6469	32640	0	7	FC250607	12000.000000	0
6469	32962	0	7	FC250685	6000.000000	0
6470	33551	0	7	FC250848	30000.000000	0
6471	32650	0	7	FC250610	9000.000000	0
6472	31670	0	7	FC250355	1500.000000	0
6473	32698	0	7	FC250623	6000.000000	0
6474	32638	0	7	FC250606	15000.000000	0
6475	33141	0	7	FC250730	3080.000000	0
6476	32728	0	7	FC250630	870.000000	0
6477	33020	0	7	FC250700	4050.000000	0
6478	32744	0	7	FC250634	4898.400000	0
6479	33043	0	7	FC250704	4800.000000	0
6479	32896	0	7	FC250670	12600.000000	0
6480	32961	0	7	FC250684	5100.000000	0
6481	33433	0	7	FC250815	3390.000000	0
6481	33520	0	7	FC250840	4500.000000	0
6482	31438	0	7	FC250300	1360.000000	0
6482	31786	0	7	FC250373	600.000000	0
6482	31790	0	7	FC250375	1360.000000	0
6482	31825	0	7	FC250381	340.000000	0
6483	32833	0	7	FC250656	14970.000000	0
6483	33162	0	7	FC250734	4120.000000	0
6483	32945	0	7	FC250680	1350.000000	0
6483	33024	0	7	FC250701	640.000000	0
6484	31635	0	7	FC250347	6000.000000	0
6485	31750	0	7	FC250366	2360.000000	0
6486	31826	0	7	FC250382	5040.000000	0
6487	31854	0	7	FC250390	10400.000000	0
6487	31779	0	7	FC250372	9640.000000	0
6488	31698	0	7	FC250360	4080.000000	0
6488	31709	0	7	FC250364	2070.000000	0
6488	32040	0	7	FC250443	4080.000000	0
6488	31412	0	7	FC250293	1650.000000	0
6488	31470	0	7	FC250311	3600.000000	0
6488	31615	0	7	FC250340	2700.000000	0
6489	33154	0	7	FC250733	1936.000000	0
6491	33467	0	7	FC250826	6000.000000	0
6491	33825	0	7	FC250913	9080.000000	0
6491	33829	0	7	FC250916	6000.000000	0
6492	33839	0	7	FC250922	5880.000000	0
6493	33422	0	7	FC250812	550.000000	0
6494	33632	0	7	FC250869	2257.600000	0
6495	33330	0	7	FC250791	3480.000000	0
6496	33413	0	7	FC250809	2720.000000	0
6497	33737	0	7	FC250894	15000.000000	0
6498	33358	0	7	FC250793	8930.000000	0
6499	35207	0	7	FC251281	8100.000000	0
6500	33800	0	7	FC250904	2190.000000	0
6501	33738	0	7	FC250895	7800.000000	0
6502	33130	0	7	FC250727	7596.000000	0
6502	32954	0	7	FC250682	4080.000000	0
6502	32673	0	7	FC250614	1794.000000	0
6503	32694	0	7	FC250621	2630.000000	0
6504	32647	0	7	FC250609	6000.000000	0
6505	33190	0	7	FC250743	3792.000000	0
6508	35879	0	7	FC251415	199962.000000	0
6509	36063	0	7	FC251491	1200.000000	0
6510	36057	0	7	FC251489	7955.500000	0
6511	35945	0	7	FC251465	780.000000	0
6512	34496	0	7	FC251102	1670.000000	0
6512	34827	0	7	FC251179	2940.000000	0
6512	35426	0	7	FC251340	5410.000000	0
6513	34880	0	7	FC251195	29943.950000	0
6514	35639	0	7	FC251391	4090.000000	0
6514	35764	0	7	FC251418	1680.000000	0
6514	35797	0	7	FC251427	552.000000	0
6516	35878	1	17	FA2520712	11592.000000	0
6517	35596	1	17	M2509550	3863.040000	0
6517	34836	1	17	M2508401	1661.640000	0
6517	34589	1	17	M2507551	7561.870000	0
6518	35902	1	17	FA251000088	7080.000000	0
6518	35903	1	17	FA251000089	32664.000000	0
6519	34310	0	7	FC251046	1400.000000	0
6519	34646	0	7	FC251133	960.000000	0
6519	35013	0	7	FC251229	1344.000000	0
6519	35890	0	7	FC251453	3368.000000	0
6520	36234	0	7	FC251535	9000.000000	0
6515	36231	0	7	FC251488	6800.000000	0
6521	35710	0	7	FC251406	2820.000000	0
6522	35693	1	17	F2505626	2177.440000	0
6522	35899	1	17	F2505973	531.600000	0
6524	36265	0	7	FC251542	1800.000000	0
6525	36167	0	7	FC251514	8100.000000	0
6526	36111	0	7	FC251507	700.000000	0
6526	36128	0	7	FC251508	1200.000000	0
6527	36022	0	7	FC251480	2000.000000	0
6528	35617	0	7	FC251387	280.000000	0
6529	36087	0	7	FC251501	210.000000	0
6530	36071	0	7	FC251498	1560.000000	0
6531	36219	0	7	FC251533	875.000000	0
6532	35059	0	7	FC251240	4980.000000	0
6533	34494	0	7	FC251100	15321.440000	0
6523	31068	0	7	FC250198	15000.000000	0
6523	31083	0	7	FC250203	2000.000000	0
6523	31293	0	7	FC250260	18045.000000	0
6523	31501	0	7	FC250317	920.000000	0
6523	31586	0	7	FC250337	18000.000000	0
6523	31432	0	7	FC250299	12714.000000	0
6523	32755	0	7	FC250637	4800.000000	0
6523	32807	0	7	FC250650	2750.000000	0
6523	32851	0	7	FC250661	9600.000000	0
6523	33009	0	7	FC250698	4200.000000	0
6523	31942	0	7	FC250418	10608.000000	0
6523	31877	0	7	FC250400	2378.700000	0
6523	31549	0	7	FR250005	-2340.000000	0
6523	31297	0	7	FC250261	6100.400000	0
6523	32509	0	7	FC250565	5750.000000	0
6523	32657	0	7	FC250612	1380.000000	0
6534	31310	0	7	FC250264	7189.400000	0
6534	31430	0	7	FC250298	3000.000000	0
6534	31474	0	7	FC250312	5653.000000	0
6536	35301	0	7	FC251307	104340.000000	0
6537	35308	0	7	FC251309	9360.000000	0
6538	36322	1	17	202500143	6750.000000	0
6539	34740	0	7	FC251157	22620.000000	0
6535	34892	0	7	FC251202	23674.800000	0
6540	34892	0	7	FC251202	3.200000	0
6541	35988	0	7	FC251472	13850.000000	0
6542	36135	0	7	FC251510	5400.000000	0
6543	36061	0	7	FC251490	2880.000000	0
6544	36101	0	7	FC251504	1200.000000	0
6545	35636	0	7	FC250941	23520.000000	0
6546	36252	0	7	FC251540	6200.000000	0
6547	36102	0	7	FC251505	5440.000000	0
6548	36213	0	7	FC251530	5320.000000	0
6549	36250	0	7	FC251538	16680.000000	0
6550	36281	0	7	FC251546	60000.000000	0
6551	36141	0	7	FC251512	900.000000	0
6552	36172	0	7	FC251516	1490.000000	0
6553	34697	0	7	FC251145	3420.000000	0
6553	34972	0	7	FC251216	13500.000000	0
6554	36349	1	17	M2510607	3712.560000	0
6555	36299	0	7	FC251551	1200.000000	0
6556	36245	0	7	FC251537	528.000000	0
6557	36268	0	7	FC251543	3000.000000	0
6558	36394	0	7	FC251574	21180.000000	0
6559	36293	0	7	FC251549	1250.000000	0
6560	34260	0	7	FC251035	33000.000000	0
6560	34334	0	7	FC251052	3000.000000	0
6561	34508	0	7	FC251104	15000.000000	0
6562	36435	0	7	FC251582	1040.000000	0
6563	35332	0	7	FC251318	9600.000000	0
6563	35952	0	7	FC251466	800.000000	0
6564	36436	0	7	FC251583	22320.000000	0
6565	31567	0	7	FR250007	-450.000000	0
6565	31895	0	7	FC250407	890.000000	0
6566	34902	0	7	FC251205	1920.000000	0
6566	36451	0	7	FC251589	19200.000000	0
6567	36446	0	7	FC251587	1600.000000	0
6568	36327	0	7	FC251557	4475.000000	0
6569	36308	0	7	FC251553	10125.000000	0
6570	35166	0	7	FC251269	1400.000000	0
6571	34666	0	7	FC251138	20200.000000	0
6572	36278	0	7	FC251545	1750.000000	0
6573	33721	0	7	FC250893	23800.000000	0
6574	31729	0	7	FC241100	342000.000000	0
6574	31731	0	7	FC241101	609552.000000	0
6575	35524	0	7	FC251364	14980.000000	0
6576	35427	0	7	FC251341	2500.000000	0
6577	36508	0	7	FC251602	2730.000000	0
6577	36603	0	7	FC251624	3920.000000	0
6578	36074	0	7	FC251416	112950.000000	0
6579	35407	0	7	FC251330	1026.000000	0
6580	34773	0	7	FC251163	5710.000000	0
6581	36367	0	7	FC251567	12000.000000	0
6582	36459	0	7	FC251591	1570.000000	0
6583	36485	0	7	FC251596	960.000000	0
6584	36491	0	7	FC251597	2000.000000	0
6585	35121	0	7	FC251253	1080.000000	0
6294	36659	0	7	FC251640	35620.260000	0
6586	36659	0	7	FC251640	35619.740000	0
6587	36620	0	7	FC251632	900.000000	0
6588	36654	0	7	FC251639	7650.000000	0
6590	36585	0	7	FC251619	1020.000000	0
6591	35039	0	7	FC251234	2394.000000	0
6591	35098	0	7	FC251244	18000.000000	0
6592	35374	0	7	FC251325	105000.000000	0
6593	35130	0	7	FC251259	55440.000000	0
6594	36148	0	7	FC251455	115200.000000	0
6595	33426	0	7	FC250813	3000.000000	0
6595	33624	0	7	FC250867	4200.000000	0
6595	33976	0	7	FC250962	4200.000000	0
6595	34097	0	7	FC250991	1800.000000	0
6595	34104	0	7	FC250993	8400.000000	0
6595	34233	0	7	FC251026	1050.000000	0
6596	36770	0	7	FC251672	10800.000000	0
6598	36681	0	7	FC251649	4942.040000	0
6599	36672	0	7	FC251646	8750.000000	0
6600	36587	0	7	FC251621	3120.000000	0
6601	36588	0	7	FC251622	900.000000	0
6602	36645	0	7	FC251637	3600.000000	0
6603	34829	0	7	FC251181	8830.140000	0
6604	34153	0	7	FC251005	3150.000000	0
6605	29941	0	7	FC241434	540.000000	0
6606	28376	0	7	FC241047	4757.990000	0
6606	33671	0	7	FC250880	650.000000	0
6607	34562	0	7	FC251117	4800.000000	0
6607	34600	0	7	FC251121	2400.000000	0
6608	34898	0	7	FC251203	1400.000000	0
6608	34971	0	7	FC251215	1680.000000	0
6609	36509	0	7	FC251603	9000.000000	0
6610	36959	0	7	FC251726	2400.000000	0
6611	34992	0	7	FC251222	612.000000	0
6611	35104	0	7	FC251245	287.040000	0
6611	35158	0	7	FC251267	9360.000000	0
6611	35313	0	7	FC251310	720.000000	0
6612	35246	0	7	FC251286	27036.000000	0
6613	34010	0	7	FC250972	33600.000000	0
6614	32424	0	7	FC250542	6600.000000	0
6614	32425	0	7	FC250543	2880.000000	0
6615	32436	0	7	FC250546	19800.000000	0
6616	33443	0	7	FC250818	16920.000000	0
6617	34373	0	7	FC251064	45360.000000	0
6618	35827	0	7	FC251438	28600.000000	0
6619	35825	0	7	FC251437	10330.000000	0
6620	36096	0	7	FC251503	528.000000	0
6620	35980	0	7	FC251471	528.000000	0
6621	36094	0	7	FC251502	1400.000000	0
6622	36395	0	7	FC251575	700.000000	0
6622	36442	0	7	FC251585	450.000000	0
6623	36438	0	7	FC251584	340.000000	0
6624	36342	0	7	FC251560	30000.000000	0
6625	36341	0	7	FC251559	30000.000000	0
6626	36176	0	7	FC251517	600.000000	0
6627	36297	0	7	FC251550	9600.000000	0
6628	35867	0	7	FC251448	154459.200000	0
6629	35064	0	7	FC251241	4000.000000	0
6630	35526	0	7	FC251365	1280.000000	0
6631	35527	0	7	FC251366	432.000000	0
6632	36042	0	7	FC251485	11440.000000	0
6633	35811	0	7	FC251432	9600.000000	0
6634	35912	0	7	FC251456	2860.000000	0
6635	36005	0	7	FC251475	2400.000000	0
6636	35975	0	7	FC251470	3040.000000	0
6637	36009	0	7	FC251477	1950.000000	0
6638	35970	0	7	FC251468	1750.000000	0
6639	36000	0	7	FC251473	20625.000000	0
6640	36758	0	7	FC251667	13180.000000	0
6641	36799	0	7	FC251678	800.000000	0
6642	36863	0	7	FC251702	6000.000000	0
6643	36706	0	7	FC251659	960.000000	0
6644	37049	0	7	FC251739	720.000000	0
6645	35319	0	7	FC251312	252000.000000	0
6646	35443	0	7	FC251346	2700.000000	0
6647	34886	0	7	FC251199	4750.000000	0
6648	31589	0	7	FC250338	33000.000000	0
6649	31794	0	7	FC250377	1656.000000	0
6649	31885	0	7	FC250403	9600.000000	0
6650	35289	0	7	FC251302	2179.800000	0
6651	36301	0	7	FC251552	14976.000000	0
6652	36788	0	7	FC251674	160.000000	0
6653	36789	0	7	FC251675	100.000000	0
6654	36813	0	7	FC251680	550.000000	0
6655	36592	0	7	FC251623	520.000000	0
6657	36764	0	7	FC251669	900.000000	0
6658	36572	0	7	FC251617	256.000000	0
6659	36553	0	7	FC251614	350.000000	0
6660	36549	0	7	FC251612	350.000000	0
6661	36425	0	7	FC251580	360.000000	0
6662	37174	0	7	FC251772	4800.000000	0
6663	36554	0	7	FC251615	1500.000000	0
6664	36949	0	7	FC251724	2268.000000	0
6665	37106	0	7	FC251755	680.000000	0
6666	37097	0	7	FC251751	1400.000000	0
6667	37109	0	7	FC251757	2940.000000	0
6668	37062	0	7	FC251742	5100.000000	0
6668	37065	0	7	FC251743	2550.000000	0
6670	35861	0	7	FC251326	105000.000000	0
6671	35842	0	7	FC251442	65880.000000	0
6672	35371	0	7	FC251324	23160.000000	0
6673	35843	0	7	FC251443	85440.000000	0
6674	35940	0	7	FC251462	1680.000000	0
6674	35941	0	7	FC251463	231644.600000	0
6675	35835	0	7	FC251440	74160.000000	0
6677	35814	0	7	FC251434	7200.000000	0
6677	36912	0	7	FC251714	3455.000000	0
6678	35269	0	7	FC251296	1026.000000	0
6678	35410	0	7	FC251332	7500.000000	0
6678	35270	0	7	FC251297	3420.000000	0
6679	35105	0	7	FC251246	3552.000000	0
6679	35185	0	7	FC251272	1026.000000	0
6679	35186	0	7	FC251273	3000.000000	0
6679	35534	0	7	FC251367	24450.000000	0
6679	35535	0	7	FC251368	8970.000000	0
6680	36362	0	7	FC251565	1485.000000	0
6680	36465	0	7	FC251593	3825.000000	0
6681	35315	0	7	FC251311	450000.000000	0
6682	33428	0	7	FC250351	100100.000000	0
6682	32272	0	7	FC250506	176540.000000	0
6683	36171	0	7	FC251515	700.000000	0
6684	35919	0	7	FC251454	10088.000000	0
6685	36683	0	7	FC251650	4200.000000	0
6686	37222	0	7	FC251786	3840.000000	0
6687	36577	0	7	FC251618	16629.000000	0
6688	32865	0	7	FC250665	18180.000000	0
6490	33550	0	7	FC250847	7768.000000	0
6689	35206	0	7	FC251280	4200.000000	0
6690	32012	0	7	FC250437	9429.700000	0
6690	32197	0	7	FC250482	4075.000000	0
6691	34826	0	7	FC251178	2100.000000	0
6692	34828	0	7	FC251180	1965.000000	0
6692	35425	0	7	FC251339	3240.000000	0
6692	36689	0	7	FC251654	65800.000000	0
6693	32261	0	7	FC250502	27000.000000	0
6694	35204	0	7	FC251279	102903.780000	0
6695	35204	0	7	FC251279	1886.220000	0
6696	35248	0	7	FC251288	10704.000000	0
6696	35249	0	7	FC251289	34080.000000	0
6697	35251	0	7	FC251291	21990.000000	0
6697	35253	0	7	FC251292	222512.400000	0
6698	35128	0	7	FC251257	133960.000000	0
6698	35640	0	7	FC251392	87000.000000	0
6699	37016	0	7	FC251731	28800.000000	0
6699	37040	0	7	FC251736	28800.000000	0
6700	36541	0	7	FC251609	23760.000000	0
6701	36538	0	7	FC251607	110598.000000	0
6701	36540	0	7	FC251608	141000.000000	0
6702	36544	0	7	FC251611	12300.000000	0
6703	36550	0	7	FC251613	47080.000000	0
6704	34856	0	7	FC251189	26600.000000	0
6705	36995	0	7	FC251728	6400.000000	0
6706	36994	0	7	FC251727	30000.000000	0
6707	36994	0	7	FC251727	30000.000000	0
6708	37036	0	7	FC251734	12000.000000	0
6709	36730	0	7	FC251663	3600.000000	0
6710	37100	0	7	FC251752	3480.000000	0
6711	36726	0	7	FC251662	1360.000000	0
6712	36586	0	7	FC251620	700.000000	0
6713	34835	0	7	FC251182	114000.000000	0
6719	35541	0	7	FC251370	74760.000000	0
6720	36202	0	7	FC251526	43200.000000	0
6721	37270	0	7	FC251797	128.000000	0
6722	37031	0	7	FC251733	350.000000	0
6723	36422	0	6	FC251579	360.000000	0
6725	36618	0	7	FC251631	3600.000000	0
6724	35852	0	7	FC251447	15144.000000	0
6724	37240	0	7	FC251790	3786.000000	0
6726	37305	0	7	FC251807	1080.000000	0
6727	37350	0	7	FC251820	3600.000000	0
6728	37297	0	7	FC251803	3000.000000	0
6728	37300	0	7	FC251804	6000.000000	0
6729	37249	0	7	FC251792	33900.000000	0
6730	37225	0	7	FC251787	1400.000000	0
6731	37255	0	7	FC251793	1900.000000	0
6732	37169	0	7	FC251770	30000.000000	0
6733	37101	0	7	FC251753	700.000000	0
6734	35964	0	7	FC251467	6339.880000	0
6735	33865	0	7	FC250931	18750.000000	0
6736	35451	0	7	FC251348	1050.000000	0
6737	33306	0	7	FC250788	1500.000000	0
6737	33359	0	7	FC250794	22565.000000	0
6737	33866	0	7	FC250932	6000.000000	0
6737	33913	0	7	FC250943	49200.000000	0
6738	36295	1	17	FA2506881	7288.800000	0
6739	28455	0	7	FC241064	530.000000	0
6740	36070	0	7	FC251497	18915.200000	0
6741	36523	1	17	FA2506991	4500.000000	0
6742	37026	1	17	FA25122640	136800.000000	0
6743	36754	1	17	F2506350	1861.010000	0
6744	37025	1	17	VFE2500277239	4909.540000	0
6745	36712	1	17	M2511531	6732.620000	0
6746	37197	1	17	F2025121253	24803.420000	0
6747	36728	1	17	90018745	3840.000000	0
6748	37021	1	17	FA2524119	43291.200000	0
6749	37020	1	17	FA20250349	8748.000000	0
6750	37022	1	17	FC250751	1219.990000	0
6751	37198	1	17	FA25122729	1200.000000	0
6752	37267	1	17	20251360	479.950000	0
6753	37306	1	17	F2506949	1344.000000	0
6754	37308	1	17	FA25122741	1200.000000	0
6755	37371	0	7	FC251825	1520.000000	0
6756	37405	0	7	FC260004	5200.000000	0
6757	35152	0	7	FC251265	2600.000000	0
6757	36655	0	7	FR250032	-749.700000	0
6757	35657	0	7	FC251394	5600.000000	0
6758	35118	0	7	FC251250	4170.000000	0
6759	36928	0	7	FC251720	280.000000	0
6759	37456	0	7	FC260016	2520.000000	0
6760	37196	1	17	FAC3022500223	2400.000000	0
6761	37446	0	7	FC260013	5200.000000	0
6762	35247	0	7	FC251287	768.000000	0
6762	35286	0	7	FC251301	2800.000000	0
6762	35465	0	7	FC251351	4800.000000	0
6763	37430	0	7	FC260010	1800.000000	0
6764	35775	0	7	FC251421	3000.000000	0
6764	35774	0	7	FC251420	28500.000000	0
6764	35648	0	7	FC251393	35422.500000	0
6764	35603	0	7	FC251382	3270.000000	0
6765	37397	0	7	FC260001	1600.000000	0
6766	37359	0	7	FC251822	3660.000000	0
6767	37416	0	7	FC260007	11700.000000	0
6768	36029	0	7	FC251482	35360.000000	0
6768	36030	0	7	FC251483	5440.000000	0
6769	37549	0	7	FC260029	16800.000000	0
6770	35423	0	7	FC251337	6400.000000	0
6771	35230	0	7	FC251285	26262.000000	0
6771	36186	0	7	FC251423	65586.000000	0
6771	36210	0	7	FC251528	24140.000000	0
6772	36001	0	7	FC251474	1290.000000	0
6773	34857	0	6	FR250022	-6000.000000	0
6773	34570	0	7	FC251119	7200.000000	0
6774	36067	0	7	FC251494	10709.800000	0
6775	35424	0	7	FC251338	9444.800000	0
6776	37636	0	7	FC260059	3420.000000	0
6777	37640	0	7	FC260061	3840.000000	0
6778	37638	0	7	FC260060	3840.000000	0
6779	36130	0	7	FC251509	13200.000000	0
6779	36564	0	7	FC251616	1600.000000	0
6780	36944	0	7	FC251723	3600.000000	0
6781	37673	0	7	FC260069	286.800000	0
6782	37605	0	7	FC260048	11520.000000	0
6783	37577	0	7	FC260040	2940.000000	0
6784	37630	0	7	FC260055	1080.000000	0
6785	37764	0	7	FC260095	2400.000000	0
6786	37417	0	7	FC260008	30000.000000	0
6787	37440	0	7	FC260011	1950.000000	0
6788	37321	0	7	FC251809	2340.000000	0
6789	37504	0	7	FC260024	2400.000000	0
6507	37800	0	7	FC260104	21762.000000	0
6790	37800	0	7	FC260104	21762.000000	0
6791	36893	0	7	FC251708	19200.000000	0
6791	37107	0	7	FC251756	15000.000000	0
6791	37406	0	7	FC260005	9600.000000	0
6792	37831	0	7	FC260114	140.000000	0
6793	37667	0	7	FC260067	600.000000	0
6794	37660	0	7	FC260065	60.000000	0
6795	37657	0	7	FC260064	240.000000	0
6796	37884	1	17	000606	192.500000	0
6797	37516	0	7	FC260025	2400.000000	0
6798	37573	0	7	FC260038	2040.000000	0
6799	30879	0	7	FC250155	12499.800000	0
6799	31366	0	7	FC250281	7540.000000	0
6799	31834	0	7	FC250385	13000.000000	0
6799	32132	0	7	FC250467	10100.000000	0
6799	32600	0	7	FC250595	7999.920000	0
6799	32957	0	7	FC250683	3620.000000	0
6799	33075	0	7	FC250712	8839.920000	0
6799	33747	0	7	FC250898	13099.800000	0
6800	37633	0	7	FC260058	9000.000000	0
6801	37318	0	7	FC251808	700.000000	0
6801	37328	0	7	FC251811	600.000000	0
6802	37619	0	7	FC260050	1950.000000	0
6803	37696	0	7	FC260077	3500.000000	0
6804	37623	0	7	FC260054	9000.000000	0
6805	37620	0	7	FC260051	1920.000000	0
6806	37854	0	7	FC260119	7000.000000	0
6807	37872	0	7	FC260122	2160.000000	0
6807	37875	0	7	FC260123	1200.000000	0
6808	37909	0	7	FC260130	2080.000000	0
6809	35589	0	7	FC251377	2400.000000	0
6809	35692	0	7	FC251402	1440.000000	0
6809	35824	0	7	FC251436	2880.000000	0
6809	35928	0	7	FC251459	720.000000	0
6809	36020	0	7	FC251478	840.000000	0
6810	37814	0	7	FC260108	3600.000000	0
6811	37432	1	17	M2512508	4296.450000	0
6812	37307	1	17	FA20250363	2232.000000	0
6813	37741	1	17	FA20260001	5904.000000	0
6814	37740	1	17	FA26012768	1800.000000	0
6815	37885	1	17	FA260050	1202.400000	0
6816	37892	1	17	FA2600889	22380.000000	0
6817	37895	1	17	FA20260017	372.000000	0
6818	35808	0	7	FC251429	1100.000000	0
6820	37811	0	7	FC260107	13000.000000	0
6821	37765	0	7	FC260096	1500.000000	0
6822	37776	0	7	FC260099	4060.000000	0
6823	37786	0	7	FC260102	4200.000000	0
6824	37976	0	7	FC260154	6000.000000	0
6825	36924	0	7	FC251718	6900.000000	0
6826	38010	0	7	FC260161	242.000000	0
6827	37383	0	7	FC251829	6565.370000	0
6828	37023	0	7	FC251732	2744.000000	0
6829	35598	0	7	FC251381	6600.000000	0
6830	37611	0	7	FC260049	2800.000000	0
6831	37901	0	7	FC260128	840.000000	0
6832	37517	0	7	FC260026	1000.000000	0
6833	37988	0	7	FC260157	5170.000000	0
6834	34601	0	7	FC251122	2400.000000	0
6835	38151	0	7	FC260195	5200.000000	0
6837	38075	0	7	FC260178	8400.000000	0
6838	35609	0	7	FC251384	2560.000000	0
6839	38057	0	7	FC260172	2400.000000	0
6840	38091	0	7	FC260183	3500.000000	0
6841	38152	0	7	FC260196	8400.000000	0
6842	38136	0	7	FC260190	11520.000000	0
6843	38186	0	7	FC260208	360.000000	0
6844	37919	0	7	FC260134	360.000000	0
6845	38162	0	7	FC260198	190.000000	0
6846	38163	0	7	FC260199	60.000000	0
6847	37492	0	7	FC260023	9600.000000	0
6848	37960	1	17	2026000034	7680.000000	0
6849	37818	0	7	FC260109	2040.000000	0
6850	38025	0	7	FC260165	640.000000	0
6851	38059	0	7	FC260174	11700.000000	0
6852	36198	0	7	FC251523	2366.700000	0
6852	36199	0	7	FC251524	32400.000000	0
6853	34817	0	7	FC251176	6480.000000	0
6854	37347	0	7	FC251817	2094.000000	0
6854	37967	0	7	FC260149	2280.000000	0
6855	36068	0	7	FC251495	700.000000	0
6856	31127	0	7	FC250213	3710.000000	0
6856	31229	0	7	FC250244	1290.000000	0
6856	31655	0	7	FC250350	6458.400000	0
6856	32389	0	7	FC250531	4965.000000	0
6856	32397	0	7	FC250535	225.000000	0
6856	32454	0	7	FC250551	3800.000000	0
6856	32552	0	7	FC250578	325.600000	0
6856	32571	0	7	FC250582	3800.000000	0
6856	32580	0	7	FC250587	1695.000000	0
6856	32609	0	7	FC250597	180.000000	0
6856	32928	0	7	FC250677	2400.000000	0
6856	33117	0	7	FC250725	2040.000000	0
6856	33187	0	7	FC250741	2400.000000	0
6856	33492	0	7	FC250832	192.000000	0
6856	33507	0	7	FC250837	5568.000000	0
6856	33561	0	7	FC250852	700.000000	0
6856	33692	0	7	FC250886	700.000000	0
6856	33910	0	7	FC250942	5600.000000	0
6856	33617	0	7	FC250865	3951.000000	0
6857	38035	1	17	M2601603	4039.920000	0
6858	38259	1	17	00652026	990.000000	0
6859	38257	1	17	202600004826	11520.000000	0
6862	38314	1	17	FA26022909	1200.000000	0
6863	38317	1	17	FA2600238	604.580000	0
6860	37961	1	17	90018923	7680.000000	0
6864	38260	0	7	FC260226	4800.000000	0
6865	38261	0	7	FC260227	4800.000000	0
6866	38276	0	7	FC260229	201.600000	0
6867	37001	0	7	FC251729	3072.000000	0
6868	30807	0	7	FC250132	420.000000	0
6868	31807	0	7	FC250380	3205.000000	0
6868	32167	0	7	FC250477	1810.000000	0
6868	32200	0	7	FC250483	840.000000	0
6868	32364	0	7	FC250525	1500.000000	0
6868	32636	0	7	FC250605	16520.000000	0
6868	32837	0	7	FC250657	900.000000	0
6869	35886	0	7	FC251452	2800.000000	0
6869	36045	0	7	FC251486	512.000000	0
6870	38311	0	7	FC260239	2040.000000	0
6871	38114	0	7	FC260187	30000.000000	0
6872	38209	0	7	FC260214	1275.000000	0
6873	37554	0	7	FC260032	3200.000000	0
6874	37858	0	7	FC260120	1950.000000	0
6875	37928	0	7	FC260136	450.000000	0
6876	38113	0	7	FC260186	30000.000000	0
6877	38181	0	7	FC260204	3460.000000	0
6878	38294	0	7	FC260236	30000.000000	0
6879	38224	0	7	FC260220	2400.000000	0
6880	38380	0	7	FC260257	1080.000000	0
6881	38385	0	7	FC260259	3500.000000	0
6882	38358	0	7	FC260253	2400.000000	0
6883	38389	0	7	FC260260	1200.000000	0
6884	31619	0	7	FC250342	54000.000000	0
6885	31620	0	7	FC250343	1080000.000000	0
6886	33034	0	7	FC250423	886872.000000	0
6160	33254	0	7	FC250767	66960.000000	0
6161	33295	0	7	FC250785	40512.000000	0
6162	33246	0	7	FC250762	31953.600000	0
6163	33257	0	7	FC250769	50400.000000	0
6164	33256	0	7	FC250768	30840.000000	0
6165	33250	0	7	FC250764	212160.000000	0
6166	33243	0	7	FC250760	101836.800000	0
6167	33261	0	7	FC250771	342873.600000	0
6168	33272	0	7	FC250775	175116.000000	0
6169	33242	0	7	FC250759	73411.200000	0
6170	33248	0	7	FC250763	45600.000000	0
6171	33245	0	7	FC250761	20988.000000	0
6192	33241	0	7	FC250758	745080.000000	0
6182	33252	0	7	FC250766	62676.000000	0
6191	33240	0	7	FC250757	34901.000000	0
6889	36354	0	7	FC251563	430.560000	0
6889	36429	0	7	FC251581	28800.000000	0
6890	36898	0	7	FC251711	31476.000000	0
6891	37170	0	7	FC251771	6840.000000	0
6892	35280	0	7	FC251299	1620.000000	0
6892	37301	0	7	FC251805	17500.000000	0
6894	36691	0	7	FC251656	31480.000000	0
6895	38352	0	7	FC260248	8140.000000	0
6896	35138	0	7	FC251262	750.000000	0
6897	38557	0	7	FC260303	12000.000000	0
6898	36665	0	7	FC251643	3080.000000	0
6899	38312	0	7	FC260240	3840.000000	0
6900	38027	0	7	FC260166	1600.000000	0
6901	38373	0	7	FC260256	2400.000000	0
6902	38038	0	7	FC260169	550.000000	0
6903	37105	0	7	FC251754	3000.000000	0
6904	37206	0	7	FC251783	35400.000000	0
6904	37176	0	7	FC251774	1500.000000	0
6904	37175	0	7	FC251773	2250.000000	0
6904	36269	0	7	FC251544	1500.000000	0
6905	38598	0	7	FC260310	2400.000000	0
6906	38506	0	7	FC260287	6000.000000	0
6907	38084	0	7	FC260182	2662.000000	0
6908	38305	0	7	FC260238	3000.000000	0
6909	38445	0	7	FC260272	10800.000000	0
6910	38652	0	7	FC260322	8000.000000	0
6911	38652	0	7	FC260322	1000.000000	0
6912	32969	0	7	FC250688	44160.000000	0
6913	31204	0	7	FC250236	154104.000000	0
6914	37399	0	7	FC260003	11194.000000	0
6915	38491	0	7	FC260281	6000.000000	0
6916	37644	0	7	FC260062	1800.000000	0
6917	38496	0	7	FC260284	7760.000000	0
6918	38189	0	7	FC260209	830.000000	0
6919	38118	0	7	FC260188	550.000000	0
6920	38218	0	7	FC260216	700.000000	0
6921	38211	0	7	FC260215	3520.000000	0
6922	38149	0	7	FC260194	550.000000	0
6923	38246	0	7	FC260225	3400.000000	0
6924	38675	0	7	FC260325	360.000000	0
6925	38665	0	7	FC260324	2520.000000	0
6926	38700	0	7	FC260332	396.000000	0
6927	37345	0	7	FC251815	1139.600000	0
6928	36688	0	7	FC251653	7952.000000	0
6929	38596	0	7	FC260309	1440.000000	0
6930	36859	0	7	FC251701	1070.000000	0
6931	36311	0	6	FC251555	1128000.000000	0
6932	37677	0	7	FC260071	5280.000000	0
6717	36766	0	7	FC251670	282960.000000	0
6716	36824	0	6	FC251683	1638600.000000	0
6715	36826	0	7	FC251685	423600.000000	0
6714	36825	0	6	FC251684	465600.000000	0
6888	36189	0	7	FC251521	2268960.000000	0
6887	36188	0	7	FC251520	37440.000000	0
6370	34803	0	7	FC251172	1609440.000000	0
6933	37801	0	7	FC260105	3000.000000	0
6934	36744	0	7	FC251665	1080.000000	0
6935	38592	1	17	FA26020908	480.000000	0
6936	38756	0	7	FC260345	3000.000000	0
6937	36069	0	7	FC251496	1470.000000	0
6937	36690	0	7	FC251655	4508.000000	0
6937	37349	0	7	FC251819	1600.000000	0
6937	37969	0	7	FC260151	1470.000000	0
6938	36916	0	7	FC251715	10700.000000	0
6938	37221	0	7	FC251785	9500.000000	0
6939	38488	0	7	FC260280	700.000000	0
6940	38662	0	7	FC260323	150.000000	0
6941	38823	0	7	FC260360	4800.000000	0
6942	38824	0	7	FC260361	4800.000000	0
6943	35050	0	7	FC251235	1280.000000	0
6944	38793	0	7	FC260352	1275.000000	0
6945	38687	0	7	FC260330	256.000000	0
6946	38625	0	7	FC260316	3550.000000	0
6947	38647	0	7	FC260320	5000.000000	0
6948	38899	0	7	FC260381	3400.000000	0
6949	36344	0	7	FC251562	60000.000000	0
6949	36355	0	7	FC251564	4800.000000	0
6950	34762	0	7	FC251160	1500.000000	0
6951	34632	0	7	FC251129	2170.000000	0
6951	36084	0	7	FC251499	3735.000000	0
6952	34235	0	7	FC251027	18020.000000	0
6952	34314	0	7	FC251048	3920.000000	0
6952	34352	0	7	FC251055	15400.000000	0
6953	34447	0	7	FC251083	22760.000000	0
6953	35226	0	7	FC251284	15000.000000	0
6953	35834	0	7	FC251439	8400.000000	0
6954	34867	0	7	FC251192	8597.800000	0
6955	34970	0	7	FC251214	4947.000000	0
6956	35088	0	7	FC251243	4080.000000	0
6957	35348	0	7	FC251319	2317.000000	0
6958	34957	0	7	FC251213	8600.000000	0
6959	34885	0	7	FC251198	2319.840000	0
6960	34943	0	7	FC251209	7500.000000	0
6961	35324	0	7	FC251315	2904.000000	0
6962	34546	0	7	FC251112	3588.000000	0
6506	32585	0	7	FC250591	9580.000000	0
6963	35327	0	7	FC251316	1120.000000	0
6964	34843	0	7	FC251183	3588.000000	0
6965	34626	0	7	FC251128	750.000000	0
6965	35491	0	7	FC251357	2844.000000	0
6966	34633	0	7	FC251130	15000.000000	0
6968	37748	0	7	FC260089	420.000000	0
6969	34764	0	7	FC251161	6000.000000	0
6969	35298	0	7	FC251305	7500.000000	0
6970	33856	0	7	FC250929	6000.000000	0
6971	34148	0	7	FC251004	5007.500000	0
6972	33988	0	7	FC250964	15000.000000	0
6973	34045	0	7	FC250980	2100.000000	0
6974	34241	0	7	FC251029	1360.000000	0
6975	34422	0	7	FC251077	550.000000	0
6976	33917	0	7	FC250945	4080.000000	0
6977	34140	0	7	FC251001	2040.000000	0
6978	34161	0	7	FC251007	1120.000000	0
6979	34093	0	7	FC250990	2720.000000	0
6979	34173	0	7	FC251010	21168.000000	0
6980	33877	0	7	FC250935	1520.000000	0
6980	33992	0	7	FC250965	1794.000000	0
6981	34001	0	7	FC250970	1660.000000	0
6982	33966	0	7	FC250959	3600.000000	0
6982	34386	0	7	FC251068	750.000000	0
6982	34022	0	7	FC250974	1620.000000	0
6982	34224	0	7	FC251023	5544.000000	0
6983	34485	0	7	FC251092	4500.000000	0
6984	34681	0	7	FC251141	4080.000000	0
6985	35553	0	7	FC251371	3920.000000	0
6986	35676	0	7	FC251401	4080.000000	0
6986	35728	0	7	FC251410	550.000000	0
6987	35713	0	7	FC251407	6000.000000	0
6988	35492	0	7	FC251358	15000.000000	0
6989	34742	0	7	FC251158	13600.000000	0
6990	34490	0	7	FC251096	6440.000000	0
6991	34482	0	7	FC251091	6000.000000	0
6992	33970	0	7	FC250961	1350.380000	0
6993	35458	0	7	FC251349	4980.000000	0
6994	35667	0	7	FC251398	6000.000000	0
6995	35971	0	7	FC251469	1500.000000	0
6996	36651	0	7	FC251638	1800.000000	0
6996	36381	0	7	FC251570	8368.800000	0
6996	35809	0	7	FC251430	780.000000	0
6997	36615	0	7	FC251629	7500.000000	0
6998	36365	0	7	FC251566	15000.000000	0
6999	36212	0	7	FC251529	7500.000000	0
6999	36759	0	7	FC251668	7500.000000	0
7000	36144	0	7	FC251513	4080.000000	0
7001	36513	0	7	FC251604	6000.000000	0
7002	36403	0	7	FC251576	80.710000	0
7002	36629	0	7	FC251634	7200.000000	0
7002	36182	0	7	FC251519	7379.600000	0
7002	36110	0	7	FC251506	690.000000	0
7003	36243	0	7	FC251536	5075.000000	0
7003	36492	0	7	FC251598	6600.000000	0
7004	38907	0	7	FC260384	587.500000	0
6510	38907	0	7	FC260384	3924.500000	0
7005	38902	0	7	FC260383	47620.000000	0
7006	38875	0	7	FC260375	1200.000000	0
7007	38694	0	7	FC260331	2213.700000	0
7008	36853	0	7	FC251697	157176.000000	0
7009	36612	0	7	FC251627	49584.000000	0
7010	36857	0	7	FC251700	18900.000000	0
7011	36851	0	7	FC251695	30240.000000	0
7012	36854	0	7	FC251698	48480.000000	0
7013	36852	0	7	FC251696	54000.000000	0
7014	36687	0	7	FC251652	2740.000000	0
7016	37714	0	7	FC260080	1200.000000	0
7016	37715	0	7	FC260081	2800.000000	0
7016	37888	0	7	FC260124	3825.000000	0
7017	38987	0	7	FC260402	9120.000000	0
7018	35377	0	7	FC251328	6480.000000	0
7019	36668	0	7	FC251644	2592.000000	0
7020	36669	0	7	FC251645	29795.040000	0
7021	38703	1	17	082026	1200.000000	0
7022	36830	0	7	FC251686	4000.000000	0
7015	32080	0	7	FC250455	2600.000000	0
7015	32944	0	7	FC250679	2600.000000	0
7023	38995	0	7	FC260404	800.000000	0
7024	36686	0	7	FC251651	11080.000000	0
7025	38956	1	17	VFE2600006679	294.000000	0
7026	38984	0	7	FC260401	2320.000000	0
7027	36846	0	7	FC251693	70104.000000	0
7028	37738	0	7	FC260084	121920.000000	0
7029	36664	0	6	FC251642	7746.000000	0
7030	36066	0	7	FC251493	3920.000000	0
7030	36753	0	7	FC251666	350.000000	0
7030	37343	0	7	FC251813	2400.000000	0
7030	37379	0	7	FC251828	700.000000	0
7031	37116	0	7	FC251759	3600.000000	0
7031	37177	0	7	FC251775	19269.000000	0
7033	39134	0	7	FC260444	10500.000000	0
7032	24631	0	7	FC240186	13082.320000	0
7034	38355	0	7	FC260251	262710.000000	0
7035	39212	0	7	FC260468	1080.000000	0
7036	39209	0	7	FC260467	960.000000	0
7037	39206	0	7	FC260466	6000.000000	0
7038	36882	0	7	FC251706	6750.000000	0
7039	39023	0	7	FC260408	340.000000	0
132	1007	0	7	FC200274	6900.000000	0
7041	39231	0	7	FC260472	1960.000000	0
7042	36625	0	7	FC251633	540.000000	0
7042	36703	0	7	FC251657	640.000000	0
7043	39041	0	7	FC260416	4250.000000	0
7044	38944	0	7	FC260392	6000.000000	0
7045	38457	0	7	FC260274	780.000000	0
7046	38475	0	7	FC260276	550.000000	0
7047	38879	0	7	FC260377	3120.000000	0
7048	38873	0	7	FC260374	3900.000000	0
7049	38878	0	7	FC260376	800.000000	0
7050	38283	0	7	FC260233	450.000000	0
7051	38339	0	7	FC260243	1300.000000	0
7052	38289	0	7	FC260235	880.000000	0
7053	38629	1	17	M2602487	1141.730000	0
7054	38482	1	17	FA2603307	8586.000000	0
7054	38589	1	17	FA2603606	9360.000000	0
7055	38590	1	17	FA2603863	3720.000000	0
7055	38649	1	17	FA2603862	2244.000000	0
7055	38786	1	17	FA2604507	6420.000000	0
7055	38896	1	17	FA2604723	1560.000000	0
7056	37743	0	7	FC260086	85449.640000	0
7057	37743	0	7	FC260086	602.360000	0
7058	38901	0	7	FC260382	33456.000000	0
7059	33843	0	7	FC250926	6853.800000	0
7060	37975	0	7	FC260153	3000.000000	0
7061	37679	0	7	FC260072	13680.000000	0
7062	39050	1	17	F261510	2499.980000	0
7063	38932	0	7	FC260390	800.000000	0
7064	38946	0	7	FC260393	350.000000	0
7065	38941	0	7	FC260391	3000.000000	0
7066	38831	0	7	FC260362	700.000000	0
7067	39136	0	7	FC260446	1200.000000	0
7068	39003	0	7	FC260406	3700.000000	0
7069	35058	0	7	FC251239	3930.000000	0
7070	34702	0	7	FC251147	1750.000000	0
7071	32811	0	7	FC250651	720.000000	0
7072	33360	0	7	FC250795	750.000000	0
7073	35051	0	7	FC251236	1300.000000	0
7073	35669	0	7	FC251399	1337.000000	0
7074	37158	0	7	FC251768	3360.000000	0
7075	37262	0	7	FC251795	1775.000000	0
7076	34549	0	7	FC251113	720.000000	0
7077	37833	0	7	FC260115	9600.000000	0
7078	38012	0	7	FC260162	30000.000000	0
7078	38030	0	7	FC260167	6800.000000	0
7078	38223	0	7	FC260219	11520.000000	0
7079	39147	0	7	FC260449	400.010000	0
7079	39151	0	7	FC260450	239.990000	0
7080	39066	0	7	FC260426	51365.000000	0
7081	39115	0	7	FC260438	2560.000000	0
7082	39262	0	7	FC260479	2400.000000	0
7083	39038	0	7	FC260414	8820.000000	0
7084	36607	0	7	FC251625	6480.000000	0
7085	37056	0	7	FC251741	2800.000000	0
7086	37339	0	7	FC251799	4030.000000	0
7087	37808	0	7	FC260106	2660.000000	0
7088	39312	0	7	FC260493	3544.000000	0
7089	39278	0	7	FC260485	21600.000000	0
7090	39288	0	7	FC260488	2340.000000	0
7091	39039	0	7	FC260415	4300.000000	0
7092	39343	0	7	FC260501	1400.000000	0
7093	39326	0	7	FC260497	1600.000000	0
7094	35844	0	7	FC251444	2700.000000	0
7095	36610	0	7	FC251626	310860.000000	0
7096	36613	0	7	FC251628	158110.800000	0
7097	39092	1	17	90019119	3840.000000	0
7098	37192	0	7	FC251777	1800.000000	0
7099	36375	0	7	FC251568	1260.000000	0
7100	34213	0	7	FC251020	11852.000000	0
7100	34238	0	7	FC251028	2527.200000	0
7101	37935	0	7	FC260137	88400.000000	0
7101	38646	0	7	FC260319	8400.000000	0
7102	36872	0	7	FC251704	139842.000000	0
7103	37674	0	7	FC260070	6120.000000	0
7104	36839	0	7	FC251690	3060.000000	0
7105	36841	0	7	FC251691	41976.000000	0
7106	36843	0	6	FC251692	186492.000000	0
7107	38539	0	7	FC260298	9180.000000	0
7109	33660	0	7	FC250878	45900.000000	0
7110	39499	0	7	FC260544	440.000000	0
7111	38281	0	7	FC260231	2300.000000	0
7111	38623	0	7	FC260315	1625.000000	0
7112	39293	0	7	FC260490	2000.000000	0
7113	39316	0	7	FC260494	1200.000000	0
7114	39375	0	7	FC260507	3840.000000	0
7115	39348	0	7	FC260502	350.000000	0
7116	39427	0	7	FC260525	4300.000000	0
7117	37535	0	7	FC260028	1750.000000	0
7118	37138	0	7	FC251764	1200.000000	0
7118	37246	0	7	FC251791	700.000000	0
7119	37086	0	7	FC251748	6112.800000	0
7120	38041	0	7	FC260171	4582.800000	0
7121	36190	0	7	FC251522	6105.600000	0
7122	36704	0	7	FC251658	2520.000000	0
7123	34130	0	7	FC251000	180.000000	0
7124	35416	0	7	FC251335	2600.000000	0
7124	35510	0	7	FC251362	2135.000000	0
7124	36484	0	7	FC251595	360.000000	0
7124	37133	0	7	FC251762	900.000000	0
7125	35052	0	7	FC251237	450.000000	0
7126	34986	0	7	FC251220	9744.000000	0
7127	34942	0	7	FC251208	2250.000000	0
7128	37396	0	7	FC260000	4800.000000	0
7128	37984	0	7	FC260156	4800.000000	0
7129	38527	0	7	FC260297	6300.000000	0
7129	39083	0	7	FC260430	6300.000000	0
7130	38630	0	7	FC260317	108000.000000	0
7131	39386	0	7	FC260509	7000.000000	0
7132	39386	0	7	FC260509	7200.000000	0
7133	39366	0	7	FC260505	350.000000	0
7134	39389	0	7	FC260512	1560.000000	0
7135	39423	0	7	FC260523	8750.000000	0
7136	39435	0	7	FC260527	5200.000000	0
7137	39495	0	7	FC260543	1050.000000	0
7138	39464	0	7	FC260533	3900.000000	0
7139	39052	0	7	FC260418	82160.000000	0
7140	39277	0	7	FC260484	10500.000000	0
7141	39470	0	7	FC260536	2736.000000	0
7142	39449	0	7	FC260530	2400.000000	0
7143	39387	0	7	FC260510	1200.000000	0
7144	38919	0	7	FC260386	150.000000	0
7145	39186	0	7	FC260459	24000.000000	0
7146	39215	0	7	FC260469	28500.000000	0
7147	39155	0	7	FC260451	820.000000	0
7148	37344	0	7	FC251814	3720.000000	0
7149	37653	0	7	FC260063	880.000000	0
7149	37783	0	7	FC260101	2000.000000	0
5837	37277	0	7	FC251800	14400.000000	0
7150	37277	0	7	FC251800	1800.000000	0
7152	38350	0	7	FC260246	12600.000000	0
7153	37117	0	7	FC251760	82518.000000	0
7154	39559	0	7	FC260559	5400.000000	0
7155	39565	0	7	FC260562	3500.000000	0
7156	39531	0	7	FC260554	850.000000	0
7157	39560	0	7	FC260560	3200.000000	0
7158	39570	0	7	FC260564	4680.000000	0
7159	38184	0	7	FC260206	21000.000000	0
7108	37521	0	7	FC260027	2961.000000	0
7108	37822	0	7	FC260111	91059.000000	0
7108	38024	0	7	FC260164	4860.000000	0
7108	38684	0	7	FC260329	2250.000000	0
7108	37709	0	7	FC260078	17430.000000	0
7160	38638	0	7	FC260318	4500.000000	0
7161	37578	0	7	FC260041	1680.000000	0
7161	37695	0	7	FC260076	1680.000000	0
7162	38723	0	7	FC260335	10800.000000	0
7163	36906	0	7	FC251713	2016.000000	0
7164	37240	0	7	FC251790	18930.000000	0
7165	37965	0	7	FC260147	2937.480000	0
7166	38512	0	7	FC260291	1785.600000	0
7167	38158	0	7	FC260197	1287.000000	0
7167	38302	0	7	FC260237	2580.000000	0
7167	38353	0	7	FC260249	8894.000000	0
7168	39264	0	7	FC260480	21900.000000	0
7168	39299	0	7	FC260491	1200.000000	0
7168	39515	0	7	FC260550	9600.000000	0
7168	39536	0	7	FC260555	1680.000000	0
7169	39678	0	7	FC260588	4760.000000	0
7170	39576	0	7	FC260565	18930.000000	0
7171	37002	0	7	FC251730	26360.000000	0
7172	39338	0	7	FC260499	3750.000000	0
7173	39417	0	7	FC260519	12605.000000	0
7174	39335	0	7	FC260498	2800.000000	0
7175	39202	0	7	FC260465	13500.000000	0
7176	39202	0	7	FC260465	13500.000000	0
7177	39554	1	17	AMF262736	1300.000000	0
7178	39537	1	17	M2603509	4559.330000	0
7180	39416	0	7	FC260518	3840.000000	0
7181	39552	0	7	FC260556	3500.000000	0
7183	39708	0	7	FC260595	1464.000000	0
7184	38797	0	7	FC260354	314400.000000	0
7185	38797	0	7	FC260354	314400.000000	0
7187	37561	0	7	FC260035	4200.000000	0
7188	39706	0	7	FC260594	12000.000000	0
7189	37455	0	7	FC260015	140.000000	0
7189	38022	0	7	FC260163	285.000000	0
7189	38822	0	7	FC260359	285.000000	0
7190	38895	0	7	FC260380	2100.000000	0
7191	37964	0	7	FC260146	6130.000000	0
7192	37632	0	7	FC260057	1800.000000	0
7193	36837	0	7	FC251689	22236.000000	0
7194	36377	0	7	FC251569	19452.000000	0
7195	37739	0	7	FC260085	9684.000000	0
7196	38494	0	7	FC260283	23744.100000	0
7197	39658	0	7	FC260583	2800.000000	0
7198	38094	0	7	FC260184	28206.000000	0
7198	38549	0	7	FC260300	25920.000000	0
7198	38550	0	7	FC260301	6000.000000	0
7199	39665	1	17	90019222	7680.000000	0
7200	39659	0	7	FC260584	320.000000	0
7201	39748	0	7	FC260611	1300.000000	0
7202	39523	0	7	FC260551	1300.000000	0
7203	39843	0	7	FC260637	4800.000000	0
7204	39845	0	7	FC260638	4800.000000	0
7205	39749	0	7	FC260612	275.000000	0
7206	39586	0	7	FC260567	550.000000	0
7207	39562	0	7	FC260561	550.000000	0
7208	39640	0	7	FC260577	800.000000	0
7209	39763	0	7	FC260617	160.000000	0
7210	37348	0	7	FC251818	34110.000000	0
7211	37842	0	7	FC260118	950.000000	0
7211	39191	0	7	FC260461	1400.000000	0
7211	39236	0	7	FC260474	104.000000	0
7212	35477	0	7	FC251356	93240.000000	0
7213	39934	0	7	FC260659	2400.000000	0
7214	39973	0	7	FC260669	1040.000000	0
7215	39800	0	7	FC260624	42200.000000	0
7216	39960	0	7	FC260664	720.000000	0
7217	39966	0	7	FC260668	3000.000000	0
7218	39848	0	7	FC260639	3360.000000	0
7219	39831	0	7	FC260633	2400.000000	0
7220	39760	0	7	FC260616	6000.000000	0
7221	39759	0	7	FC260615	5400.000000	0
7222	39807	0	7	FC260627	57000.000000	0
7223	39823	0	7	FC260631	1200.000000	0
7224	39823	0	7	FC260631	1200.000000	0
7225	39729	0	7	FC260599	1820.000000	0
7226	37968	0	7	FC260150	9280.000000	0
7226	38516	0	7	FC260295	1200.000000	0
7226	39054	0	7	FC260420	5000.000000	0
7227	39894	0	7	FC260650	2800.000000	0
7228	39866	0	7	FC260643	6115.000000	0
7229	39874	0	7	FC260645	800.000000	0
7230	39948	0	7	FC260652	3200.000000	0
7231	39787	0	7	FC260622	5550.000000	0
7232	39690	0	7	FC260590	15000.000000	0
7233	39424	0	7	FC260524	1400.000000	0
7234	39664	0	7	FC260586	1800.000000	0
7235	39614	0	7	FC260572	28500.000000	0
7236	39641	0	7	FC260578	2040.000000	0
7237	39443	0	7	FC260528	2400.000000	0
7238	39463	0	7	FC260532	5280.000000	0
7239	38509	0	7	FC260288	20144.000000	0
7239	38753	0	7	FC260344	8100.000000	0
7239	38926	0	7	FC260389	7824.000000	0
7240	39993	0	7	FC260676	4740.000000	0
7241	40054	0	7	FC260691	1300.000000	0
7241	40024	0	7	FC260683	23725.000000	0
7242	39876	0	7	FC260646	700.000000	0
7243	39898	0	7	FC260651	120.000000	0
7244	40029	0	7	FC260685	2400.000000	0
7245	39920	0	7	FC260656	550.000000	0
7246	40030	0	7	FC260686	280.000000	0
7247	39869	0	7	FC260644	550.000000	0
7248	35637	0	7	FC251390	38400.000000	0
7249	38368	0	7	FC260254	5978.000000	0
7250	33356	0	7	FC250792	8020.000000	0
7251	38511	0	7	FC260290	2990.000000	0
7252	38234	0	7	FC260222	17550.000000	0
7253	39087	0	7	FC260431	1179.000000	0
7253	39088	0	7	FC260432	5130.000000	0
7253	39272	0	7	FC260483	29400.000000	0
7254	38394	0	7	FC260261	1200.000000	0
7255	39587	0	7	FC260568	2800.000000	0
7256	38515	0	7	FC260294	5330.000000	0
7256	39055	0	7	FC260421	1470.000000	0
7257	37963	0	7	FC260145	4240.000000	0
7258	35376	0	7	FC251327	21300.000000	0
7260	40106	0	7	FC260708	2400.000000	0
7261	39691	0	7	FC260591	4800.000000	0
7262	39074	0	7	FC260370	20605.200000	0
7263	37476	0	7	FC260020	24000.000000	0
7264	39815	0	7	FC260629	700.000000	0
7264	39816	0	7	FC260630	700.000000	0
7265	38074	0	7	FC260177	4200.000000	0
7266	37601	0	7	FC260045	235.800000	0
7266	37602	0	7	FC260046	5540.000000	0
7266	37603	0	7	FC260047	1710.000000	0
7266	37711	0	7	FC260079	7500.000000	0
7267	38773	0	7	FC260349	3000.000000	0
7268	38764	0	7	FC260347	17384.400000	0
7269	38914	0	7	FC260385	11388.000000	0
7270	38952	0	7	FC260394	18180.000000	0
7271	37229	0	7	FC251789	1712.000000	0
7272	38736	0	7	FC260339	27424.100000	0
7273	37744	0	7	FC260087	3556.930000	0
7274	37735	0	7	FC260082	42240.000000	0
7275	37412	0	7	FC260006	540.000000	0
7275	37488	0	7	FC260022	8416.900000	0
7275	37966	0	7	FC260148	5768.000000	0
7275	38222	0	7	FC260218	2400.000000	0
7275	38513	0	7	FC260292	5520.000000	0
7275	38846	0	7	FC260366	2400.000000	0
7275	38851	0	7	FC260368	1200.000000	0
7275	39000	0	7	FC260405	1440.000000	0
7275	39307	0	7	FC260492	16770.000000	0
7275	39392	0	7	FC260513	900.000000	0
7275	39525	0	7	FC260553	1000.000000	0
7275	39734	0	7	FC260601	3580.000000	0
7276	40225	0	7	FC260739	4500.000000	0
7277	31747	0	7	FC241303	13230.000000	0
7278	38221	0	7	FC260217	2800.000000	0
7279	39667	0	7	FC260587	12000.000000	0
7280	39268	0	7	FC260482	2045.000000	0
7281	38325	0	7	FC260242	4500.000000	0
7282	40134	0	7	FC260717	280.000000	0
7283	40088	0	7	FC260701	372.000000	0
7284	40335	1	17	1260820	139.990000	0
7285	38313	0	7	FC260241	1680.000000	0
7286	40260	1	17	F262508	7399.990000	0
7287	40090	1	17	90019306	1824.000000	0
7288	37621	0	7	FC260052	1920.000000	0
7288	37827	0	7	FC260113	160.000000	0
7288	38138	0	7	FC260191	612.000000	0
7288	38198	0	7	FC260212	3600.000000	0
7288	38433	0	7	FC260271	960.000000	0
7288	38551	0	7	FC260302	180.000000	0
7288	38735	0	7	FC260338	2720.000000	0
7290	38893	0	7	FC260379	650.000000	0
7291	38960	0	7	FC260397	2000.000000	0
7292	40200	0	7	FC260733	3000.000000	0
7293	38797	0	7	FC260354	62400.000000	0
7294	40133	0	7	FC260716	836.000000	0
7295	40319	0	7	FC260760	5600.000000	0
7296	39958	0	7	FC260663	1040.000000	0
7297	40046	0	7	FC260689	7540.000000	0
7298	40160	0	7	FC260724	1680.000000	0
7299	40154	0	7	FC260722	4000.000000	0
7301	40201	0	7	FC260734	7000.000000	0
7302	40403	0	7	FC260784	4200.000000	0
7303	40271	0	7	FC260750	900.000000	0
7304	40267	0	7	FC260749	2000.000000	0
7305	40298	0	7	FC260754	400.000000	0
7306	40227	0	7	FC260741	550.000000	0
7307	40212	0	7	FC260737	200.000000	0
7308	40182	0	7	FC260730	550.000000	0
7309	40318	0	7	FC260759	830.000000	0
7310	39026	0	7	FC260410	3400.000000	0
7311	36209	0	7	FC251527	11340.000000	0
7314	39421	0	7	FC260522	504.000000	0
7315	32050	0	7	FC250446	59868.000000	0
7315	32021	0	7	FC250440	42240.000000	0
7315	33912	0	7	FC250906	5670.000000	0
7315	33810	0	7	FC250907	19200.000000	0
7315	34779	0	7	FC251167	3402.000000	0
7315	35415	0	7	FC251334	5670.000000	0
7315	34882	0	7	FC251196	23040.000000	0
7313	40459	0	7	FC260788	900.000000	0
7316	38514	0	7	FC260293	8560.000000	0
7316	39056	0	7	FC260422	3120.000000	0
7312	36458	0	7	FC251590	64000.000000	0
7312	36251	0	7	FC251539	2400.000000	0
7312	36504	0	7	FC251601	2140.000000	0
7312	36542	0	7	FC251610	2000.000000	0
7318	38721	0	7	FC260334	113400.000000	0
7319	32229	0	7	FC250492	108.000000	0
7320	33285	0	7	FC250783	7488.000000	0
7321	31452	0	7	FC250306	21600.000000	0
7322	38739	0	7	FC260340	48600.000000	0
7323	38743	0	7	FC260342	1000.000000	0
7323	38870	0	7	FC260372	40500.000000	0
7323	38872	0	7	FC260373	750.000000	0
7324	40514	0	7	FC260807	7200.000000	0
7325	40532	0	7	FC260814	2400.000000	0
7326	40265	0	7	FC260747	1600.000000	0
7327	40305	0	7	FC260757	570.000000	0
7328	40284	0	7	FC260752	34650.000000	0
7329	40320	0	7	FC260761	5200.000000	0
7330	36855	0	7	FC251699	1212.000000	0
7333	37970	0	7	FC260152	41430.150000	0
7333	38450	0	7	FR260004	-2480.000000	0
7334	39369	0	7	FC260506	780.000000	0
7335	40475	0	7	FC260799	720.000000	0
7336	40552	0	7	FC260820	1400.000000	0
7338	38585	1	17	FA20260047	12300.000000	0
7339	40571	0	7	FC260824	24240.000000	0
7340	40558	0	7	FC260821	1560.000000	0
7341	32474	0	7	FC250557	15920.000000	0
7341	32495	0	7	FC250561	8280.000000	0
7342	33297	0	7	FC250786	19760.000000	0
7343	33376	0	7	FC250799	12380.000000	0
7344	36797	0	7	FC251677	6000.000000	0
7345	36282	0	7	FC251547	30000.000000	0
7346	36932	0	7	FC251721	6800.000000	0
7346	36007	0	7	FC251476	13600.000000	0
7347	37134	0	7	FC251763	15000.000000	0
7348	37341	0	7	FC251812	450.000000	0
7348	37088	0	7	FC251749	2520.000000	0
7349	36879	0	7	FC251705	9900.000000	0
7349	36708	0	7	FC251660	640.000000	0
7350	36895	0	7	FC251709	777.000000	0
7350	37356	0	7	FC251821	7230.000000	0
7351	36812	0	7	FC251679	840.000000	0
7352	36835	0	7	FC251688	4080.000000	0
7353	37207	0	7	FC251784	3792.000000	0
7354	37372	0	7	FC251826	4080.000000	0
7355	37325	0	7	FC251810	1318.200000	0
7355	37067	0	7	FC251744	1040.000000	0
7355	37193	0	7	FC251778	1450.000000	0
7356	36937	0	7	FC251722	3000.000000	0
7356	37366	0	7	FC251824	70.000000	0
7356	37302	0	7	FC251806	4200.000000	0
7337	40597	0	6	FC260829	4560.000000	0
2950	37726	0	7	FR260001	-1040.000000	0
2950	37227	0	7	FC251788	1040.000000	0
7357	35127	0	7	FC251256	1060.000000	0
7358	39824	0	7	FC260632	108000.000000	0
7359	37737	0	7	FC260083	15564.680000	0
7360	37737	0	7	FC260083	109.720000	0
7361	39077	1	17	FA20260060	1752.000000	0
7362	37894	1	17	FA20260016	1488.000000	0
7363	38510	0	7	FC260289	1200.000000	0
7364	39058	0	7	FC260424	8400.000000	0
7365	39070	0	7	FC260427	26400.000000	0
7366	40643	0	6	FC260841	900.000000	0
7367	38365	1	17	FA20260031	90000.000000	0
7368	37071	0	7	FC251745	158352.000000	0
7369	36896	0	7	FC251710	256872.000000	0
7370	40487	0	7	FC260802	700.000000	0
7371	40336	0	7	FC260764	550.000000	0
7372	40529	0	7	FC260813	180.000000	0
7373	39110	0	7	FC260437	2500.000000	0
7373	39505	0	7	FC260546	5200.000000	0
7373	39507	0	7	FC260548	10644.000000	0
7374	40325	0	7	FC260762	1975.000000	0
7374	40623	0	6	FC260837	116.000000	0
7375	40708	0	6	FC260854	1200.000000	0
7376	40721	0	6	FC260859	11544.000000	0
7377	40621	0	6	FC260836	1200.000000	0
7378	40353	0	7	FC260769	1444.000000	0
7379	40562	0	7	FC260822	3280.000000	0
7380	40395	0	7	FC260780	2900.000000	0
7381	40522	0	7	FC260810	6000.000000	0
7382	40394	0	7	FC260779	1680.000000	0
7383	40374	0	7	FC260776	3500.000000	0
7384	40767	0	6	FC260873	15000.000000	0
7385	40767	0	6	FC260873	8100.000000	0
7386	40448	1	17	FA26063268	480.000000	0
7386	40509	1	17	FA26063274	720.000000	0
7387	40287	1	17	FA2610097	13608.000000	0
7387	40759	1	17	FA2612612	1591.200000	0
7388	38040	0	7	FC260170	5440.000000	0
7390	28491	0	7	FC241070	240000.000000	0
7391	28586	0	7	FC241094	21450.000000	0
7392	37202	0	7	FC251782	109200.000000	0
7393	37201	0	6	FC251781	1236261.600000	0
7394	37289	0	7	FC251780	152280.000000	0
7395	38679	0	7	FC260328	1400.000000	0
7395	38761	0	7	FC260346	1200.000000	0
7396	39049	0	7	FC260417	1500.000000	0
7397	39341	0	7	FC260500	34000.000000	0
7397	39982	0	7	FC260672	900.000000	0
7398	39990	0	7	FC260675	3060.000000	0
7399	38356	0	7	FC260252	115752.000000	0
7400	39429	0	7	FC260526	6512.640000	0
7401	40523	0	7	FC260811	336.000000	0
7402	39983	0	7	FC260673	17060.000000	0
7403	39739	0	7	FC260605	405.000000	0
7403	40121	0	7	FC260713	12150.000000	0
7403	40602	0	6	FC260833	7368.000000	0
7404	40980	0	6	FC260932	13500.000000	0
7405	40061	0	7	FC260693	1440.000000	0
7406	40254	0	7	FC260746	684000.000000	0
7408	40925	0	6	FC260917	3000.000000	0
7408	40928	0	6	FC260918	3000.000000	0
7409	40853	0	6	FC260895	600.000000	0
7410	40862	0	6	FC260900	13450.000000	0
7411	40903	0	6	FC260910	1400.000000	0
7412	40839	0	6	FC260890	520.000000	0
7413	40785	0	6	FC260878	1575.000000	0
7413	40792	0	6	FC260879	175.000000	0
7414	40804	0	6	FC260883	4800.000000	0
7415	40630	0	6	FC260839	1740.000000	0
7416	40678	0	6	FC260848	3600.000000	0
7417	34146	0	7	FC251003	3000.000000	0
7418	40732	0	6	FC260863	57020.000000	0
7419	40732	0	6	FC260863	20.000000	0
7419	40734	0	6	FC260864	57000.000000	0
7420	40725	0	6	FC260861	150.000000	0
7421	40878	0	6	FC260843	450.000000	0
7422	40910	0	6	FC260914	30.000000	0
7423	40842	0	6	FC260892	160.000000	0
7424	40881	0	6	FC260906	1400.000000	0
7425	40872	0	6	FC260904	550.000000	0
7426	40874	0	6	FC260905	700.000000	0
7427	40840	0	6	FC260891	450.000000	0
7428	40920	0	6	FC260916	30.000000	0
7429	39057	0	7	FC260423	4775.600000	0
7430	39649	0	6	FC260580	167419.500000	0
7431	38923	0	6	FC260388	271974.600000	0
7432	38923	0	6	FC260388	35.000000	0
